Date,IGV,IYR,IYT,SMH,VOX,XLB,XLE,XLF,XLI,XLK,XLP,XLU,XLV,XLY,XRT
2018-01-02,31.01187515258789,64.20486450195312,44.19266891479492,46.74335479736328,83.28165435791016,25.99567222595215,25.74726104736328,23.88414192199707,66.25483703613281,29.872922897338867,45.31455993652344,20.132583618164062,72.72335052490234,46.275230407714844,40.645870208740234
2018-01-03,31.388887405395508,64.10130310058594,44.24025344848633,47.4046630859375,81.97286224365234,26.17776107788086,26.132863998413086,24.012460708618164,66.6116943359375,30.122095108032227,45.29853820800781,19.974424362182617,73.41917419433594,46.487701416015625,40.6193733215332
2018-01-04,31.63294792175293,63.09759521484375,44.39431381225586,47.64683151245117,82.49999237060547,26.40642547607422,26.29059600830078,24.234874725341797,67.09912109375,30.274370193481445,45.42676544189453,19.808549880981445,73.52355194091797,46.64012908935547,40.38085174560547
2018-01-05,31.95638084411621,63.16132736206055,44.607276916503906,47.95420455932617,82.3182144165039,26.61815071105957,26.28008270263672,24.30331039428711,67.56045532226562,30.592758178710938,45.62712860107422,19.800830841064453,74.1498031616211,47.00961685180664,40.73421096801758
2018-01-08,32.13496398925781,63.51979446411133,44.96750259399414,48.28485870361328,82.79994201660156,26.656265258789062,26.43782615661621,24.269088745117188,67.83897399902344,30.708105087280273,45.73933792114258,19.986000061035156,73.88017272949219,47.06502914428711,40.90205001831055
2018-01-09,32.13099670410156,62.78693389892578,45.053592681884766,47.8331184387207,82.12735748291016,26.613910675048828,26.371225357055664,24.457292556762695,68.27418518066406,30.629657745361328,45.67522048950195,19.789262771606445,74.74996185302734,47.15742111206055,40.46918487548828
2018-01-10,32.13099670410156,62.0222053527832,45.09663391113281,47.19975280761719,81.38207244873047,26.453004837036133,26.339679718017578,24.66259765625,68.2654800415039,30.523548126220703,45.4508056640625,19.573240280151367,74.6194839477539,47.12508010864258,40.76071548461914
2018-01-11,32.44648361206055,61.80712127685547,46.16600036621094,47.42329788208008,82.1182632446289,26.800235748291016,26.8795108795166,24.782363891601562,69.13587188720703,30.648130416870117,45.38670349121094,19.49994468688965,74.9413070678711,47.89179611206055,41.76780319213867
2018-01-12,32.791744232177734,61.3052864074707,46.51944351196289,47.66545867919922,82.72721862792969,26.842580795288086,27.138914108276367,25.004783630371094,69.77996063232422,30.82807731628418,45.402732849121094,19.388072967529297,75.515380859375,48.51070785522461,42.24484634399414
2018-01-16,32.373077392578125,61.47258377075195,45.88052749633789,47.884342193603516,81.9819564819336,26.52922248840332,26.795381546020508,24.936342239379883,69.15327453613281,30.708105087280273,45.611114501953125,19.34564208984375,75.88939666748047,48.164306640625,41.34375762939453
2018-01-17,32.82548522949219,61.910667419433594,46.02553176879883,49.31407928466797,82.15463256835938,26.65202522277832,27.03024673461914,25.124540328979492,69.53624725341797,31.169538497924805,46.132057189941406,19.465229034423828,76.62000274658203,48.39523696899414,41.77663040161133
2018-01-18,32.91080856323242,61.3052864074707,46.052730560302734,49.677330017089844,81.91831970214844,26.63509178161621,26.809404373168945,25.0903263092041,69.1619644165039,31.22491455078125,45.99580764770508,19.341785430908203,76.63741302490234,48.353675842285156,41.891483306884766
2018-01-19,33.13501739501953,61.703556060791016,46.22038269042969,49.723899841308594,82.4636459350586,26.795995712280273,26.77434539794922,25.269968032836914,69.36216735839844,31.284894943237305,46.50874710083008,19.28392219543457,76.92445373535156,48.77397155761719,42.66888427734375
2018-01-22,33.408851623535156,62.205413818359375,46.42881774902344,50.21289825439453,84.07238006591797,26.732484817504883,27.352739334106445,25.475276947021484,69.36216735839844,31.589439392089844,46.86138153076172,19.31092643737793,77.4289321899414,49.314361572265625,43.207767486572266
2018-01-23,33.549739837646484,63.06574249267578,46.351776123046875,50.53889846801758,83.05443572998047,26.728242874145508,27.310678482055664,25.50093650817871,69.39698791503906,31.72787094116211,46.7091064453125,19.4960880279541,77.05491638183594,49.73006057739258,43.154754638671875
2018-01-24,33.35726547241211,62.84270095825195,45.68341827392578,49.51432800292969,83.4543228149414,26.842580795288086,27.237064361572266,25.67203140258789,69.33605194091797,31.483314514160156,46.80528259277344,19.376501083374023,77.28105926513672,49.94252014160156,42.854400634765625
2018-01-25,33.371150970458984,62.72321701049805,44.962974548339844,48.71331024169922,83.87245178222656,27.020429611206055,27.02323341369629,25.62070083618164,69.40570068359375,31.427940368652344,46.82931900024414,19.67738914489746,77.94206237792969,49.854759216308594,42.71305465698242
2018-01-26,33.93864440917969,62.747108459472656,45.42515182495117,50.264122009277344,84.51775360107422,27.138994216918945,27.170459747314453,25.80890464782715,70.20645904541016,31.926271438598633,47.05374526977539,19.688962936401367,79.62079620361328,50.34435272216797,43.14592361450195
2018-01-29,33.53981018066406,61.94255065917969,45.37076950073242,50.170989990234375,83.74517822265625,26.82987403869629,26.76032829284668,25.706249237060547,69.73644256591797,31.635591506958008,46.8693962097168,19.43821907043457,79.40335083007812,50.20579528808594,43.075260162353516
2018-01-30,33.21638107299805,61.60798645019531,44.75680160522461,49.18833541870117,83.69975280761719,26.63509178161621,26.22049903869629,25.37262535095215,69.18807983398438,31.349498748779297,46.556827545166016,19.472938537597656,77.73336791992188,49.95637512207031,42.11233901977539
2018-01-31,33.76403045654297,62.57982635498047,44.78171920776367,49.60281753540039,83.79060363769531,26.656265258789062,26.238018035888672,25.441059112548828,69.39698791503906,31.584823608398438,46.34043502807617,19.688962936401367,76.62870025634766,49.794715881347656,41.71479797363281
2018-02-01,33.656890869140625,61.53629684448242,44.53024673461914,49.300106048583984,84.49955749511719,26.292091369628906,26.507938385009766,25.68058204650879,69.27511596679688,31.612510681152344,46.140079498291016,19.3803653717041,76.65480041503906,49.24046325683594,41.281925201416016
2018-02-02,32.990169525146484,60.9069709777832,43.57415771484375,47.92626190185547,82.6727066040039,25.601865768432617,25.40022850036621,25.11598777770996,67.88249969482422,30.675813674926758,45.25846481323242,19.241485595703125,75.57626342773438,48.76935577392578,40.18649673461914
2018-02-05,31.968284606933594,58.947391510009766,42.26239013671875,45.76536560058594,79.76424407958984,24.623695373535156,24.33458137512207,23.849916458129883,64.80127716064453,29.39303970336914,43.615474700927734,18.925167083740234,72.22756958007812,47.12508010864258,38.88787841796875
2018-02-06,32.482208251953125,59.15449905395508,42.957923889160156,47.451236724853516,79.95510864257812,25.428251266479492,24.52738380432129,24.286205291748047,65.98501586914062,30.237457275390625,44.096336364746094,18.643571853637695,73.02776336669922,48.330570220947266,40.01863479614258
2018-02-07,32.42267990112305,58.92347717285156,43.077999114990234,46.19846725463867,80.15505981445312,25.19959259033203,24.117250442504883,24.30331039428711,66.10687255859375,29.8498477935791,43.90400695800781,18.55484390258789,72.94078063964844,48.182769775390625,40.41617965698242
2018-02-08,30.948379516601562,57.18693161010742,41.44224166870117,44.358917236328125,77.401123046875,24.314577102661133,23.38812255859375,23.23399543762207,63.556602478027344,28.613224029541016,42.95826721191406,18.34653663635254,70.40969848632812,46.261390686035156,39.25007629394531
2018-02-09,31.577388763427734,58.373844146728516,41.376548767089844,45.51853942871094,77.55563354492188,24.73802375793457,23.37059211730957,23.6788330078125,64.24421691894531,29.314590454101562,43.04643249511719,18.732290267944336,71.40996551513672,46.570831298828125,39.52394104003906
2018-02-12,32.06749725341797,58.549110412597656,42.03581237792969,46.4825553894043,78.4190673828125,25.237701416015625,23.752676010131836,24.012460708618164,65.27999114990234,29.840625762939453,43.487239837646484,18.875022888183594,72.07968139648438,47.20359420776367,39.515098571777344
2018-02-13,32.26592254638672,58.99518585205078,42.35073471069336,46.38941955566406,78.68266296386719,25.174182891845703,23.654529571533203,24.115110397338867,65.42796325683594,29.914451599121094,43.68760681152344,18.95988655090332,72.13188934326172,47.44841003417969,39.70945739746094
2018-02-14,32.863182067871094,58.70840072631836,42.740413665771484,47.37672424316406,78.90080261230469,25.51294708251953,23.998062133789062,24.688261032104492,66.25483703613281,30.463552474975586,43.66355895996094,18.747716903686523,72.94950866699219,48.20588302612305,40.433841705322266
2018-02-15,33.68069839477539,59.2899284362793,43.05533218383789,47.972835540771484,80.70948791503906,25.703493118286133,23.938472747802734,24.82513427734375,67.25579071044922,31.04495620727539,44.38487243652344,19.16433334350586,73.75839233398438,48.63542175292969,40.90205001831055
2018-02-16,33.61719512939453,59.79176712036133,42.89675521850586,47.8703727722168,81.07303619384766,25.610336303710938,23.878875732421875,24.790916442871094,67.2732162475586,30.998821258544922,44.561180114746094,19.334064483642578,74.28895568847656,48.399864196777344,40.82255172729492
2018-02-20,33.79777145385742,59.05095291137695,42.23293685913086,48.8204231262207,80.02783203125,25.49600601196289,23.74917984008789,24.713930130004883,66.59431457519531,31.026487350463867,43.551353454589844,19.08332633972168,73.47138977050781,48.25205612182617,40.01863479614258
2018-02-21,33.56561279296875,58.071144104003906,42.37340545654297,48.28950881958008,78.73719787597656,25.407085418701172,23.34955406188965,24.748144149780273,66.6116943359375,30.82807731628418,43.030391693115234,18.83258819580078,73.16693878173828,48.182769775390625,40.05398178100586
2018-02-22,33.46044921875,58.61282730102539,42.640743255615234,48.12651443481445,78.18279266357422,25.576459884643555,23.60545539855957,24.54283905029297,67.05563354492188,30.86499786376953,43.14262008666992,18.929027557373047,73.0538558959961,48.242820739746094,39.98330307006836
2018-02-23,34.13707733154297,59.608558654785156,43.26604080200195,49.20697021484375,79.86421203613281,25.953330993652344,24.117250442504883,24.910676956176758,67.61264038085938,31.510997772216797,43.55937957763672,19.422794342041016,74.21940612792969,48.91716003417969,40.6016960144043
2018-02-26,34.45455551147461,59.815650939941406,44.04313659667969,50.19893264770508,80.89125061035156,26.06766700744629,24.26096534729004,25.287073135375977,68.54400634765625,32.004722595214844,43.83186340332031,19.364931106567383,75.1587905883789,49.328224182128906,40.73421096801758
2018-02-27,34.16088104248047,58.55706024169922,43.053077697753906,50.01264190673828,79.80059814453125,25.707731246948242,23.945476531982422,25.04755210876465,67.68229675292969,31.68172836303711,43.25480270385742,19.056325912475586,74.37593841552734,48.284400939941406,39.903804779052734
2018-02-28,34.04778289794922,58.41366195678711,42.44590377807617,49.61678695678711,79.00076293945312,25.25040054321289,23.395130157470703,24.69681167602539,66.71614837646484,31.455615997314453,42.80598831176758,18.925167083740234,73.1843490600586,48.06731033325195,40.00096893310547
2018-03-01,33.760066986083984,58.23046112060547,42.294097900390625,48.825077056884766,78.90987396240234,24.992097854614258,23.36007308959961,24.269088745117188,65.4105453491211,30.934202194213867,42.70981216430664,18.929027557373047,72.01883697509766,47.55000305175781,39.6211051940918
2018-03-02,34.43669891357422,58.12690734863281,42.303165435791016,49.58884811401367,79.3734130859375,24.966691970825195,23.46874237060547,24.328975677490234,65.3931655883789,31.229522705078125,43.07046890258789,18.878881454467773,72.74945068359375,47.5962028503418,40.0274772644043
2018-03-05,34.766075134277344,58.780094146728516,42.380191802978516,50.16166687011719,80.30048370361328,25.29698371887207,23.717628479003906,24.671154022216797,66.176513671875,31.547910690307617,43.44715118408203,19.264629364013672,73.41046905517578,48.164306640625,40.22184371948242
2018-03-06,34.891090393066406,59.15449905395508,42.726829528808594,50.89748764038086,80.5277099609375,25.576459884643555,23.73164939880371,24.773807525634766,66.47245025634766,31.617122650146484,43.47921371459961,19.00617790222168,73.30608367919922,48.496856689453125,40.787208557128906
2018-03-07,35.462547302246094,59.457210540771484,42.586368560791016,51.11638259887695,81.07303619384766,25.483299255371094,23.552875518798828,24.731037139892578,66.46376037597656,31.792482376098633,43.08651351928711,18.86345100402832,73.68009948730469,48.168922424316406,40.230655670166016
2018-03-08,35.712562561035156,59.759910583496094,42.8197135925293,51.13966369628906,81.3002700805664,25.504467010498047,23.545862197875977,24.80803108215332,66.8118896484375,31.9309024810791,43.47921371459961,19.002321243286133,74.17589569091797,48.32133483886719,39.550437927246094
2018-03-09,36.1689453125,60.13429641723633,43.959320068359375,52.12696075439453,81.37297821044922,25.96603775024414,23.994556427001953,25.406845092773438,68.28289031982422,32.535369873046875,43.75973129272461,19.056325912475586,75.2457275390625,49.069583892822266,40.151161193847656
2018-03-12,36.11140060424805,60.437015533447266,43.84603500366211,52.65788269042969,80.95487213134766,25.90251350402832,23.98754119873047,25.3212947845459,67.43859100341797,32.63689041137695,43.679588317871094,19.1373348236084,74.92394256591797,49.231231689453125,40.01863479614258
2018-03-13,35.730430603027344,60.53258514404297,44.03634262084961,51.92205810546875,80.35503387451172,25.79665756225586,23.81578254699707,25.03899383544922,67.10784149169922,32.26313018798828,43.64753723144531,19.179763793945312,75.01962280273438,48.884822845458984,39.92146301269531
2018-03-14,35.74233627319336,60.58038330078125,43.284175872802734,51.94999694824219,79.88240051269531,25.47906494140625,23.675565719604492,24.756696701049805,66.376708984375,32.235443115234375,43.20671463012695,19.376501083374023,74.65430450439453,48.82478713989258,39.6917839050293
2018-03-15,35.70463180541992,60.564449310302734,43.39291763305664,51.90342712402344,79.43704223632812,25.14454460144043,23.552875518798828,24.765254974365234,66.56819915771484,32.25389862060547,42.90215301513672,19.364931106567383,74.53251647949219,48.77397155761719,39.444419860839844
2018-03-16,35.60343933105469,60.92292022705078,43.77806854248047,51.884796142578125,80.46415710449219,25.142841339111328,23.7629337310791,24.786714553833008,66.92385864257812,32.22057342529297,42.91748809814453,19.534809112548828,74.5324935913086,48.72303009033203,39.63577651977539
2018-03-19,35.19468307495117,60.35734939575195,43.61267852783203,51.0418586730957,79.46456909179688,24.78152847290039,23.395774841308594,24.606416702270508,66.40827941894531,31.581811904907227,42.49837875366211,19.414297103881836,73.32796478271484,48.11618423461914,39.3345832824707
2018-03-20,35.202613830566406,60.30954360961914,43.78939437866211,51.3864860534668,78.67584228515625,24.756027221679688,23.59347915649414,24.666519165039062,66.635498046875,31.567920684814453,42.377498626708984,19.324886322021484,73.43273162841797,48.40338897705078,39.024497985839844
2018-03-21,35.073638916015625,59.8475227355957,43.60587692260742,51.49360275268555,78.35491180419922,25.03656578063965,24.211288452148438,24.657926559448242,66.7141342163086,31.378149032592773,41.85361099243164,19.258800506591797,73.11848449707031,48.3663444519043,39.03335952758789
2018-03-22,34.23760223388672,59.500545501708984,42.362117767333984,50.10578155517578,77.23607635498047,24.288450241088867,23.717037200927734,23.747852325439453,64.51188659667969,30.568117141723633,41.50705337524414,19.34432601928711,71.01496124267578,47.337947845458984,38.42206573486328
2018-03-23,33.40810012817383,58.552757263183594,41.5505256652832,48.4804573059082,75.86962890625,23.812374114990234,23.572290420532227,23.02665901184082,63.568058013916016,29.753463745117188,40.991233825683594,19.07219886779785,69.53982543945312,46.406837463378906,38.058860778808594
2018-03-26,34.69798278808594,59.29169845581055,42.43714141845703,50.40850067138672,76.49323272705078,24.301206588745117,23.995935440063477,23.773611068725586,65.10614776611328,30.882863998413086,41.579586029052734,19.270463943481445,70.98001861572266,47.77802276611328,39.26369094848633
2018-03-27,33.45572280883789,59.452362060546875,41.634639739990234,48.6713981628418,76.05302429199219,24.05466651916504,23.769987106323242,23.309980392456055,64.2060317993164,29.89232635498047,41.5554084777832,19.546480178833008,70.14208221435547,46.842288970947266,38.46636962890625
2018-03-28,33.06082534790039,60.60093688964844,41.673282623291016,47.59095001220703,76.80506134033203,23.748611450195312,23.307518005371094,23.352914810180664,63.987518310546875,29.693286895751953,42.12763595581055,19.5387020111084,70.51740264892578,46.27251052856445,38.86503219604492
2018-03-29,33.675994873046875,60.616981506347656,42.51898193359375,48.56428146362305,76.73165893554688,24.20343589782715,23.798234939575195,23.670589447021484,64.92263793945312,30.28113555908203,42.41779327392578,19.643661499023438,71.04984283447266,46.92103576660156,39.2459831237793
2018-04-02,32.911983489990234,59.78166961669922,41.673282623291016,46.78527069091797,75.16345977783203,23.676347732543945,23.321630477905273,23.1468563079834,63.585533142089844,29.559051513671875,41.37810516357422,19.492053985595703,69.43506622314453,45.5961799621582,38.20945739746094
2018-04-03,33.219581604003906,60.17525100708008,42.49625015258789,47.64683151245117,75.70454406738281,24.012155532836914,23.819414138793945,23.46453094482422,64.46817016601562,29.850666046142578,41.9261474609375,19.55813980102539,70.4912109375,46.17522430419922,38.705570220947266
2018-04-04,33.83674240112305,60.849910736083984,42.45306396484375,48.22896957397461,76.9609146118164,24.169435501098633,23.787643432617188,23.713512420654297,64.74783325195312,30.267248153686523,42.578983306884766,19.60090446472168,71.49500274658203,47.02294921875,39.77753829956055
2018-04-05,33.89626693725586,60.906166076660156,42.73495864868164,47.698062896728516,77.85051727294922,24.620006561279297,24.214820861816406,23.902395248413086,65.40326690673828,30.39222526550293,42.68375015258789,19.75640106201172,71.442626953125,47.65294647216797,40.09645462036133
2018-04-06,33.154090881347656,60.3599853515625,41.477783203125,46.319557189941406,77.00679016113281,24.020660400390625,23.777057647705078,23.32716178894043,63.59429168701172,29.647003173828125,42.248538970947266,19.60090446472168,69.72309875488281,46.63846969604492,39.414302825927734
2018-04-09,33.392215728759766,60.255550384521484,41.36183547973633,46.63624954223633,77.12601470947266,24.152429580688477,23.8900203704834,23.455942153930664,63.40201187133789,29.878437042236328,42.224361419677734,19.639772415161133,70.41265106201172,46.52729797363281,39.183963775634766
2018-04-10,34.09075164794922,60.02262496948242,41.78696060180664,48.061317443847656,79.38201141357422,24.649757385253906,24.680831909179688,23.807954788208008,64.37203216552734,30.614404678344727,42.321067810058594,19.488162994384766,71.5997314453125,47.09244155883789,39.9990119934082
2018-04-11,33.959774017333984,60.15916442871094,41.66191482543945,48.03803634643555,79.24447631835938,24.466976165771484,24.93854522705078,23.524627685546875,63.9001579284668,30.433883666992188,42.240478515625,19.460952758789062,71.01496124267578,46.948829650878906,39.8927001953125
2018-04-12,34.47374725341797,59.588897705078125,42.339385986328125,48.83439254760742,78.9234848022461,24.726272583007812,24.935009002685547,23.936735153198242,64.81774139404297,30.799560546875,42.175987243652344,19.204374313354492,71.49500274658203,47.152652740478516,39.94584655761719
2018-04-13,34.132423400878906,59.79772186279297,42.387123107910156,48.37799835205078,78.58416748046875,24.700763702392578,25.21038818359375,23.57613754272461,64.66043853759766,30.697721481323242,42.38554382324219,19.355987548828125,71.46009063720703,46.88862228393555,39.414302825927734
2018-04-16,34.521366119384766,60.08688735961914,43.380592346191406,48.47579574584961,79.82221984863281,25.032320022583008,25.468101501464844,23.679176330566406,65.3071517944336,30.93378448486328,42.84494400024414,19.620342254638672,72.02745819091797,47.24066925048828,39.69779968261719
2018-04-17,35.29927444458008,60.865970611572266,43.289649963378906,49.36064529418945,80.50083923339844,25.317115783691406,25.566951751708984,23.679176330566406,65.85771179199219,31.507749557495117,42.941654205322266,19.818605422973633,72.58606719970703,48.120819091796875,39.954708099365234
2018-04-18,35.45207595825195,60.76153564453125,44.05577087402344,48.80179977416992,80.60173034667969,25.49989891052246,25.96941566467285,23.567556381225586,66.53934478759766,31.4244327545166,42.61927795410156,19.744741439819336,72.64716339111328,48.34780502319336,39.97242736816406
2018-04-19,35.14448547363281,59.89411163330078,43.664772033691406,46.626930236816406,80.10652160644531,25.215099334716797,26.001184463500977,23.92814826965332,66.35581970214844,31.077280044555664,41.38615036010742,19.73307991027832,72.03617095947266,48.1949348449707,39.48517608642578
2018-04-20,34.69599914550781,59.38006591796875,43.23737335205078,46.09136199951172,79.78553009033203,25.07907485961914,25.877626419067383,23.936735153198242,66.06741333007812,30.64681053161621,40.693031311035156,19.55425453186035,71.65210723876953,47.70390701293945,38.96249771118164
2018-04-23,34.6602783203125,59.42022705078125,43.423789978027344,45.49525451660156,79.9139175415039,25.006813049316406,26.036497116088867,23.910982131958008,65.9887924194336,30.535720825195312,40.6446647644043,19.565919876098633,71.93144226074219,47.805816650390625,39.378868103027344
2018-04-24,34.068912506103516,59.56481170654297,42.54171371459961,45.26240158081055,80.16153717041016,24.330961227416992,25.757593154907227,23.756441116333008,64.14485168457031,30.0034122467041,40.38676071166992,19.698091506958008,71.3902816772461,47.05074691772461,39.29912185668945
2018-04-25,33.838722229003906,59.43630599975586,42.985023498535156,45.03419876098633,80.89518737792969,24.46272850036621,25.962356567382812,23.739267349243164,64.32838439941406,30.008039474487305,40.45930099487305,19.701980590820312,71.71321868896484,47.24530792236328,39.52061462402344
2018-04-26,34.592811584472656,60.15916442871094,42.65311050415039,45.97958755493164,79.41868591308594,24.615753173828125,26.34010124206543,23.747852325439453,64.0924301147461,30.554222106933594,40.70109558105469,19.900239944458008,72.62097930908203,48.009639739990234,40.09645462036133
2018-04-27,34.51343536376953,60.938255310058594,43.19644546508789,45.6815299987793,80.19821166992188,24.55199432373047,26.061199188232422,23.782196044921875,63.961334228515625,30.498682022094727,40.918704986572266,20.10239601135254,72.91775512695312,48.22736740112305,40.50397491455078
2018-04-30,34.4677848815918,60.75352478027344,42.671302795410156,45.24842834472656,77.77714538574219,24.233192443847656,26.057674407958984,23.567556381225586,63.11363983154297,30.29965591430664,40.660789489746094,20.044078826904297,71.80049896240234,48.03743362426758,40.02558135986328
2018-05-01,34.77140426635742,61.179237365722656,42.52579116821289,45.974937438964844,76.68582153320312,24.21193504333496,25.8988037109375,23.57613754272461,62.82526397705078,30.679203033447266,40.30617141723633,19.981884002685547,71.76559448242188,48.10228729248047,39.919281005859375
2018-05-02,34.580902099609375,60.970401763916016,42.100669860839844,45.64427947998047,76.72247314453125,24.156679153442383,26.004718780517578,23.309980392456055,62.27467727661133,30.64681053161621,39.516326904296875,19.962440490722656,70.77925109863281,47.77339172363281,40.07874298095703
2018-05-03,34.76545333862305,60.99449157714844,42.00520324707031,45.75605392456055,76.19976043701172,24.26719856262207,25.944700241088867,23.112516403198242,62.4232292175293,30.716245651245117,39.47602844238281,19.935222625732422,70.14208221435547,47.560302734375,39.60920333862305
2018-05-04,35.29927444458008,61.63704299926758,42.49625015258789,46.9436149597168,76.85088348388672,24.568992614746094,26.071800231933594,23.413015365600586,63.148582458496094,31.29945945739746,40.048255920410156,20.024641036987305,70.7007064819336,48.1856803894043,39.85725784301758
2018-05-07,35.67234420776367,61.974388122558594,42.434871673583984,47.19509506225586,76.56659698486328,24.560495376586914,26.10709571838379,23.567556381225586,63.568058013916016,31.517004013061523,39.79841232299805,19.919679641723633,70.5959701538086,48.34780502319336,39.67121505737305
2018-05-08,35.850948333740234,61.669166564941406,42.755409240722656,47.52574920654297,75.62198638916016,24.509490966796875,26.311857223510742,23.730684280395508,64.02249908447266,31.586435317993164,39.63722229003906,19.422080993652344,70.06351470947266,48.14396286010742,39.64463806152344
2018-05-09,36.43635940551758,62.046688079833984,43.02594757080078,48.201026916503906,75.20016479492188,24.8622989654541,26.848478317260742,24.08269500732422,64.712890625,31.975242614746094,39.693634033203125,19.286014556884766,70.46502685546875,48.31073760986328,40.04330062866211
2018-05-10,36.763790130615234,62.61690902709961,43.4578857421875,49.002052307128906,76.51155090332031,25.04082489013672,27.049711227416992,24.28016471862793,65.14982604980469,32.391841888427734,39.92736053466797,19.55813980102539,71.40769958496094,48.48676681518555,39.990142822265625
2018-05-11,36.374839782714844,62.35991287231445,43.91483688354492,48.62482833862305,77.12601470947266,25.032320022583008,27.088537216186523,24.262990951538086,65.28964233398438,32.34554672241211,39.92736053466797,19.58534812927246,72.47259521484375,48.588687896728516,40.353363037109375
2018-05-14,35.96207809448242,61.90208435058594,43.67840576171875,49.47241973876953,76.68582153320312,25.130084991455078,27.275646209716797,24.24582290649414,65.1760482788086,32.34092330932617,39.91124725341797,19.511489868164062,72.95265197753906,48.68132781982422,40.80519104003906
2018-05-15,35.80530548095703,60.986446380615234,43.496543884277344,48.9182243347168,76.20894622802734,25.05357551574707,27.282716751098633,24.202892303466797,64.95758819580078,32.03541946411133,39.75811767578125,19.348209381103516,72.00999450683594,48.39875793457031,40.92921447753906
2018-05-16,35.844993591308594,60.80976486206055,43.871646881103516,49.61213302612305,76.4748764038086,25.351123809814453,27.378034591674805,24.24582290649414,65.19352722167969,32.17891311645508,40.04019546508789,19.19660186767578,72.41149139404297,48.80177307128906,41.593666076660156
2018-05-17,35.771568298339844,60.49650192260742,44.042137145996094,49.2861442565918,76.38316345214844,25.410634994506836,27.791080474853516,24.194307327270508,65.44696044921875,32.01227951049805,40.177215576171875,19.04110336303711,72.43766784667969,48.6396484375,41.637943267822266
2018-05-18,36.00970458984375,60.63304901123047,44.01259231567383,48.69002914428711,76.3740234375,25.44463539123535,27.575725555419922,23.996841430664062,65.83148193359375,31.878049850463867,39.92736053466797,19.044992446899414,72.62097930908203,48.57941818237305,41.203857421875
2018-05-21,36.04343795776367,61.283626556396484,44.5695686340332,49.38859176635742,77.04349517822266,25.580659866333008,27.858171463012695,24.16855239868164,66.8277587890625,32.15577697753906,40.09660720825195,19.142175674438477,72.69078826904297,48.84808349609375,41.43417739868164
2018-05-22,35.81919479370117,61.36395263671875,44.03305435180664,49.74252700805664,77.02513885498047,25.368125915527344,27.487476348876953,24.33167839050293,66.00626373291016,32.1094970703125,40.02408218383789,19.212148666381836,72.5511474609375,48.63037109375,40.707733154296875
2018-05-23,36.28355407714844,61.88603591918945,44.001224517822266,49.79841232299805,76.63995361328125,25.308622360229492,27.48394012451172,24.177133560180664,65.945068359375,32.34554672241211,40.16915512084961,19.38709259033203,72.78682708740234,48.98242950439453,41.000091552734375
2018-05-24,36.26570129394531,61.733436584472656,44.50818634033203,49.942787170410156,76.52074432373047,25.21934700012207,27.032058715820312,23.988250732421875,66.26844787597656,32.30852127075195,40.13690948486328,19.546480178833008,72.49877166748047,49.0889778137207,41.336734771728516
2018-05-25,36.184329986572266,61.94226837158203,44.69913864135742,50.441097259521484,75.7320556640625,25.083332061767578,26.32950782775879,23.910982131958008,66.14611053466797,32.28538513183594,40.20138931274414,19.632007598876953,72.39402770996094,49.16310119628906,41.336734771728516
2018-05-29,35.94422149658203,62.12697982788086,44.073970794677734,50.03593063354492,75.4569320678711,24.649757385253906,26.248310089111328,23.112516403198242,65.08866119384766,32.1094970703125,40.112735748291016,19.632007598876953,71.65210723876953,48.78324508666992,41.310157775878906
2018-05-30,36.337135314941406,62.914119720458984,44.7673454284668,50.33864212036133,76.62162780761719,24.938804626464844,27.042646408081055,23.533212661743164,66.00626373291016,32.34554672241211,40.67690658569336,19.79138946533203,72.7257308959961,49.22794723510742,41.868289947509766
2018-05-31,36.305389404296875,62.80166244506836,44.126258850097656,49.91950225830078,75.7320556640625,24.73052406311035,26.83788299560547,23.33574867248535,65.05371856689453,32.35480499267578,40.02408218383789,19.822490692138672,71.93144226074219,48.99170684814453,41.07982635498047
2018-06-01,36.89872741699219,63.0185546875,44.71052551269531,51.0092658996582,76.31897735595703,25.108835220336914,26.964977264404297,23.59331512451172,65.77032470703125,32.90563201904297,40.02408218383789,19.519264221191406,72.7606201171875,49.3530158996582,41.30128479003906
2018-06-04,37.1745719909668,63.572757720947266,44.3876953125,51.35854721069336,76.69499206542969,25.253355026245117,26.731969833374023,23.670589447021484,65.67416381835938,33.16946792602539,40.35451889038086,19.363765716552734,73.03121185302734,49.90427017211914,42.20492935180664
2018-06-05,37.458343505859375,63.4924201965332,44.226280212402344,51.64728546142578,76.9609146118164,25.44463539123535,26.66842269897461,23.567556381225586,65.75282287597656,33.285186767578125,40.16915512084961,19.26268768310547,72.88282012939453,50.196109771728516,42.95796585083008
2018-06-06,37.70243453979492,63.56468963623047,44.48999786376953,51.977943420410156,77.30026245117188,25.916467666625977,26.7955265045166,23.996841430664062,66.30339050292969,33.502742767333984,40.217506408691406,18.8039608001709,73.70333099365234,50.663978576660156,43.2591667175293
2018-06-07,37.063446044921875,63.60487365722656,44.5150032043457,51.56345748901367,77.5478515625,25.78468894958496,27.20151138305664,24.074106216430664,66.58304595947266,33.23427200317383,40.467369079589844,18.936134338378906,73.79933166503906,50.81222152709961,43.516075134277344
2018-06-08,37.331336975097656,63.78960037231445,44.90602111816406,51.21417236328125,77.74047088623047,25.85696029663086,27.148555755615234,24.10845947265625,66.801513671875,33.178714752197266,40.96705627441406,18.92835807800293,74.22701263427734,50.91875076293945,43.89702224731445
2018-06-11,37.43452835083008,63.8056526184082,45.408451080322266,51.15829086303711,78.15313720703125,25.895214080810547,27.289770126342773,24.056941986083984,66.9326171875,33.21575164794922,41.305564880371094,18.88948631286621,74.36666870117188,51.122581481933594,44.35769271850586
2018-06-12,37.81753158569336,64.12692260742188,45.538028717041016,51.311981201171875,78.64836883544922,25.92922019958496,27.08148193359375,23.996841430664062,66.86270141601562,33.37775802612305,41.38615036010742,19.107189178466797,74.32304382324219,51.36809158325195,44.51716232299805
2018-06-13,37.960411071777344,62.83380889892578,45.187931060791016,51.204864501953125,77.61204528808594,25.64867401123047,26.97910499572754,23.910982131958008,66.32960510253906,33.20649719238281,41.257198333740234,19.0566463470459,74.34048461914062,51.446842193603516,43.967899322509766
2018-06-14,38.16679382324219,63.46028137207031,45.22202682495117,51.28403091430664,79.09771728515625,25.686931610107422,26.940271377563477,23.6877498626709,66.07617950439453,33.44255828857422,41.32973861694336,19.293785095214844,74.72454071044922,51.98418426513672,43.59580993652344
2018-06-15,38.06756591796875,63.52455520629883,45.467559814453125,51.367862701416016,79.5562744140625,25.507568359375,26.36164093017578,23.686893463134766,65.9112319946289,33.31481170654297,41.86091995239258,19.43106460571289,74.86995697021484,52.06965255737305,43.87761688232422
2018-06-18,38.299747467041016,63.46831512451172,45.37889099121094,50.74846649169922,79.31780242919922,25.443511962890625,26.624645233154297,23.643779754638672,65.63925170898438,33.35198211669922,41.251766204833984,19.493825912475586,74.1515884399414,51.98140335083008,44.29539108276367
2018-06-19,38.01994323730469,63.46028137207031,44.61503219604492,50.143043518066406,79.7763442993164,24.97803497314453,26.564224243164062,23.583415985107422,64.25292205810547,33.18011474609375,41.4710693359375,19.686017990112305,74.34432220458984,51.9163818359375,44.490970611572266
2018-06-20,37.88302230834961,64.0787353515625,44.63776779174805,50.4550666809082,79.73052215576172,24.89688491821289,26.681514739990234,23.523061752319336,64.2967758178711,33.24979019165039,41.51167678833008,19.701705932617188,74.50199890136719,52.162532806396484,44.94432830810547
2018-06-21,37.478187561035156,64.40807342529297,44.453617095947266,49.826358795166016,79.0702133178711,24.632116317749023,26.18748664855957,23.45407485961914,63.48955535888672,32.99430465698242,41.592891693115234,19.768386840820312,74.07275390625,51.79098892211914,44.988773345947266
2018-06-22,36.837215423583984,64.81769561767578,44.224029541015625,49.64007568359375,79.5562744140625,24.990842819213867,26.709949493408203,23.34197998046875,63.708919525146484,32.88747024536133,41.934024810791016,19.90566635131836,74.40564727783203,51.70273208618164,44.83765411376953
2018-06-25,36.10098648071289,64.59280395507812,43.20781326293945,47.84709167480469,78.55667114257812,24.60222625732422,26.173261642456055,23.0919189453125,62.901702880859375,32.20462417602539,42.14519119262695,20.235137939453125,73.72230529785156,50.57876968383789,44.135398864746094
2018-06-26,36.289154052734375,64.84825897216797,43.00308609008789,48.28950881958008,78.65752410888672,24.696178436279297,26.503807067871094,23.014318466186523,63.13861083984375,32.334693908691406,41.966495513916016,20.2586727142334,73.4945297241211,50.94104766845703,44.31317901611328
2018-06-27,35.47138977050781,64.49950408935547,42.40803909301758,47.10660171508789,77.86884307861328,24.619314193725586,26.859233856201172,22.72976303100586,62.62969970703125,31.893409729003906,41.87716293334961,20.356727600097656,72.87251281738281,50.2815055847168,43.646484375
2018-06-28,36.11448287963867,65.18887329101562,42.29631805419922,47.58163070678711,78.90254211425781,24.713254928588867,26.823686599731445,22.92808723449707,62.71742630004883,32.283599853515625,41.87716293334961,20.34889030456543,72.96887969970703,50.67630386352539,43.65537643432617
2018-06-29,36.25938034057617,65.3510971069336,42.45819091796875,47.814491271972656,78.587890625,24.798667907714844,26.990732192993164,22.92808723449707,62.84904479980469,32.269657135009766,41.85279846191406,20.38026237487793,73.1177978515625,50.76454544067383,43.16646957397461
2018-07-02,36.88460922241211,64.9617919921875,42.87312698364258,47.8331184387207,78.83777618408203,24.666288375854492,26.59265899658203,23.040180206298828,62.98944854736328,32.55765914916992,41.609134674072266,20.525390625,73.34558868408203,50.83420944213867,43.086456298828125
2018-07-03,36.648406982421875,65.44841003417969,42.55623245239258,46.994842529296875,78.43058776855469,24.623584747314453,26.75971031188965,22.833232879638672,62.78763198852539,32.17211151123047,41.70659255981445,20.584218978881836,73.52079010009766,50.57876968383789,43.308692932128906
2018-07-05,36.96003341674805,66.2999496459961,42.800167083740234,48.261566162109375,79.94828033447266,24.83710479736328,26.731273651123047,22.88496971130371,63.0947380065918,32.6273307800293,42.28327941894531,20.69404411315918,74.28299713134766,50.82957077026367,43.80648422241211
2018-07-06,37.46815872192383,66.57572937011719,42.971160888671875,48.876304626464844,80.85520935058594,24.96095085144043,26.8947696685791,22.997068405151367,63.31406784057617,33.00823974609375,42.4132194519043,20.854856491088867,75.35181427001953,51.2289924621582,44.29539108276367
2018-07-09,37.66069030761719,65.98365783691406,43.86715316772461,49.24422073364258,81.2068862915039,25.18301010131836,27.29639434814453,23.523061752319336,64.48982238769531,33.25907516479492,42.25077819824219,20.211606979370117,75.90373229980469,51.84208297729492,44.41984558105469
2018-07-10,37.65473175048828,66.1864242553711,43.73719787597656,49.77513122558594,81.46601104736328,25.396535873413086,27.49898910522461,23.436832427978516,64.69163513183594,33.33803939819336,42.75434494018555,20.40380096435547,76.1928482055664,51.95353698730469,44.09984588623047
2018-07-11,37.90879440307617,65.98365783691406,42.82753372192383,48.405941009521484,80.67938995361328,24.9694881439209,26.916099548339844,23.324731826782227,63.629920959472656,33.20798873901367,42.616275787353516,20.58814239501953,75.58834838867188,51.83278274536133,43.6909294128418
2018-07-12,38.92901611328125,66.17832946777344,43.04182815551758,48.992733001708984,81.5400390625,25.02927589416504,26.96230125427246,23.367847442626953,64.37574768066406,33.732872009277344,42.55942153930664,20.60383415222168,76.42939758300781,52.17646789550781,43.51314926147461
2018-07-13,38.9488525390625,65.95122528076172,43.27438735961914,48.89027786254883,81.3364486694336,25.01646614074707,27.10447120666504,23.264375686645508,64.70915985107422,33.69571304321289,42.8355598449707,20.607759475708008,76.56956481933594,52.2925910949707,43.753150939941406
2018-07-16,38.71662902832031,65.65115356445312,42.83663558959961,48.74125289916992,81.12360382080078,24.81574821472168,26.791696548461914,23.678268432617188,64.4459457397461,33.616756439208984,42.632503509521484,20.58814239501953,76.10526275634766,52.422637939453125,43.842037200927734
2018-07-17,39.042152404785156,65.30244445800781,42.95292282104492,49.38393020629883,80.97550964355469,25.140310287475586,26.685077667236328,23.704137802124023,64.70040130615234,33.86758804321289,42.99799728393555,20.572458267211914,76.52572631835938,52.47372055053711,44.36652374267578
2018-07-18,39.10566329956055,64.99423217773438,43.93099594116211,49.886905670166016,80.49430847167969,24.90543556213379,26.70284080505371,24.083545684814453,65.41109466552734,33.81184387207031,42.648746490478516,20.466552734375,76.58708953857422,52.441219329833984,44.517635345458984
2018-07-19,38.88336181640625,65.65115356445312,44.115657806396484,49.723899841308594,79.8650131225586,24.9951114654541,26.709949493408203,23.72138786315918,65.38477325439453,33.691070556640625,42.67312240600586,20.654821395874023,76.1578140258789,52.320465087890625,45.00654602050781
2018-07-20,38.86549377441406,65.09967803955078,44.07235336303711,49.67267608642578,79.5595932006836,24.892620086669922,26.617551803588867,23.764497756958008,65.3145980834961,33.700355529785156,42.93301773071289,20.50969886779785,76.0088882446289,52.088233947753906,44.50874328613281
2018-07-23,38.9945068359375,64.93746948242188,44.36872482299805,49.64007568359375,79.73544311523438,24.755962371826172,26.5002498626709,24.0921630859375,64.91096496582031,33.872222900390625,42.66500473022461,20.364572525024414,76.16656494140625,52.032493591308594,44.46430587768555
2018-07-24,38.52806854248047,64.62117004394531,43.68932342529297,49.02067565917969,80.37397766113281,25.076251983642578,26.8343505859375,24.161149978637695,65.18297576904297,34.05802536010742,42.74622344970703,20.435176849365234,76.85868835449219,51.879234313964844,43.735382080078125
2018-07-25,39.139404296875,65.14834594726562,44.71072006225586,49.26750946044922,80.2166748046875,25.272693634033203,27.05826187133789,24.212890625,66.17444610595703,34.48537826538086,43.071109771728516,20.494007110595703,77.83989715576172,52.26008224487305,44.15316390991211
2018-07-26,39.022300720214844,65.32676696777344,45.086891174316406,49.99401092529297,78.93956756591797,25.41788673400879,27.3532657623291,24.204265594482422,66.683349609375,33.95583724975586,43.29852294921875,20.71366310119629,77.62086486816406,51.98605728149414,44.562076568603516
2018-07-27,38.02391815185547,64.69416046142578,44.94782257080078,49.74718475341797,78.33802032470703,25.323936462402344,27.2359676361084,24.256000518798828,66.69213104248047,33.375205993652344,43.35536575317383,20.64698028564453,77.06016540527344,51.85135269165039,43.85982131958008
2018-07-30,36.69605255126953,64.78336334228516,44.86117172241211,49.40721130371094,77.94010162353516,25.276962280273438,27.459890365600586,24.27324676513672,66.03409576416016,32.85494613647461,43.306640625,20.521469116210938,77.10397338867188,51.43800735473633,44.0554084777832
2018-07-31,36.82307434082031,65.89445495605469,45.43571472167969,49.31407928466797,78.12519836425781,25.507568359375,27.410133361816406,24.100791931152344,67.49057006835938,32.94321823120117,43.50968933105469,20.705812454223633,77.90996551513672,51.67951202392578,44.11761474609375
2018-08-01,37.035457611083984,66.11341857910156,45.041297912597656,49.52830505371094,77.92159271240234,25.247068405151367,27.02983283996582,24.100791931152344,66.5780258178711,33.24048614501953,43.144195556640625,20.572458267211914,77.927490234375,51.424072265625,43.60203170776367
2018-08-02,37.66267776489258,65.89445495605469,45.34452438354492,50.026611328125,78.51386260986328,25.080522537231445,26.88055992126465,24.109413146972656,66.49032592773438,33.65855026245117,43.58278274536133,20.6744327545166,78.21662139892578,51.77704620361328,44.0554084777832
2018-08-03,37.61702346801758,66.67301940917969,45.55198669433594,50.10578155517578,78.87480163574219,25.319671630859375,26.741939544677734,24.247379302978516,66.55171203613281,33.779319763183594,44.09446716308594,20.905847549438477,78.68090057373047,51.95353698730469,44.4376335144043
2018-08-06,37.881004333496094,66.63250732421875,45.825565338134766,50.371238708496094,79.99456024169922,25.311126708984375,26.841461181640625,24.37672233581543,66.64825439453125,33.96049118041992,44.13508987426758,20.921539306640625,78.82112121582031,52.3018798828125,44.704315185546875
2018-08-07,37.98818588256836,66.39728546142578,46.04445266723633,50.71120834350586,80.10562133789062,25.396535873413086,27.040496826171875,24.48881721496582,67.1220703125,34.090553283691406,43.8670654296875,20.89015769958496,78.82987976074219,52.54339599609375,45.07766342163086
2018-08-08,38.0695686340332,65.99988555908203,45.855201721191406,50.86955261230469,79.9205322265625,25.289777755737305,26.845012664794922,24.549177169799805,66.82373046875,34.18346405029297,43.53404998779297,20.780338287353516,78.9525146484375,52.5991325378418,45.10432434082031
2018-08-09,38.24224853515625,66.08099365234375,45.70930099487305,50.37589645385742,80.59609985351562,25.426433563232422,26.59621810913086,24.402589797973633,66.4552001953125,34.19740295410156,43.40410232543945,20.874473571777344,78.86490631103516,52.794185638427734,45.299896240234375
2018-08-10,38.260108947753906,65.48894500732422,45.49726104736328,49.192989349365234,80.0500717163086,25.05916976928711,26.75971031188965,24.1180362701416,65.86736297607422,33.92333221435547,43.24166488647461,20.784263610839844,78.52323150634766,52.35298156738281,45.326560974121094
2018-08-13,38.08148193359375,65.4565200805664,45.216854095458984,49.24887466430664,79.89276123046875,24.807209014892578,26.418508529663086,23.885217666625977,65.55147552490234,33.876869201660156,43.24166488647461,20.811717987060547,78.54950714111328,52.088233947753906,45.07766342163086
2018-08-14,38.35737228393555,65.8133544921875,45.64317321777344,49.1324462890625,80.64236450195312,25.01646614074707,26.482481002807617,24.109413146972656,66.00772857666016,34.085914611816406,43.54219436645508,20.854856491088867,78.91744995117188,52.594482421875,46.099918365478516
2018-08-15,37.81550979614258,66.30806732177734,45.631778717041016,48.31745529174805,79.70767974853516,24.619314193725586,25.558382034301758,23.919706344604492,65.69185638427734,33.779319763183594,43.72085952758789,21.047054290771484,78.7860336303711,51.95353698730469,44.84653854370117
2018-08-16,37.99017333984375,66.84332275390625,45.944129943847656,48.24294662475586,79.75394439697266,24.768775939941406,25.743207931518555,24.2387638092041,66.52539825439453,33.92796325683594,44.34625244140625,21.274545669555664,79.55699920654297,52.208988189697266,44.99766159057617
2018-08-17,37.85520553588867,67.4434814453125,46.1151237487793,47.88900375366211,79.64289093017578,24.95240592956543,25.80718421936035,24.290489196777344,66.92900848388672,33.97906494140625,44.687381744384766,21.384374618530273,79.80229187011719,52.255428314208984,45.51323699951172
2018-08-20,37.9564323425293,67.54893493652344,46.69647979736328,47.82380676269531,79.7261962890625,25.12749671936035,25.981334686279297,24.36809730529785,67.3764877319336,33.92796325683594,44.66301345825195,21.30984878540039,80.06512451171875,52.626991271972656,46.16215515136719
2018-08-21,38.07353210449219,67.09474182128906,47.00425720214844,48.81110763549805,80.05934143066406,25.22571563720703,26.11284065246582,24.462949752807617,67.87661743164062,33.98371124267578,44.34625244140625,21.156871795654297,80.06512451171875,53.04499816894531,46.5266227722168
2018-08-22,38.46852111816406,66.72166442871094,46.5095329284668,48.992733001708984,79.98529815673828,25.097599029541016,26.425615310668945,24.37672233581543,67.21856689453125,34.085914611816406,44.07011795043945,20.999990463256836,80.14398956298828,53.10074234008789,46.55329132080078
2018-08-23,38.65311813354492,66.57572937011719,46.27471160888672,49.053279876708984,79.56887817382812,24.926786422729492,26.30121421813965,24.264623641967773,67.02555084228516,34.16023635864258,43.96452331542969,20.98430061340332,80.11769104003906,53.049644470214844,46.668853759765625
2018-08-24,39.66936492919922,66.91633605957031,46.377296447753906,49.803077697753906,80.651611328125,25.251340866088867,26.493148803710938,24.35085105895996,67.3150863647461,34.50396728515625,43.90767288208008,21.074508666992188,80.503173828125,53.36083984375,46.15326690673828
2018-08-27,39.65547180175781,66.79468536376953,46.89027786254883,50.580814361572266,81.24390411376953,25.59724998474121,26.688623428344727,24.67852210998535,68.16617584228516,34.81983184814453,43.932037353515625,20.945072174072266,80.79228973388672,53.704524993896484,45.82436752319336
2018-08-28,39.81028366088867,67.50835418701172,46.808204650878906,50.771751403808594,81.01254272460938,25.499032974243164,26.574892044067383,24.65264892578125,68.02577209472656,34.88022232055664,43.78584289550781,20.901926040649414,80.83611297607422,53.811336517333984,46.046592712402344
2018-08-29,40.270774841308594,67.4434814453125,46.815040588378906,51.06049346923828,81.40125274658203,25.691198348999023,26.738386154174805,24.644025802612305,68.07843017578125,35.19609069824219,43.83456802368164,21.05489730834961,81.36172485351562,54.415130615234375,46.00215148925781
2018-08-30,39.90159606933594,67.20830535888672,46.489013671875,50.5156135559082,80.95702362060547,25.38799476623535,26.66374397277832,24.45432472229004,67.60462951660156,35.089256286621094,43.696502685546875,21.062744140625,81.30040740966797,54.103946685791016,45.6910285949707
2018-08-31,39.86585998535156,67.4596939086914,46.457088470458984,50.7344970703125,80.33697509765625,25.311126708984375,26.45759391784668,24.428457260131836,67.64850616455078,35.11712646484375,43.68025588989258,20.9725341796875,81.28289031982422,54.317588806152344,46.30437469482422
2018-09-04,40.02861785888672,66.74603271484375,46.51637649536133,51.10240936279297,79.56887817382812,25.136035919189453,26.400737762451172,24.549177169799805,67.59586334228516,34.9824104309082,43.62339401245117,21.066665649414062,80.63459014892578,54.41978454589844,46.517730712890625
2018-09-05,38.96076202392578,67.05420684814453,46.771724700927734,50.82298278808594,78.59716033935547,25.302587509155273,26.365190505981445,24.566423416137695,68.07843017578125,34.5457763671875,44.12696075439453,21.360837936401367,80.95873260498047,53.83457946777344,46.055477142333984
2018-09-06,39.175132751464844,67.31371307373047,46.68281173706055,49.50502014160156,78.04190063476562,25.353830337524414,25.87826156616211,24.45432472229004,68.28900909423828,34.294925689697266,44.24878692626953,21.48242950439453,80.95873260498047,53.685935974121094,45.477684020996094
2018-09-07,39.399417877197266,66.49459838867188,46.63264465332031,49.2861442565918,78.2362289428711,25.187284469604492,25.874713897705078,24.428457260131836,68.07843017578125,34.178810119628906,44.159446716308594,21.21963882446289,81.08138275146484,53.68130874633789,45.59324645996094
2018-09-10,39.738834381103516,66.91633605957031,47.45339584350586,49.76582336425781,78.44910430908203,25.21717643737793,25.86404037475586,24.402589797973633,68.42939758300781,34.285640716552734,44.31378173828125,21.325536727905273,80.87112426757812,53.88101577758789,46.099918365478516
2018-09-11,40.15763854980469,66.77843475341797,47.369041442871094,49.141761779785156,79.15240478515625,25.268421173095703,26.10928726196289,24.428457260131836,68.41185760498047,34.57828903198242,44.15132522583008,21.270618438720703,80.8010482788086,54.31295394897461,46.4199333190918
2018-09-12,40.423606872558594,66.83525085449219,47.300662994384766,48.57825469970703,79.23571014404297,25.281234741210938,26.24434471130371,24.204265594482422,68.62242126464844,34.43428421020508,44.66301345825195,21.25101089477539,81.20404052734375,54.415130615234375,46.251041412353516
2018-09-13,40.582393646240234,67.2326431274414,47.07949447631836,49.17435836791992,79.71694946289062,25.379453659057617,26.255008697509766,24.169771194458008,69.03483581542969,34.83842086791992,44.59803771972656,21.411832809448242,82.21153259277344,54.508026123046875,45.92214584350586
2018-09-14,40.79279327392578,66.68925476074219,47.53092575073242,49.68199157714844,79.670654296875,25.370912551879883,26.393630981445312,24.342227935791016,69.37700653076172,34.81055450439453,44.476219177246094,21.298084259033203,81.93995666503906,54.30366516113281,46.02881622314453
2018-09-17,39.879756927490234,66.9244384765625,47.11370086669922,49.01136016845703,79.00433349609375,25.460594177246094,26.436269760131836,24.2387638092041,69.40332794189453,34.37390899658203,44.63865280151367,21.368680953979492,81.64208221435547,53.63020706176758,45.55768585205078
2018-09-18,40.06633758544922,66.68925476074219,47.30522155761719,49.38393020629883,79.64289093017578,25.48621940612793,26.610429763793945,24.359472274780273,70.03504180908203,34.592220306396484,44.45184326171875,21.32946014404297,82.11517333984375,54.31295394897461,45.72657775878906
2018-09-19,39.58004379272461,65.80526733398438,47.29838562011719,49.495704650878906,79.63365936279297,25.7637996673584,26.692182540893555,24.773365020751953,69.97364044189453,34.50396728515625,44.37063217163086,20.86663246154785,82.00126647949219,54.3361701965332,45.71769332885742
2018-09-20,39.90754699707031,66.46217346191406,47.318885803222656,50.13372802734375,80.32772827148438,26.04137420654297,26.69928741455078,24.988941192626953,70.07892608642578,34.91273498535156,44.9310417175293,20.90976905822754,82.79850769042969,54.707733154296875,45.868804931640625
2018-09-21,39.836090087890625,66.42970275878906,47.38273239135742,49.88224411010742,79.98529815673828,25.985170364379883,26.875720977783203,24.891939163208008,70.53208923339844,34.774776458740234,45.003028869628906,20.99881935119629,82.91020965576172,54.46596145629883,45.787662506103516
2018-09-24,40.125877380371094,65.26188659667969,46.69647979736328,50.23617935180664,79.95747375488281,25.62045669555664,27.269378662109375,24.61478042602539,69.3242416381836,34.94721984863281,44.315948486328125,20.812814712524414,83.07730102539062,54.1119270324707,45.448829650878906
2018-09-25,40.44940948486328,65.15644836425781,46.4616584777832,49.435157775878906,80.08739471435547,25.487436294555664,27.444719314575195,24.51951026916504,69.1126480102539,34.90528869628906,44.05421447753906,20.52786636352539,82.82225799560547,54.34019088745117,45.39533615112305
2018-09-26,40.3620719909668,64.56022644042969,46.75283432006836,48.99739074707031,80.19879150390625,25.234275817871094,27.179906845092773,24.225032806396484,69.06855010986328,34.774776458740234,44.10328674316406,20.326032638549805,83.00691986083984,54.46596145629883,45.787662506103516
2018-09-27,40.592323303222656,64.73220825195312,46.77568435668945,49.30475997924805,80.9413833618164,25.015443801879883,27.179906845092773,24.138418197631836,69.16555786132812,34.979854583740234,44.04603958129883,20.535785675048828,83.42912292480469,54.65230178833008,45.70740509033203
2018-09-28,40.68362808227539,65.53482055664062,46.75056076049805,49.57487106323242,80.7557373046875,24.856689453125,27.104751586914062,23.88725471496582,69.12146759033203,35.1103515625,44.11147689819336,20.836559295654297,83.68416595458984,54.6057243347168,45.493412017822266
2018-10-01,40.578426361083984,64.99427032470703,46.88310241699219,49.70527648925781,80.35659790039062,25.105548858642578,27.48050880432129,23.982521057128906,69.72980499267578,35.27815246582031,44.0787467956543,20.76531982421875,84.0975341796875,54.438018798828125,45.22591781616211
2018-10-02,39.982967376708984,64.90418243408203,46.36429214477539,49.66801834106445,80.63507080078125,25.21282196044922,27.509136199951172,23.982521057128906,69.88848114013672,35.282814025878906,44.33231735229492,21.046310424804688,84.00077819824219,53.701988220214844,43.74571990966797
2018-10-03,40.14771270751953,64.45375061035156,46.617984771728516,49.85895919799805,80.7557373046875,25.03260612487793,27.73102569580078,24.207712173461914,70.17943572998047,35.3900146484375,43.85791015625,20.79302978515625,83.84247589111328,53.520320892333984,43.825965881347656
2018-10-04,39.26247024536133,63.8067741394043,46.43285369873047,48.73659896850586,79.82749938964844,24.916759490966797,27.616500854492188,24.372268676757812,69.95021057128906,34.751468658447266,43.75157165527344,20.903841018676758,83.02454376220703,52.68180465698242,43.40687942504883
2018-10-05,39.022300720214844,63.7248649597168,46.06946563720703,47.628204345703125,78.9178466796875,24.732254028320312,27.612918853759766,24.25101089477539,69.5887451171875,34.3133544921875,43.71067810058594,21.22439956665039,82.92779541015625,52.28584289550781,43.085880279541016
2018-10-08,38.03780746459961,64.56841278076172,46.04659652709961,47.069358825683594,78.648681640625,24.719383239746094,27.591447830200195,24.41557502746582,69.76506042480469,33.92649841308594,44.315948486328125,21.402490615844727,82.89260864257812,52.42094039916992,43.12154769897461
2018-10-09,37.92070007324219,64.70763397216797,45.18724822998047,46.98086166381836,78.76005554199219,23.899831771850586,27.838380813598633,24.3203067779541,68.68944549560547,34.047672271728516,44.217803955078125,21.489551544189453,83.0333480834961,52.2672004699707,43.12154769897461
2018-10-10,36.092647552490234,63.733062744140625,43.37482452392578,44.84791564941406,75.96609497070312,23.27337074279785,26.965177536010742,23.566789627075195,66.47651672363281,32.397735595703125,43.6861457824707,21.37082862854004,81.0720443725586,50.506343841552734,42.060455322265625
2018-10-11,35.8941650390625,61.99681091308594,42.74171447753906,44.45206069946289,74.92647552490234,23.0030517578125,26.052627563476562,22.865245819091797,64.72201538085938,31.987573623657227,42.60646057128906,20.979034423828125,78.88211059570312,49.6165771484375,41.57002639770508
2018-10-12,37.17241668701172,61.87398910522461,43.12339782714844,45.33224868774414,76.26313781738281,23.06740951538086,26.124202728271484,22.8912296295166,65.15404510498047,33.012962341308594,42.84366989135742,20.955286026000977,80.09583282470703,50.53428649902344,42.28337097167969
2018-10-15,36.61664962768555,62.20974349975586,43.370243072509766,44.838592529296875,76.2166976928711,22.99017906188965,25.905906677246094,22.787296295166016,65.2774658203125,32.4723014831543,43.105403900146484,21.054224014282227,79.541748046875,50.41783142089844,42.39929962158203
2018-10-16,38.02590560913086,63.56106185913086,44.18161392211914,46.356815338134766,78.07313537597656,23.359188079833984,26.120616912841797,23.168380737304688,66.37950897216797,33.45109176635742,43.587989807128906,21.271888732910156,81.72289276123047,51.42869567871094,43.13936996459961
2018-10-17,37.96834182739258,63.24984359741211,43.92563247680664,46.12862014770508,78.37947082519531,23.209014892578125,25.956003189086914,23.40222930908203,65.89460754394531,33.29728317260742,43.7924690246582,21.232315063476562,82.15384674072266,51.004783630371094,42.550880432128906
2018-10-18,36.9481201171875,63.1761589050293,42.778297424316406,44.92708969116211,77.00570678710938,22.94727325439453,25.827171325683594,23.012481689453125,64.75729370117188,32.64476013183594,43.7352180480957,21.263975143432617,81.22154998779297,50.02650833129883,41.79294967651367
2018-10-19,36.29907989501953,63.65933609008789,42.903995513916016,44.27974319458008,77.09851837158203,22.784221649169922,25.59813690185547,23.099090576171875,64.51925659179688,32.63077163696289,44.733097076416016,21.596410751342773,80.4828109741211,49.537384033203125,41.22227096557617
2018-10-22,36.702003479003906,62.823974609375,42.892574310302734,44.51725769042969,77.04281616210938,22.604007720947266,25.3154239654541,22.60541534423828,64.298828125,32.90110397338867,44.397743225097656,21.457895278930664,79.82318115234375,49.737693786621094,41.677040100097656
2018-10-23,36.55512237548828,63.22528076171875,42.094913482666016,44.34029006958008,77.16349029541016,22.380884170532227,24.65336799621582,22.423526763916016,63.2408447265625,32.77525329589844,44.59404754638672,21.33916664123535,79.39220428466797,49.74700927734375,41.819698333740234
2018-10-24,34.92753601074219,63.68391036987305,40.707603454589844,41.36439895629883,73.32064056396484,21.67289924621582,23.679975509643555,21.860559463500977,61.09844207763672,31.307079315185547,44.78219223022461,21.857606887817383,76.77130889892578,48.260982513427734,41.00827407836914
2018-10-25,36.15418243408203,64.47015380859375,41.461830139160156,42.5333366394043,75.23278045654297,21.951807022094727,23.969852447509766,22.198341369628906,61.530433654785156,32.38374328613281,44.88851547241211,21.517257690429688,77.76513671875,49.71906661987305,41.819698333740234
2018-10-26,35.181602478027344,62.95503616333008,40.94301223754883,41.76490783691406,73.24636840820312,21.82308006286621,23.790910720825195,21.87788200378418,60.92210388183594,31.735889434814453,44.0296745300293,21.121501922607422,76.88565063476562,48.1724739074707,41.2668571472168
2018-10-29,34.93151092529297,63.68391036987305,40.680171966552734,41.28522872924805,72.281005859375,21.771595001220703,23.34716033935547,22.06842613220215,59.908206939697266,31.19989013671875,44.536808013916016,21.418317794799805,77.0791244506836,47.748558044433594,41.4541130065918
2018-10-30,35.50712203979492,64.64212036132812,41.829803466796875,43.040958404541016,73.96111297607422,22.26932144165039,23.887540817260742,22.44951629638672,61.142513275146484,31.549449920654297,45.4201774597168,21.501432418823242,77.90587615966797,48.46595764160156,42.64004135131836
2018-10-31,36.37449645996094,63.970558166503906,41.873226165771484,43.52529525756836,75.75257873535156,22.573972702026367,24.03426170349121,22.76131820678711,61.60979461669922,32.29984664916992,44.99484634399414,21.248144149780273,78.01140594482422,49.090171813964844,42.033687591552734
2018-11-01,36.751625061035156,64.20808410644531,42.64117431640625,45.62565231323242,76.03106689453125,23.209014892578125,24.238248825073242,22.865245819091797,62.6942138671875,32.67738342285156,45.3138542175293,21.153165817260742,78.9964370727539,50.091732025146484,42.72029113769531
2018-11-02,36.36457443237305,63.65933609008789,42.62288284301758,44.899147033691406,75.69690704345703,23.153230667114258,24.177412033081055,22.847919464111328,62.58842468261719,32.03884506225586,45.076629638671875,21.034440994262695,78.5039291381836,50.29671096801758,43.05912399291992
2018-11-05,36.1700553894043,64.5929946899414,42.627445220947266,44.484657287597656,75.52053833007812,23.22188377380371,24.581796646118164,23.211685180664062,62.91463088989258,32.0062255859375,45.641021728515625,21.331254959106445,79.19872283935547,50.3665771484375,43.264217376708984
2018-11-06,36.1760139465332,64.87141418457031,43.1142692565918,44.945709228515625,75.94752502441406,23.6037654876709,24.696325302124023,23.332942962646484,63.57586669921875,32.206626892089844,45.91911315917969,21.473724365234375,79.60327911376953,50.59017562866211,43.326637268066406
2018-11-07,37.5812873840332,65.6904296875,44.08333206176758,45.49990463256836,77.24703979492188,24.0285587310791,25.1007080078125,23.636079788208008,64.60740661621094,33.15279769897461,46.18085479736328,21.71910285949707,81.9427719116211,51.95974349975586,43.73680114746094
2018-11-08,37.41456985473633,65.71498107910156,43.866207122802734,45.290340423583984,76.33738708496094,23.925580978393555,24.556747436523438,23.70536994934082,64.50161743164062,33.12481689453125,46.205406188964844,21.683473587036133,81.98672485351562,51.97372055053711,44.24506378173828
2018-11-09,36.42411804199219,65.80506896972656,43.27882385253906,44.47068405151367,75.06573486328125,23.59089469909668,24.513803482055664,23.488847732543945,63.84919357299805,32.55154037475586,46.475318908691406,21.715133666992188,81.749267578125,51.25165939331055,43.380130767822266
2018-11-12,35.37015914916992,65.73136138916016,42.68915939331055,42.52402114868164,73.99824523925781,23.24333953857422,24.005634307861328,23.021141052246094,62.58842468261719,31.404964447021484,46.22993469238281,21.703262329101562,80.64110565185547,50.2221565246582,42.97888946533203
2018-11-13,35.46940612792969,65.7886962890625,42.96343231201172,43.07355880737305,73.71978759765625,23.1746883392334,23.454519271850586,23.151060104370117,62.87055206298828,31.44224739074707,46.123600006103516,21.794286727905273,80.07823944091797,50.198883056640625,42.952125549316406
2018-11-14,35.12403869628906,65.67403411865234,43.0731315612793,43.297096252441406,73.90542602539062,23.148942947387695,23.415157318115234,22.839262008666992,62.6589469909668,31.064714431762695,45.812782287597656,21.568708419799805,79.43618774414062,49.82155227661133,42.29228973388672
2018-11-15,36.04501724243164,65.26453399658203,43.7267951965332,44.666290283203125,74.3416976928711,23.46646499633789,23.75870704650879,23.177040100097656,63.48769760131836,31.843076705932617,45.73916244506836,21.3906192779541,80.1397933959961,49.74700927734375,42.006961822509766
2018-11-16,35.85248565673828,66.05077362060547,43.62851333618164,43.90717697143555,74.3045654296875,23.70245933532715,24.04142189025879,23.20302963256836,63.47007369995117,31.79181671142578,45.85368347167969,21.71910285949707,80.94892883300781,49.55135726928711,41.42735290527344
2018-11-19,33.91525650024414,66.05077362060547,43.41368103027344,42.25856018066406,72.5037841796875,23.363483428955078,24.03426170349121,23.194360733032227,62.46499252319336,30.579992294311523,45.78007125854492,21.814077377319336,79.91992950439453,48.340187072753906,40.58026123046875
2018-11-20,33.62348937988281,65.34644317626953,42.08120346069336,42.2213134765625,71.45489501953125,22.938688278198242,23.24696159362793,22.683364868164062,61.16895294189453,29.92280387878418,45.019378662109375,21.723052978515625,79.17234802246094,47.24544906616211,39.23383712768555
2018-11-21,34.342010498046875,65.43653106689453,42.693729400634766,42.407588958740234,72.290283203125,23.123199462890625,23.61198616027832,22.70068359375,61.60100173950195,30.141870498657227,44.659481048583984,21.402490615844727,78.72380828857422,47.739234924316406,39.90259552001953
2018-11-23,34.300323486328125,65.21541595458984,42.73715591430664,42.347049713134766,71.72407531738281,22.874330520629883,22.87120246887207,22.518800735473633,61.47754669189453,29.86687469482422,44.814884185791016,21.41436004638672,78.83812713623047,47.52494812011719,40.01850891113281
2018-11-26,35.104190826416016,65.44471740722656,43.18511962890625,43.18998336791992,73.09785461425781,23.136066436767578,23.21474266052246,22.977840423583984,61.92719268798828,30.542701721191406,44.87214279174805,21.54100227355957,79.60327911376953,48.59172821044922,40.80318832397461
2018-11-27,34.89181137084961,65.64945983886719,43.29711151123047,43.25518798828125,73.36705780029297,22.852880477905273,23.150333404541016,22.99515724182129,61.82140350341797,30.60329818725586,45.2729377746582,21.703262329101562,80.43001556396484,48.736141204833984,40.901268005371094
2018-11-28,36.388389587402344,66.23094940185547,44.38502502441406,44.40082931518555,74.97286224365234,23.204723358154297,23.547571182250977,23.436874389648438,63.30256652832031,31.675304412841797,45.649192810058594,21.687437057495117,82.36490631103516,50.17559814453125,41.57002639770508
2018-11-29,36.42808532714844,66.32103729248047,44.04905700683594,43.981689453125,75.1956558227539,23.37206268310547,23.701452255249023,23.237668991088867,63.337825775146484,31.367685317993164,45.72280502319336,21.67951774597168,82.63754272460938,49.942665100097656,41.329280853271484
2018-11-30,36.848880767822266,66.97621154785156,44.63186264038086,45.0574836730957,75.1956558227539,23.4321346282959,23.658498764038086,23.35892677307129,63.95497512817383,31.665969848632812,46.01726150512695,22.000085830688477,84.31741333007812,50.306007385253906,41.329280853271484
2018-12-03,37.10294723510742,67.2874526977539,44.734710693359375,45.84918975830078,75.18635559082031,23.844053268432617,24.1845703125,23.506160736083984,64.69556427001953,32.365116119384766,46.05816650390625,22.22170639038086,83.912841796875,51.24700927734375,41.89102554321289
2018-12-04,36.0251579284668,66.2473373413086,42.7760124206543,43.59515380859375,72.86579895019531,23.136066436767578,23.490306854248047,22.484153747558594,61.94481658935547,31.13929557800293,45.2811279296875,22.237539291381836,82.03951263427734,49.40229415893555,40.34843063354492
2018-12-06,36.338775634765625,67.90984344482422,42.728004455566406,43.33900833129883,73.45061492919922,22.822839736938477,23.05729103088379,22.17235565185547,61.60100173950195,31.209211349487305,45.330196380615234,22.26128578186035,81.7316665649414,49.639869689941406,40.11659240722656
2018-12-07,35.18357849121094,66.9516372680664,41.013858795166016,41.69504928588867,72.0582504272461,22.27361297607422,22.928457260131836,21.747966766357422,59.97873306274414,30.109241485595703,44.757652282714844,22.344385147094727,79.64727020263672,48.153831481933594,38.61857986450195
2018-12-10,35.72544860839844,66.57490539550781,40.719032287597656,42.17939376831055,72.37382507324219,22.33368682861328,22.57059097290039,21.444826126098633,60.12862014770508,30.524065017700195,44.757652282714844,22.38792610168457,79.95510864257812,48.19110107421875,38.77907180786133
2018-12-11,35.71751403808594,66.62405395507812,40.56361389160156,42.38896179199219,72.52236938476562,22.2607421875,22.577747344970703,21.236961364746094,59.77594757080078,30.56135368347168,45.1257209777832,22.47895050048828,80.20135498046875,48.209739685058594,38.60964584350586
2018-12-12,36.205787658691406,65.52662658691406,40.57275390625,43.03164291381836,73.04216003417969,22.453828811645508,22.667217254638672,21.35821533203125,60.110992431640625,30.79904556274414,45.068450927734375,22.336477279663086,80.88735961914062,48.717506408691406,38.95741653442383
2018-12-13,36.1303596496582,65.91971588134766,39.91223907470703,42.887271881103516,72.62966918945312,22.192100524902344,22.738792419433594,21.202322006225586,59.943450927734375,30.85032081604004,45.346561431884766,22.530391693115234,80.96651458740234,48.47527313232422,37.91415023803711
2018-12-14,35.2074089050293,65.7886962890625,39.27229690551758,42.2213134765625,71.84750366210938,22.02045440673828,22.219884872436523,20.99445343017578,59.114723205566406,30.095260620117188,44.577701568603516,22.486860275268555,78.2400894165039,47.669368743896484,37.46830749511719
2018-12-17,34.092708587646484,63.360069274902344,38.79729080200195,41.820796966552734,70.30179595947266,21.642866134643555,21.815494537353516,20.786584854125977,58.1448860168457,29.45672035217285,43.54708480834961,21.762636184692383,76.68336486816406,46.45818328857422,36.656890869140625
2018-12-18,34.446449279785156,63.92850875854492,38.96235275268555,42.32376480102539,70.67427062988281,21.76300811767578,21.300168991088867,20.708635330200195,58.43584442138672,29.68976593017578,43.031795501708984,21.616199493408203,76.01496124267578,46.821537017822266,36.7906379699707
2018-12-19,34.2318229675293,63.228275299072266,37.742774963378906,40.488868713378906,69.40790557861328,21.466941833496094,21.04966163635254,20.448801040649414,57.333778381347656,29.10249137878418,42.61463928222656,21.580577850341797,75.0211410522461,45.89451599121094,36.273460388183594
2018-12-20,33.633636474609375,62.30559158325195,37.23613739013672,40.1651496887207,68.24394989013672,21.17946434020996,20.466339111328125,20.266921997070312,56.28461837768555,28.580476760864258,41.85395431518555,21.568708419799805,73.9657211303711,44.86500549316406,35.6403694152832
2018-12-21,32.41341018676758,61.53120422363281,36.59426498413086,39.47216033935547,66.07437896728516,20.98900032043457,20.267675399780273,19.861669540405273,55.221866607666016,27.71213150024414,41.41978073120117,21.476512908935547,73.0468978881836,43.84830856323242,34.563175201416016
2018-12-24,31.636362075805664,59.31510925292969,35.622257232666016,38.42791748046875,64.7707748413086,20.444841384887695,19.447723388671875,19.44334602355957,53.52751541137695,26.972518920898438,40.22291564941406,20.578500747680664,71.2975845336914,43.0158576965332,34.428871154785156
2018-12-26,33.697227478027344,61.25933837890625,37.527286529541016,40.58759307861328,68.28119659423828,21.360410690307617,20.657777786254883,20.323564529418945,56.020263671875,28.601537704467773,41.34550476074219,20.857879638671875,74.40746307373047,45.56464385986328,36.39879608154297
2018-12-27,34.20399856567383,61.358184814453125,37.761112213134766,40.94358444213867,68.68159484863281,21.7534122467041,20.766151428222656,20.567594528198242,56.721073150634766,28.80750846862793,41.741703033447266,21.033493041992188,75.22911071777344,45.80782699584961,36.30924987792969
2018-12-28,34.148353576660156,61.54765701293945,37.550201416015625,41.22362518310547,68.70951843261719,21.636810302734375,20.607215881347656,20.55887794494629,56.57026290893555,28.741975784301758,41.741703033447266,21.085376739501953,75.31745910644531,45.81250762939453,36.497283935546875
2018-12-31,34.4862060546875,61.73714828491211,37.827598571777344,41.4277229309082,68.97025299072266,21.818195343017578,20.715576171875,20.759321212768555,57.13801574707031,29.013479232788086,41.9150390625,21.121294021606445,76.4306640625,46.30353927612305,36.703243255615234
2019-01-02,34.30534744262695,60.40255355834961,37.930755615234375,41.73150634765625,69.87348937988281,21.93048858642578,21.123748779296875,20.933622360229492,57.430755615234375,29.032203674316406,41.66740417480469,20.75809669494629,75.2732925415039,46.654300689697266,37.22256851196289
2019-01-03,33.22623062133789,60.78976058959961,36.61717987060547,39.225337982177734,68.93302917480469,21.3085880279541,20.914247512817383,20.463008880615234,55.68315505981445,27.567014694213867,41.42803955078125,20.75411033630371,73.74486541748047,45.644142150878906,36.703243255615234
2019-01-04,34.75051498413086,61.4405632019043,38.033912658691406,41.05274963378906,71.79164123535156,22.146421432495117,21.625829696655273,21.14278793334961,57.79446029663086,28.78878402709961,42.31123733520508,21.061431884765625,75.94474792480469,47.15469741821289,37.831459045410156
2019-01-07,35.44210433959961,62.05842590332031,38.334228515625,41.84542465209961,72.46205139160156,22.224153518676758,21.94731330871582,21.16893196105957,58.264617919921875,29.046241760253906,42.253456115722656,20.917743682861328,76.23629760742188,48.22098159790039,39.00445556640625
2019-01-08,36.0045280456543,63.18707275390625,38.94630813598633,41.60334777832031,73.69119262695312,22.45737075805664,22.117090225219727,21.186368942260742,59.0629997253418,29.28965950012207,42.64141082763672,21.177173614501953,76.82823944091797,48.754119873046875,39.34471893310547
2019-01-09,36.244991302490234,63.10466766357422,39.52400207519531,42.66657257080078,73.5142822265625,22.46600341796875,22.46746253967285,21.290943145751953,59.46220397949219,29.668827056884766,42.24521255493164,21.049455642700195,77.17277526855469,49.00197982788086,39.6760139465332
2019-01-10,36.43775939941406,63.97792053222656,39.69363784790039,43.10799789428711,73.72842407226562,22.6646671295166,22.532480239868164,21.29965591430664,60.269474029541016,29.799898147583008,42.492835998535156,21.324846267700195,77.32294464111328,48.86167526245117,39.04027557373047
2019-01-11,36.318519592285156,64.20038604736328,39.668426513671875,43.4639892578125,73.76567077636719,22.573974609375,22.398828506469727,21.351945877075195,60.20737075805664,29.74372673034668,42.61665344238281,21.24502182006836,77.57917785644531,48.908443450927734,39.24622344970703
2019-01-14,35.930992126464844,63.99440383911133,39.70279312133789,42.718788146972656,73.41182708740234,22.401226043701172,22.344650268554688,21.500102996826172,60.198490142822266,29.467548370361328,42.41029739379883,20.766082763671875,76.72219848632812,48.60913848876953,38.95969772338867
2019-01-15,36.586814880371094,64.62874603271484,39.40709686279297,42.832698822021484,74.49198913574219,22.25438690185547,22.424116134643555,21.691835403442383,60.012229919433594,29.91225242614746,42.831268310546875,21.02151870727539,78.10045623779297,49.04874038696289,39.085044860839844
2019-01-16,36.56097412109375,65.03241729736328,39.59964370727539,42.49569320678711,74.17537689208984,22.340755462646484,22.395219802856445,22.15373420715332,60.074302673339844,29.94033432006836,42.60013961791992,21.097347259521484,77.9590835571289,48.93649673461914,39.174591064453125
2019-01-17,36.83125686645508,65.37843322753906,40.211734771728516,43.02256393432617,74.39884185791016,22.733768463134766,22.601106643676758,22.275745391845703,61.10331726074219,30.13226318359375,42.78173828125,21.185155868530273,78.64820861816406,49.2685432434082,39.43425369262695
2019-01-18,37.475154876708984,65.6255874633789,41.25939178466797,44.08578872680664,74.86443328857422,23.109487533569336,23.059850692749023,22.659208297729492,62.26545333862305,30.591007232666016,43.29350280761719,21.209102630615234,79.58468627929688,49.95134353637695,40.16850662231445
2019-01-22,36.952484130859375,65.43611145019531,40.475364685058594,42.808963775634766,73.4863052368164,22.789907455444336,22.557762145996094,22.39775848388672,60.979122161865234,30.076086044311523,42.89728546142578,21.249019622802734,79.03695678710938,49.20307540893555,39.18354034423828
2019-01-23,36.942543029785156,65.43611145019531,40.10628128051758,42.63809585571289,73.47701263427734,22.634437561035156,22.32659339904785,22.423900604248047,61.067832946777344,30.179065704345703,43.4090576171875,21.464536666870117,79.12528228759766,49.301292419433594,39.2193603515625
2019-01-24,37.01408767700195,65.66678619384766,40.560184478759766,45.14901351928711,73.6259994506836,22.513511657714844,22.445791244506836,22.476192474365234,61.37833023071289,30.431852340698242,42.872535705566406,21.5762939453125,78.46268463134766,49.50706100463867,39.36262130737305
2019-01-25,37.576507568359375,66.43290710449219,40.890296936035156,45.98914337158203,74.28710174560547,22.94106674194336,22.73115348815918,22.659208297729492,62.15897750854492,30.86250877380371,42.699195861816406,21.28094482421875,78.55986022949219,50.05422592163086,39.998374938964844
2019-01-28,37.196922302246094,67.0343246459961,40.860496520996094,45.13002014160156,73.53289794921875,22.90651512145996,22.503583908081055,22.58949089050293,61.564640045166016,30.45058250427246,42.88078689575195,21.181167602539062,77.66754913330078,49.7642822265625,39.88196563720703
2019-01-29,36.72990417480469,67.5698013305664,41.073673248291016,44.531959533691406,72.74141693115234,23.144046783447266,22.572216033935547,22.511051177978516,62.4162483215332,30.122894287109375,42.979835510253906,21.24103546142578,78.04743194580078,49.44158935546875,39.31785202026367
2019-01-30,37.56060791015625,68.10529327392578,41.55510711669922,45.87997817993164,73.69119262695312,23.390209197998047,22.890079498291016,22.64177894592285,63.39206314086914,31.059112548828125,43.268741607666016,21.40467071533203,79.11646270751953,50.41432571411133,39.4700813293457
2019-01-31,38.200531005859375,68.82198333740234,41.4565315246582,45.84674835205078,76.25184631347656,23.04039764404297,23.03818130493164,22.606924057006836,63.66706085205078,31.02635383605957,44.06939697265625,21.855670928955078,80.10596466064453,50.87263870239258,39.541709899902344
2019-02-01,38.546321868896484,68.35240173339844,41.738494873046875,46.43056869506836,76.1587142944336,23.109487533569336,23.439125061035156,22.702783584594727,63.764652252197266,31.20891761779785,43.929080963134766,21.771860122680664,80.17665100097656,50.12904739379883,39.25518798828125
2019-02-04,39.20611572265625,68.81377410888672,42.093833923339844,46.658409118652344,76.81051635742188,23.070627212524414,23.493310928344727,22.798643112182617,64.5896224975586,31.70979118347168,44.209716796875,21.807777404785156,79.94692993164062,50.4564094543457,39.68497085571289
2019-02-05,39.5717887878418,69.23391723632812,42.26806640625,46.919464111328125,77.28540802001953,23.239059448242188,23.529430389404297,22.737642288208008,65.14852905273438,31.976608276367188,44.21797180175781,21.851680755615234,79.83207702636719,50.92876434326172,40.096866607666016
2019-02-06,39.15444564819336,68.75609588623047,42.19240188598633,48.082366943359375,76.16802978515625,23.100858688354492,23.356048583984375,22.711498260498047,65.16624450683594,32.08427810668945,44.226234436035156,21.839706420898438,80.1943130493164,50.71831512451172,39.83719253540039
2019-02-07,38.906028747558594,69.28334045410156,42.0594367980957,47.04762268066406,75.47899627685547,22.781272888183594,22.83951759338379,22.484907150268555,64.72266387939453,31.644248962402344,44.19320297241211,22.127071380615234,79.31082916259766,50.302085876464844,39.56858444213867
2019-02-08,39.55787658691406,69.29981994628906,41.999839782714844,46.919464111328125,75.78629302978516,22.759679794311523,22.734756469726562,22.371614456176758,64.82027435302734,31.826831817626953,44.399574279785156,22.222858428955078,79.46101379394531,50.10099792480469,39.326805114746094
2019-02-11,39.543968200683594,69.49752807617188,42.50188064575195,47.12356948852539,75.423095703125,22.79422950744629,22.84312629699707,22.44133186340332,65.16624450683594,31.81278419494629,44.51513671875,22.214879989624023,79.36385345458984,50.189842224121094,39.541709899902344
2019-02-12,40.189849853515625,69.0938491821289,43.09792709350586,48.17254638671875,76.39151763916016,23.303836822509766,23.132095336914062,22.772504806518555,66.17752838134766,32.23406982421875,44.8618049621582,22.266767501831055,80.4505386352539,50.96150588989258,40.19536590576172
2019-02-13,40.18388366699219,69.41515350341797,43.31110382080078,48.28646469116211,76.29841613769531,23.334070205688477,23.421058654785156,22.833513259887695,66.56788635253906,32.27621078491211,44.94435119628906,22.20290184020996,80.62722778320312,51.30757141113281,40.213279724121094
2019-02-14,40.37466812133789,69.6375732421875,43.487640380859375,48.428855895996094,76.42876434326172,23.213146209716797,23.5041446685791,22.554628372192383,66.25737762451172,32.3323860168457,44.44083786010742,22.16698455810547,80.81275177001953,51.1204948425293,40.132686614990234
2019-02-15,40.57538986206055,70.06598663330078,43.63204574584961,48.675689697265625,77.01538848876953,23.528411865234375,23.883420944213867,23.03395652770996,67.14448547363281,32.589847564697266,44.8618049621582,22.234840393066406,82.03196716308594,51.471248626708984,40.598323822021484
2019-02-19,40.62904739379883,70.08246612548828,43.838375091552734,48.61872100830078,77.2481918334961,23.675247192382812,23.955659866333008,23.06882095336914,67.11787414550781,32.59920120239258,45.09292984008789,22.366544723510742,81.83760070800781,51.681697845458984,40.81320571899414
2019-02-20,40.28722381591797,69.58814239501953,43.86588668823242,49.060150146484375,77.20162963867188,24.081209182739258,24.056798934936523,23.216978073120117,67.43721771240234,32.63665008544922,45.010372161865234,22.466327667236328,81.74041748046875,51.78459548950195,40.875892639160156
2019-02-21,40.340885162353516,69.64582061767578,43.879642486572266,48.75636672973633,76.50325012207031,23.986196517944336,23.684751510620117,23.094961166381836,67.16220092773438,32.650699615478516,45.14244079589844,22.629962921142578,81.0248031616211,51.681697845458984,40.240150451660156
2019-02-22,40.97086715698242,70.01652526855469,43.7237548828125,49.44936752319336,77.12711334228516,24.08984375,23.753381729125977,23.060104370117188,67.60578155517578,33.067317962646484,44.92783737182617,22.769655227661133,81.76692199707031,51.96230697631836,40.42817306518555
2019-02-25,41.08414840698242,69.50577545166016,43.716880798339844,49.90028381347656,76.8850326538086,24.245317459106445,23.79311752319336,23.155969619750977,67.87190246582031,33.226463317871094,44.680213928222656,22.62198257446289,81.88179016113281,51.789268493652344,40.553531646728516
2019-02-26,41.1815299987793,69.31627655029297,43.560997009277344,49.57752227783203,76.68949127197266,24.107118606567383,23.71725845336914,23.086252212524414,67.68560028076172,33.296695709228516,44.704978942871094,22.594038009643555,81.59024810791016,51.85941696166992,40.849021911621094
2019-02-27,41.360389709472656,69.11857604980469,43.34779357910156,49.06964111328125,76.65222930908203,24.06825065612793,23.807565689086914,23.173402786254883,67.95171356201172,33.263916015625,44.638946533203125,22.62198257446289,81.21033477783203,51.82200241088867,41.26091384887695
2019-02-28,41.16165542602539,69.32455444335938,43.27901840209961,49.04591369628906,76.53119659423828,23.774578094482422,23.56916618347168,23.112394332885742,67.72107696533203,33.17029571533203,44.85355758666992,22.753686904907227,80.97178649902344,51.54140090942383,41.08182907104492
2019-03-01,41.360389709472656,69.17623901367188,43.28131103515625,49.49683380126953,77.29473114013672,23.744346618652344,24.002620697021484,23.260549545288086,67.7831802368164,33.39498519897461,44.77101516723633,22.80158233642578,82.12032318115234,51.95763397216797,41.34149932861328
2019-03-04,40.58731460571289,69.464599609375,43.0062255859375,49.52056121826172,77.23885345458984,23.85231590270996,24.04596519470215,23.112394332885742,67.48158264160156,33.26859664916992,44.69672393798828,22.84149742126465,81.00713348388672,51.7939453125,40.54458999633789
2019-03-05,40.422367095947266,69.67877960205078,42.65776824951172,49.28798294067383,77.65787506103516,23.740026473999023,23.96649169921875,23.025238037109375,67.04689025878906,33.17029571533203,44.66370391845703,22.81355857849121,80.96295928955078,51.92489242553711,40.875892639160156
2019-03-06,40.18388366699219,69.34098815917969,42.430824279785156,48.457340240478516,77.60201263427734,23.791854858398438,23.6630802154541,22.877090454101562,66.41705322265625,32.997093200683594,44.5976676940918,22.81355857849121,79.77909088134766,51.681697845458984,40.553531646728516
2019-03-07,40.11830139160156,69.21741485595703,42.02735137939453,47.93048095703125,77.02471923828125,23.597509384155273,23.522201538085938,22.64177894592285,66.01785278320312,32.683467864990234,44.30876922607422,22.88939094543457,79.15180206298828,51.05503463745117,39.98942565917969
2019-03-08,40.09246826171875,69.28334045410156,41.871456146240234,47.916236877441406,76.87570190429688,23.636377334594727,23.081527709960938,22.63306427001953,65.88479614257812,32.67879104614258,44.333526611328125,22.969207763671875,78.98394012451172,50.699607849121094,39.66706848144531
2019-03-11,40.849639892578125,70.30488586425781,42.66923522949219,48.93674087524414,78.20722961425781,23.97323989868164,23.442739486694336,22.86837387084961,66.44368743896484,33.38094711303711,44.91133499145508,23.13284683227539,79.88510131835938,51.396427154541016,40.392364501953125
2019-03-12,40.9967041015625,70.59323120117188,42.462913513183594,49.17881774902344,78.68214416503906,24.063936233520508,23.594444274902344,22.9206600189209,65.89366149902344,33.57755661010742,44.92783737182617,23.292495727539062,80.46820068359375,51.54140090942383,40.49980926513672
2019-03-13,41.243133544921875,70.91450500488281,42.89848709106445,49.3781623840332,78.90560150146484,24.180538177490234,23.83285140991211,23.077533721923828,66.47027587890625,33.79756546020508,45.18372344970703,23.316438674926758,81.33402252197266,51.72378921508789,40.616214752197266
2019-03-14,41.40410614013672,71.02161407470703,42.788429260253906,49.102867126464844,78.62628936767578,23.999155044555664,23.858131408691406,23.164682388305664,66.24851989746094,33.86777877807617,45.14244079589844,23.312450408935547,81.20149230957031,51.569461822509766,39.98046875
2019-03-15,41.423980712890625,70.85681915283203,42.71050262451172,50.417659759521484,78.62628936767578,24.029083251953125,23.848669052124023,23.32674217224121,66.01473236083984,34.27776336669922,45.39806365966797,23.39689064025879,81.5748291015625,51.900291442871094,39.88705825805664
2019-03-18,41.588932037353516,70.4614028930664,43.08187484741211,50.280006408691406,78.1048355102539,24.08546257019043,24.179948806762695,23.563249588012695,66.6571273803711,34.42333984375,45.464454650878906,23.308429718017578,81.45068359375,52.40239334106445,40.15650177001953
2019-03-19,41.82939529418945,70.25543975830078,42.529388427734375,50.85908889770508,78.09554290771484,24.055105209350586,24.114421844482422,23.37929344177246,66.4162368774414,34.4937858581543,45.4312744140625,23.043060302734375,82.0980224609375,52.66520309448242,39.994834899902344
2019-03-20,41.66643524169922,70.49024963378906,41.972625732421875,50.42240524291992,78.69144439697266,24.033418655395508,24.3255672454834,22.89751625061035,65.9612045288086,34.39986801147461,45.240379333496094,23.103370666503906,81.5304946899414,52.740272521972656,39.635562896728516
2019-03-21,42.66010284423828,71.68501281738281,42.56365203857422,52.15963363647461,79.46190643310547,24.28931999206543,24.496665954589844,22.827438354492188,66.59466552734375,35.263973236083984,45.771549224853516,23.3486385345459,81.84973907470703,53.46293640136719,40.03974914550781
2019-03-22,41.402122497558594,71.25357055664062,41.579376220703125,50.66922378540039,78.3799057006836,23.564985275268555,23.834108352661133,22.196748733520508,65.08683776855469,34.432735443115234,45.71345138549805,23.517513275146484,80.35993957519531,52.40239334106445,38.997886657714844
2019-03-25,41.425968170166016,71.27015686035156,41.37009048461914,50.028446197509766,78.27729034423828,23.521608352661133,23.84502601623535,22.10039710998535,65.238525390625,34.2824592590332,45.804744720458984,23.53761863708496,80.31561279296875,52.712120056152344,39.44694900512695
2019-03-26,41.66842269897461,71.8011703491211,41.804744720458984,50.49359893798828,78.6410903930664,23.66474151611328,24.187232971191406,22.363183975219727,65.67571258544922,34.47030258178711,46.19483184814453,23.706485748291016,80.86543273925781,52.937374114990234,39.734371185302734
2019-03-27,41.090110778808594,71.65182495117188,42.18879318237305,49.75789260864258,78.10008239746094,23.634376525878906,24.016130447387695,22.266828536987305,65.74710083007812,34.27306365966797,46.03713607788086,23.54163932800293,80.19145202636719,52.82944107055664,40.138526916503906
2019-03-28,41.39814758300781,72.27406311035156,42.685543060302734,49.662960052490234,77.74563598632812,23.8642635345459,24.10714340209961,22.459537506103516,66.22887420654297,34.413944244384766,46.2612190246582,23.264205932617188,80.39541625976562,53.14853286743164,40.300209045410156
2019-03-29,41.89696502685547,72.21599578857422,43.06501007080078,50.46986770629883,77.90420532226562,24.07245635986328,24.070737838745117,22.520854949951172,66.94267272949219,34.752079010009766,46.56829833984375,23.38884925842285,81.36200714111328,53.42539978027344,40.42595291137695
2019-04-01,42.46733093261719,72.19112396240234,44.023990631103516,51.71345901489258,78.93955993652344,24.43245506286621,24.38745880126953,23.072710037231445,68.32556915283203,35.22639846801758,46.41059875488281,23.228015899658203,81.48614501953125,54.0119743347168,40.68642044067383
2019-04-02,42.49515151977539,72.65574645996094,43.97340393066406,51.75618362426758,79.26605987548828,24.51487159729004,24.219995498657227,23.055187225341797,68.2988052368164,35.3484992980957,46.028831481933594,23.260181427001953,81.29991912841797,54.00257873535156,40.3091926574707
2019-04-03,42.6839485168457,72.58106994628906,44.01708984375,52.96179962158203,79.59249114990234,24.83582878112793,23.987009048461914,23.125268936157227,68.09358978271484,35.634971618652344,45.804744720458984,23.2239933013916,81.1935043334961,54.3826789855957,40.53372573852539
2019-04-04,41.8611946105957,72.47321319580078,44.19877624511719,53.018760681152344,80.11483764648438,25.08740234375,24.187232971191406,23.265419006347656,68.51294708251953,35.48469543457031,45.979042053222656,23.14358139038086,81.02503204345703,54.823787689208984,40.98281478881836
2019-04-05,42.065895080566406,72.97102355957031,44.38505935668945,53.41747283935547,80.29206848144531,25.078723907470703,24.61316680908203,23.300460815429688,68.70922088623047,35.653751373291016,46.136722564697266,23.360702514648438,81.5837173461914,55.14757537841797,40.98281478881836
2019-04-08,42.111602783203125,72.53958129882812,44.444847106933594,53.526634216308594,80.22677612304688,25.08740234375,24.722381591796875,23.32674217224121,68.41478729248047,35.78994369506836,46.327606201171875,23.19584846496582,81.56597137451172,55.34466552734375,40.866050720214844
2019-04-09,42.087745666503906,72.19112396240234,44.021705627441406,52.942813873291016,80.40400695800781,24.905229568481445,24.420225143432617,23.134029388427734,67.48690032958984,35.62089157104492,46.26951599121094,23.25214195251465,81.3531494140625,54.847251892089844,40.3720703125
2019-04-10,42.57464599609375,72.84657287597656,44.249366760253906,53.37000274658203,80.87037658691406,24.89221954345703,24.511234283447266,23.204103469848633,67.46907043457031,35.869781494140625,46.402313232421875,23.179765701293945,81.3797378540039,55.11003875732422,40.9648551940918
2019-04-11,42.672027587890625,72.77188873291016,44.61042785644531,53.31779098510742,80.95433807373047,24.87920570373535,24.529436111450195,23.344255447387695,68.04898834228516,35.82282638549805,46.493595123291016,23.29636573791504,80.3777084350586,55.180423736572266,40.704383850097656
2019-04-12,42.799217224121094,73.15354919433594,45.157772064208984,54.067745208740234,81.74717712402344,25.20884895324707,24.594966888427734,23.77347183227539,68.95011901855469,36.071720123291016,46.642982482910156,23.40492820739746,79.64163208007812,55.52299118041992,40.614559173583984
2019-04-15,42.7276725769043,72.78018951416016,44.753013610839844,53.678524017333984,81.70984649658203,25.091739654541016,24.449342727661133,23.62456512451172,68.56648254394531,36.05763626098633,46.9168701171875,23.400907516479492,79.96089172363281,55.635616302490234,40.65946960449219
2019-04-16,42.481239318847656,71.22036743164062,44.7783088684082,54.988563537597656,81.92438507080078,25.204509735107422,24.60952377319336,23.957427978515625,68.98580169677734,36.240787506103516,46.925167083740234,23.111413955688477,78.32035064697266,55.8796272277832,40.8570671081543
2019-04-17,42.049991607666016,70.57320404052734,45.21067428588867,55.80022430419922,81.91507720947266,25.048362731933594,24.576765060424805,24.01874542236328,69.07501983642578,36.44272232055664,47.15755844116211,23.02295684814453,76.06795501708984,55.9875602722168,40.91094970703125
2019-04-18,42.10563659667969,71.05442810058594,45.436031341552734,55.880916595458984,82.00834655761719,25.078723907470703,24.460268020629883,23.94866943359375,69.86909484863281,36.5460319519043,47.199066162109375,23.035017013549805,76.19207000732422,55.96877670288086,40.713356018066406
2019-04-22,42.52695083618164,70.3575210571289,45.39925003051758,55.838199615478516,82.39079284667969,24.909568786621094,24.97721290588379,23.87858772277832,69.65495300292969,36.63057327270508,47.21565246582031,23.014921188354492,76.23641967773438,55.75762176513672,39.878074645996094
2019-04-23,43.19270706176758,71.19548034667969,45.50043487548828,56.28911209106445,83.15565490722656,25.022340774536133,24.937164306640625,24.027507781982422,70.26167297363281,37.02973937988281,47.06625747680664,23.07925033569336,77.44245147705078,56.42396926879883,40.53372573852539
2019-04-24,43.12712860107422,71.66011047363281,45.886783599853516,56.76852035522461,82.57733917236328,24.86618995666504,24.500316619873047,24.001222610473633,70.05645751953125,37.04384231567383,47.16585922241211,23.228015899658203,77.353759765625,56.47559356689453,41.21632766723633
2019-04-25,43.50471878051758,71.51908111572266,44.82659912109375,55.648338317871094,83.15565490722656,24.549562454223633,24.423858642578125,24.04502296447754,68.64678192138672,37.03444290161133,46.86708450317383,23.324512481689453,78.15186309814453,56.17995071411133,40.8390998840332
2019-04-26,43.856475830078125,72.05835723876953,44.985294342041016,54.969581604003906,83.78060913085938,24.7534236907959,24.10714340209961,24.264009475708008,69.16425323486328,36.893558502197266,47.29035568237305,23.360702514648438,78.93222045898438,56.62574768066406,41.1354866027832
2019-04-29,43.95584487915039,71.3697280883789,44.686309814453125,54.68003845214844,84.40552520751953,24.705713272094727,24.085296630859375,24.509275436401367,69.32484436035156,36.902950286865234,47.34843826293945,23.2239933013916,78.79034423828125,56.42866897583008,41.23428726196289
2019-04-30,44.09496307373047,72.1828384399414,44.85190963745117,55.178428649902344,82.62397766113281,24.91823959350586,24.067092895507812,24.5443172454834,69.6014404296875,36.9640007019043,47.89620590209961,23.605966567993164,79.15393829345703,56.34419631958008,41.02771759033203
2019-05-01,43.40336227416992,72.133056640625,44.090675354003906,54.7559928894043,82.12028503417969,24.46715545654297,23.5865535736084,24.34284782409668,69.14639282226562,36.870079040527344,47.30694580078125,23.364721298217773,79.01203918457031,55.65907287597656,40.48881530761719
2019-05-02,43.25431442260742,72.15792846679688,44.63803482055664,55.27336120605469,81.74717712402344,24.341371536254883,23.175180435180664,24.369125366210938,69.1107177734375,36.677528381347656,47.29035568237305,23.312448501586914,79.34900665283203,55.701297760009766,40.77623748779297
2019-05-03,43.687557220458984,72.73041534423828,45.362457275390625,55.766998291015625,82.81985473632812,24.579923629760742,23.389968872070312,24.588111877441406,69.94942474365234,37.02505111694336,47.64722442626953,23.441112518310547,79.95201873779297,56.35826110839844,41.17141342163086
2019-05-06,43.643829345703125,72.48979949951172,45.12327575683594,54.87465286254883,82.86649322509766,24.228605270385742,23.411819458007812,24.42168426513672,69.28022003173828,36.738590240478516,47.572532653808594,23.312448501586914,80.35993957519531,56.015716552734375,40.866050720214844
2019-05-07,42.654144287109375,71.17060852050781,44.1596794128418,53.62156677246094,81.66325378417969,23.803537368774414,23.207948684692383,24.01874542236328,67.87946319580078,35.949623107910156,47.099464416503906,23.240079879760742,78.81694030761719,55.166343688964844,40.15650177001953
2019-05-08,42.64221954345703,71.16230010986328,44.03549575805664,53.237098693847656,81.42072296142578,23.78185272216797,23.207948684692383,23.9661865234375,67.87946319580078,35.907352447509766,47.09115982055664,22.922439575195312,78.9854507446289,55.185123443603516,40.24632263183594
2019-05-09,42.590545654296875,71.32823181152344,44.000999450683594,52.48714828491211,81.3460922241211,23.59534454345703,23.207948684692383,23.91362762451172,67.78134155273438,35.663143157958984,46.9915657043457,22.8942928314209,78.81694030761719,54.95989227294922,39.896034240722656
2019-05-10,42.84492492675781,72.08326721191406,43.87911605834961,52.43019104003906,81.43938446044922,23.916309356689453,23.317163467407227,24.071300506591797,68.04898834228516,35.77585983276367,47.564231872558594,23.304412841796875,78.84355163574219,55.03965759277344,39.635562896728516
2019-05-13,41.21531295776367,72.00029754638672,42.66485595703125,49.999961853027344,79.27534484863281,23.37847328186035,22.916711807250977,23.37053108215332,66.11286926269531,34.428043365478516,47.11607360839844,23.55369758605957,77.36262512207031,53.40193557739258,38.1446418762207
2019-05-14,42.12351989746094,72.29896545410156,43.285789489746094,51.28152847290039,79.45258331298828,23.577991485595703,23.197023391723633,23.554487228393555,66.79987335205078,34.98219299316406,47.34014129638672,23.39689064025879,77.75279998779297,53.94157409667969,38.66557693481445
2019-05-15,42.538875579833984,72.77188873291016,43.370872497558594,51.75618362426758,81.01962280273438,23.51727294921875,23.317163467407227,23.46689224243164,66.88911437988281,35.36259078979492,47.71363067626953,23.356678009033203,77.98338317871094,54.3076057434082,38.566768646240234
2019-05-16,43.38547897338867,73.20333862304688,43.906707763671875,51.02521896362305,81.70054626464844,23.84691047668457,23.444580078125,23.703397750854492,67.50475311279297,35.686622619628906,48.08709716796875,23.513486862182617,78.59525299072266,54.809715270996094,38.584739685058594
2019-05-17,42.89460754394531,72.99589538574219,43.474361419677734,50.042686462402344,81.36473083496094,23.703781127929688,23.207948684692383,23.545726776123047,66.75528717041016,35.400146484375,47.92940902709961,23.634113311767578,78.42675018310547,54.39207458496094,38.306304931640625
2019-05-20,42.13941955566406,71.91731262207031,43.35477066040039,48.05388641357422,80.60920715332031,23.365463256835938,23.218868255615234,23.572004318237305,66.58576965332031,34.784942626953125,47.81321334838867,23.66628074645996,78.39128112792969,54.00727462768555,38.18055725097656
2019-05-21,42.62433624267578,72.52297973632812,43.54335021972656,49.15033721923828,81.36473083496094,23.7254695892334,23.488262176513672,23.817277908325195,67.37091827392578,35.212310791015625,47.71363067626953,23.710512161254883,79.1273193359375,54.3826789855957,38.674556732177734
2019-05-22,42.76344299316406,72.78018951416016,42.828128814697266,48.28646469116211,81.15022277832031,23.56064224243164,23.124217987060547,23.6771183013916,66.8177261352539,35.02915954589844,47.92940902709961,23.88742446899414,79.57957458496094,53.82426071166992,37.95602035522461
2019-05-23,41.77574157714844,72.8797607421875,42.13129806518555,47.48430252075195,80.08686828613281,23.20064353942871,22.348798751831055,23.344255447387695,65.80061340332031,34.413944244384766,47.91279602050781,24.09248161315918,79.30467987060547,53.15791702270508,37.45306396484375
2019-05-24,41.97645950317383,73.12037658691406,42.00252151489258,47.194759368896484,80.17080688476562,23.330764770507812,22.432527542114258,23.52821159362793,65.82738494873047,34.42333984375,47.738525390625,24.056299209594727,79.41997528076172,53.22829818725586,37.444068908691406
2019-05-28,42.05992889404297,72.3487319946289,41.44598388671875,46.777069091796875,80.18012237548828,23.096546173095703,22.199539184570312,23.256664276123047,65.22066497802734,34.32472610473633,46.958370208740234,23.662261962890625,78.2848892211914,52.8763542175293,37.21054458618164
2019-05-29,41.523345947265625,71.48588562011719,41.13780212402344,46.9337043762207,79.37794494628906,23.10088348388672,22.057559967041016,23.212858200073242,64.92625427246094,34.12278747558594,46.618106842041016,23.3486385345459,77.53111267089844,52.40708923339844,36.37527847290039
2019-05-30,41.67438507080078,71.77626037597656,41.158512115478516,47.29444122314453,79.43394470214844,23.139915466308594,21.777246475219727,23.134029388427734,65.17606353759766,34.33412551879883,46.81726837158203,23.312448501586914,77.95679473876953,52.74965286254883,36.45610809326172
2019-05-31,40.9887580871582,72.074951171875,40.381195068359375,46.625179290771484,77.9508285522461,22.87967300415039,21.39499855041504,22.783641815185547,64.28386688232422,33.761173248291016,46.1533203125,23.421010971069336,77.3980941772461,52.05983352661133,35.97108840942383
2019-06-03,39.6274299621582,72.35707092285156,40.470882415771484,46.572967529296875,75.91744232177734,23.599681854248047,21.66803550720215,22.932558059692383,64.72103118896484,33.169456481933594,46.734283447265625,23.654224395751953,77.5843276977539,51.62342834472656,36.195640563964844
2019-06-04,40.97882080078125,72.12474060058594,41.84153747558594,48.48107147216797,77.50310516357422,24.2632999420166,22.042997360229492,23.554487228393555,66.26456451416016,34.27776336669922,47.15755844116211,23.6743221282959,78.87016296386719,53.021820068359375,37.26443862915039
2019-06-05,41.5988655090332,73.63477325439453,42.200294494628906,48.110843658447266,77.55909729003906,24.441133499145508,21.799089431762695,23.703397750854492,66.90696716308594,34.723899841308594,47.697021484375,24.180936813354492,79.46431732177734,53.28462600708008,36.71657180786133
2019-06-06,41.867156982421875,73.74263763427734,41.832340240478516,48.775360107421875,77.82023620605469,24.731735229492188,22.20317840576172,23.79099464416504,67.02296447753906,35.127777099609375,48.19498825073242,24.329708099365234,79.87220001220703,53.55678939819336,36.58185577392578
2019-06-07,42.491180419921875,73.96662902832031,42.085296630859375,49.40664291381836,78.79031372070312,24.952945709228516,22.305110931396484,23.755958557128906,67.55828857421875,35.78055191040039,48.65975570678711,24.148778915405273,80.70578002929688,54.33106231689453,36.98601531982422
2019-06-10,42.80318832397461,73.74263763427734,42.473968505859375,50.640743255615234,78.79031372070312,24.996318817138672,22.37063980102539,23.957427978515625,67.64749145507812,36.1468620300293,48.676368713378906,23.983919143676758,80.9452133178711,54.790950775146484,37.20157241821289
2019-06-11,42.308345794677734,73.86709594726562,42.31990051269531,50.82585906982422,78.9208984375,24.97896957397461,22.414329528808594,23.9661865234375,67.06755065917969,36.1468620300293,48.83405303955078,23.839174270629883,80.81221771240234,55.002113342285156,37.560821533203125
2019-06-12,42.41367721557617,74.10769653320312,42.5107536315918,49.72467041015625,78.70636749267578,25.061378479003906,22.097606658935547,23.72968101501465,67.21031188964844,35.94492721557617,48.90874481201172,24.148778915405273,81.20240020751953,54.9880256652832,37.444068908691406
2019-06-13,42.58060836791992,74.38148498535156,42.93851089477539,49.97148895263672,79.47124481201172,25.20884895324707,22.356075286865234,23.808507919311523,67.54936218261719,36.05293655395508,49.016632080078125,24.197019577026367,81.10482025146484,55.48075485229492,37.90214157104492
2019-06-14,42.19904327392578,74.50593566894531,42.76144027709961,48.7278938293457,79.62049102783203,25.100412368774414,22.21046257019043,23.86107635498047,67.28169250488281,35.73828125,49.04153823852539,24.450332641601562,80.91860961914062,55.60276794433594,37.812320709228516
2019-06-17,42.2896842956543,75.30438995361328,42.32038879394531,48.428855895996094,80.48797607421875,24.870532989501953,22.39612579345703,23.642080307006836,67.0497055053711,35.766456604003906,48.90044021606445,24.381977081298828,81.28219604492188,55.62623596191406,37.866207122802734
2019-06-18,42.728981018066406,75.17060852050781,42.82324981689453,50.3986701965332,80.95433807373047,25.065717697143555,22.705562591552734,23.957427978515625,68.35233306884766,36.41454315185547,48.634864807128906,24.28145980834961,81.973876953125,56.0485725402832,38.09972381591797
2019-06-19,43.37699508666992,75.63880920410156,42.91092300415039,50.517333984375,81.15022277832031,24.926918029785156,22.68008041381836,23.91362762451172,68.2988052368164,36.5460319519043,48.83405303955078,24.466413497924805,82.70989227294922,56.15180587768555,38.05481719970703
2019-06-20,44.180049896240234,75.97322845458984,43.21080780029297,51.10116195678711,81.59793853759766,25.243549346923828,23.18246841430664,24.01874542236328,69.44083404541016,37.0814094543457,49.265625,24.62322425842285,83.073486328125,56.541290283203125,38.216487884521484
2019-06-21,43.856040954589844,75.01174926757812,42.97780990600586,50.85908889770508,81.73906707763672,25.163259506225586,23.349985122680664,23.96504020690918,69.07078552246094,36.90608215332031,49.105892181396484,24.71847152709961,83.47247314453125,56.27947235107422,38.184906005859375
2019-06-24,43.65129852294922,74.54356384277344,42.31806182861328,50.954010009765625,81.60822296142578,25.259258270263672,23.14059066772461,23.868188858032227,68.93637084960938,36.976776123046875,49.2313346862793,24.72657585144043,83.03608703613281,55.97810363769531,37.598419189453125
2019-06-25,42.66934585571289,73.59044647216797,41.962825775146484,50.07115936279297,80.16896057128906,25.27234649658203,22.9569034576416,23.788951873779297,68.4166030883789,36.29814147949219,49.206241607666016,24.576614379882812,82.69766235351562,55.44131851196289,37.36382293701172
2019-06-26,42.711090087890625,72.20257568359375,42.244258880615234,51.55208206176758,79.7483901977539,25.22870635986328,23.3095760345459,23.744932174682617,68.58685302734375,36.689308166503906,48.503780364990234,24.041637420654297,81.65570831298828,55.62024688720703,37.52623748779297
2019-06-27,43.213993072509766,73.03862762451172,42.78403854370117,52.24507522583008,80.2156753540039,25.311614990234375,23.136911392211914,23.956228256225586,68.64958953857422,36.78355407714844,48.595767974853516,24.07406234741211,82.22567749023438,55.968692779541016,37.968360900878906
2019-06-28,43.42470169067383,72.99684143066406,43.4114990234375,52.29729461669922,81.01941680908203,25.525423049926758,23.405094146728516,24.299598693847656,69.37541198730469,36.77885055541992,48.56230545043945,24.16727638244629,82.50173950195312,56.1287956237793,38.23002243041992
2019-07-01,44.092586517333984,73.2476806640625,43.612186431884766,53.77345275878906,81.61756134033203,25.721771240234375,23.427135467529297,24.590139389038086,69.43816375732422,37.36323928833008,48.85501480102539,24.106487274169922,82.9113998413086,56.623226165771484,38.31122589111328
2019-07-02,44.35099411010742,74.39308166503906,43.23848342895508,53.14216613769531,82.37458801269531,25.695594787597656,23.052417755126953,24.52850914001465,69.34854888916016,37.46220779418945,49.28151321411133,24.43476676940918,83.35669708251953,56.74565505981445,38.013465881347656
2019-07-03,44.84395980834961,75.37963104248047,43.68830871582031,52.94755935668945,83.05682373046875,25.826486587524414,23.144258499145508,24.72220230102539,69.7338638305664,37.74968719482422,49.89199447631836,24.60498809814453,84.06915283203125,57.24006652832031,38.31122589111328
2019-07-05,44.76445007324219,75.03683471679688,43.52450942993164,52.558345794677734,83.2998046875,25.708669662475586,23.177322387695312,24.792627334594727,69.45606994628906,37.67899703979492,49.674560546875,24.592824935913086,83.4902572631836,57.305992126464844,38.77139663696289
2019-07-08,44.5517578125,75.2793197631836,43.22925567626953,52.21659469604492,82.60821533203125,25.41197395324707,23.21038818359375,24.669376373291016,68.88257598876953,37.39150619506836,49.741458892822266,24.629304885864258,82.86686706542969,57.376625061035156,38.71726989746094
2019-07-09,44.78035354614258,75.64715576171875,42.906307220458984,52.58207702636719,82.94469451904297,25.163259506225586,23.228755950927734,24.713394165039062,68.73023986816406,37.52347183227539,49.448760986328125,24.661725997924805,82.947021484375,57.437835693359375,38.473636627197266
2019-07-10,45.181880950927734,76.04849243164062,42.707908630371094,53.10419845581055,84.03813171386719,25.110902786254883,23.526321411132812,24.625350952148438,68.56892395019531,37.82037353515625,49.766544342041016,24.71847152709961,83.23198699951172,57.6450309753418,38.320255279541016
2019-07-11,45.43830490112305,75.19569396972656,43.11852264404297,53.251338958740234,83.8979721069336,25.21998405456543,23.574079513549805,24.76621437072754,69.03491973876953,37.96176528930664,49.89199447631836,24.72657585144043,83.24980926513672,57.76274871826172,38.32927322387695
2019-07-12,45.53371810913086,75.06192779541016,44.149658203125,54.229122161865234,84.48674011230469,25.46869659423828,23.67327117919922,24.933500289916992,70.24465942382812,38.23981475830078,50.034156799316406,24.564455032348633,82.3236312866211,58.42668533325195,38.942832946777344
2019-07-15,45.50787353515625,75.06192779541016,43.97895050048828,54.665802001953125,84.44001007080078,25.48614501953125,23.46019744873047,24.792627334594727,69.95787811279297,38.367069244384766,50.151241302490234,24.661725997924805,82.50173950195312,58.615028381347656,38.84358596801758
2019-07-16,44.981117248535156,74.8863525390625,44.78864288330078,54.100975036621094,84.37460327148438,25.54723358154297,23.21038818359375,24.731002807617188,70.40592956542969,38.0088996887207,50.16796875,24.51987648010254,82.09207916259766,58.53968811035156,38.915771484375
2019-07-17,45.07851791381836,74.58538818359375,43.18082046508789,54.29557800292969,83.5615005493164,25.320341110229492,22.945877075195312,24.519702911376953,68.9004898071289,37.90993118286133,50.10942459106445,24.61309051513672,82.10989379882812,57.9793586730957,38.49169158935547
2019-07-18,45.0765266418457,74.60209655761719,43.7275276184082,55.27336120605469,83.04750061035156,25.42942237854004,22.94955062866211,24.704587936401367,69.02597045898438,38.19269561767578,50.44392395019531,24.827892303466797,82.57300567626953,57.90401077270508,38.27513885498047
2019-07-19,44.635250091552734,73.50684356689453,44.00664138793945,55.278106689453125,82.15962219238281,25.48614501953125,23.056087493896484,24.59893798828125,69.40231323242188,38.027740478515625,50.12614059448242,24.46718978881836,81.71807098388672,57.5225944519043,38.32927322387695
2019-07-22,44.94136428833008,73.37306213378906,44.087379455566406,56.38404846191406,82.18766784667969,25.420696258544922,23.162620544433594,24.651763916015625,69.45606994628906,38.46603775024414,49.83345031738281,24.414505004882812,81.54886627197266,57.55556106567383,38.013465881347656
2019-07-23,44.89167022705078,74.1171646118164,44.4449348449707,57.01059341430664,82.5147705078125,25.94429588317871,23.225082397460938,24.907087326049805,70.33424377441406,38.67811584472656,50.19304656982422,24.2604923248291,82.05647277832031,57.94639205932617,38.21198272705078
2019-07-24,45.5953369140625,74.3261947631836,44.7125129699707,58.52947998046875,83.4680404663086,25.926843643188477,23.32427215576172,25.16240882873535,70.63893127441406,38.99858474731445,49.85853576660156,24.280757904052734,82.10100555419922,58.23831558227539,38.96989059448242
2019-07-25,45.31108474731445,73.98340606689453,44.368804931640625,57.47100830078125,83.27177429199219,25.739219665527344,23.059764862060547,24.986328125,70.49555206298828,38.83835983276367,49.925437927246094,24.219966888427734,81.70022583007812,57.913429260253906,38.55485916137695
2019-07-26,45.72652816772461,74.2342300415039,44.7125129699707,57.35233688354492,85.55218505859375,25.76976776123047,22.94220542907715,25.25925636291504,70.34320068359375,38.923160552978516,50.48573684692383,24.309131622314453,81.99411010742188,58.177120208740234,38.77139663696289
2019-07-29,45.16200256347656,74.45160675048828,44.705596923828125,57.54695129394531,85.07553100585938,25.682497024536133,22.850364685058594,25.065568923950195,70.21775817871094,38.89961624145508,50.577735900878906,24.43476676940918,82.33255004882812,57.89459228515625,38.84358596801758
2019-07-30,44.84197235107422,74.98668670654297,44.75172805786133,57.29063415527344,84.57084655761719,25.85266876220703,23.10752296447754,24.995126724243164,70.52242279052734,38.64983367919922,50.72826385498047,24.24833869934082,81.976318359375,57.5037727355957,38.473636627197266
2019-07-31,44.12041473388672,74.73585510253906,44.43339157104492,55.57713317871094,83.79515075683594,25.455602645874023,23.0340518951416,24.871868133544922,69.7338638305664,38.065452575683594,49.699649810791016,24.13485336303711,81.16590881347656,56.84453201293945,38.42852020263672
2019-08-01,44.08066177368164,74.66061401367188,43.29845428466797,54.45695495605469,83.23439025878906,25.311614990234375,22.51238441467285,24.308401107788086,68.38074493408203,37.87221908569336,49.52403259277344,24.382080078125,81.27276611328125,56.072288513183594,37.18335723876953
2019-08-02,43.212005615234375,74.99504089355469,43.07701110839844,53.71649169921875,82.54279327392578,25.014911651611328,22.18910026550293,24.299598693847656,67.9416732788086,37.25484085083008,49.53239440917969,24.37803077697754,81.08576202392578,55.61083221435547,37.002906799316406
2019-08-05,41.57607650756836,73.64899444580078,41.662933349609375,51.40019226074219,80.03811645507812,24.543678283691406,21.527830123901367,23.489608764648438,66.05990600585938,35.699607849121094,48.244537353515625,24.029478073120117,79.17996978759766,54.11814498901367,36.18183135986328
2019-08-06,42.00941467285156,74.42652893066406,42.23501968383789,52.21659469604492,81.13156127929688,24.574214935302734,21.50211524963379,23.868188858032227,67.05455780029297,36.29342269897461,48.67940902709961,24.329391479492188,80.20408630371094,54.942176818847656,36.64199447631836
2019-08-07,42.118736267089844,75.20404815673828,42.131221771240234,52.50138473510742,80.9166259765625,24.914552688598633,21.34047508239746,23.551239013671875,67.01869201660156,36.51963806152344,49.2480583190918,24.390182495117188,80.23080444335938,55.16349411010742,36.560791015625
2019-08-08,43.48234558105469,76.46649169921875,42.86478805541992,53.84465408325195,82.48674011230469,25.390155792236328,21.953983306884766,24.0002498626709,68.15674591064453,37.41508102416992,49.88362503051758,24.641464233398438,81.29948425292969,56.2276725769043,37.11118698120117
2019-08-09,43.07883071899414,76.45816802978516,42.36420440673828,52.914337158203125,81.68297576904297,25.189441680908203,21.711519241333008,23.9210147857666,67.5832290649414,36.99092102050781,49.6076545715332,24.669830322265625,81.39744567871094,55.70030975341797,36.272056579589844
2019-08-12,42.371185302734375,76.16553497314453,41.66063690185547,52.28779220581055,80.68296813964844,24.79673957824707,21.454357147216797,23.463199615478516,66.65131378173828,36.50550079345703,49.27314758300781,24.62120246887207,80.60482788085938,54.890377044677734,35.61337661743164
2019-08-13,43.094730377197266,76.24911499023438,42.147369384765625,53.78770065307617,81.85118865966797,25.062908172607422,21.65273666381836,23.75373649597168,67.4488296508789,37.41979217529297,49.83345031738281,24.63741111755371,81.65570831298828,55.79447555541992,36.18183135986328
2019-08-14,41.62179183959961,75.01174926757812,40.862491607666016,52.055213928222656,79.234375,24.26878547668457,20.80411720275879,22.873319625854492,65.38780212402344,36.26985549926758,49.047359466552734,24.43476676940918,79.384765625,54.04751968383789,34.66596221923828
2019-08-15,41.697330474853516,75.83946990966797,40.5395393371582,51.99825668334961,79.49605560302734,24.277503967285156,20.675535202026367,22.987773895263672,65.3161392211914,36.203880310058594,49.78327941894531,24.75089454650879,79.66085815429688,53.958030700683594,34.115577697753906
2019-08-16,42.28371810913086,76.49995422363281,41.42765426635742,53.270320892333984,80.46803283691406,24.705110549926758,20.9473876953125,23.392763137817383,66.57962799072266,36.89195251464844,50.3519401550293,24.87653160095215,80.64048767089844,54.5701789855957,34.8374137878418
2019-08-19,42.504364013671875,77.07685089111328,41.89591979980469,54.14842987060547,81.58018493652344,24.901458740234375,21.4102725982666,23.63047981262207,67.20687103271484,37.45277404785156,50.853702545166016,25.034589767456055,81.41526794433594,55.25766372680664,35.2795295715332
2019-08-20,42.46858215332031,76.49995422363281,41.57758712768555,53.83990478515625,80.95401000976562,24.609121322631836,21.230260848999023,23.313522338867188,66.81260681152344,37.2642707824707,50.301761627197266,24.994064331054688,80.72064971923828,55.27178192138672,34.9456787109375
2019-08-21,43.14243698120117,76.78421020507812,42.01588439941406,54.390499114990234,81.2998046875,24.735652923583984,21.36618995666504,23.41917610168457,67.22478485107422,37.702552795410156,50.43556594848633,25.16023063659668,81.31729888916016,56.33597946166992,35.60435485839844
2019-08-22,43.05298614501953,77.2105941772461,41.877479553222656,54.31930923461914,81.06616973876953,24.569852828979492,21.270675659179688,23.577651977539062,67.32337188720703,37.61301040649414,50.70317077636719,25.184541702270508,80.91653442382812,56.35010528564453,36.16377639770508
2019-08-23,42.4010009765625,76.14881896972656,40.49801254272461,52.06945037841797,79.0007095336914,23.9764347076416,20.5579833984375,22.978967666625977,65.5222396850586,36.36883544921875,49.85853576660156,24.91706085205078,79.04635620117188,54.85271072387695,34.792293548583984
2019-08-26,42.949623107910156,76.70896911621094,40.86711120605469,52.60581588745117,80.19697570800781,24.05497932434082,20.646150588989258,23.199073791503906,66.00611877441406,36.873111724853516,50.47739028930664,25.204814910888672,79.87457275390625,55.394229888916016,35.18930435180664
2019-08-27,42.85023498535156,76.41633605957031,40.44956588745117,52.482398986816406,80.07552337646484,24.072431564331055,20.51756477355957,23.058208465576172,65.66559600830078,36.81654357910156,50.335208892822266,25.24939727783203,79.40257263183594,55.121116638183594,34.75620651245117
2019-08-28,42.343353271484375,76.59193420410156,41.192359924316406,52.819400787353516,80.40259552001953,24.260053634643555,20.811464309692383,23.269508361816406,66.47210693359375,36.84954071044922,50.82025909423828,25.180498123168945,79.98143768310547,55.808597564697266,35.68556213378906
2019-08-29,43.07286834716797,77.20223236083984,42.00896453857422,53.963321685791016,81.47737121582031,24.569852828979492,21.116376876831055,23.621667861938477,67.61011505126953,37.490478515625,50.845340728759766,25.354768753051758,80.58702850341797,56.64676284790039,36.22693634033203
2019-08-30,42.89396667480469,77.3025894165039,42.096622467041016,54.309814453125,81.46800994873047,24.735652923583984,21.116376876831055,23.700910568237305,67.88792419433594,37.481056213378906,50.778438568115234,25.362878799438477,80.68499755859375,56.30772399902344,35.88405990600586
2019-09-03,42.488460540771484,78.05502319335938,41.554500579833984,53.45069122314453,80.68296813964844,24.539308547973633,21.013517379760742,23.454391479492188,66.96493530273438,37.02391052246094,51.07114028930664,25.812742233276367,80.2129898071289,56.07701110839844,35.33367156982422
2019-09-04,43.031124114990234,78.66534423828125,42.05739974975586,55.02654266357422,81.8698959350586,24.840377807617188,21.307415008544922,23.683305740356445,67.81623077392578,37.65542984008789,51.531089782714844,25.83705711364746,80.26644134521484,56.632633209228516,35.721656799316406
2019-09-05,43.68509292602539,78.1720962524414,43.14620590209961,56.69731903076172,83.0194320678711,24.8796443939209,21.571916580200195,24.167537689208984,69.03491973876953,38.44247055053711,51.21329879760742,25.557411193847656,81.05902099609375,57.715667724609375,37.057037353515625
2019-09-06,43.43265151977539,78.32258605957031,42.87399673461914,56.74478530883789,82.98206329345703,24.975635528564453,21.685802459716797,24.158723831176758,69.17829895019531,38.40947341918945,51.380550384521484,25.456087112426758,81.28166198730469,57.8569221496582,37.002906799316406
2019-09-09,42.77668762207031,77.81259155273438,43.75519561767578,56.9631233215332,83.1129150390625,24.844745635986328,22.119298934936523,24.52850914001465,69.38438415527344,38.12200164794922,51.26347732543945,25.330453872680664,80.53359985351562,58.07822799682617,38.284156799316406
2019-09-10,42.490447998046875,76.98487854003906,44.41032791137695,57.0770378112793,83.15963745117188,25.089080810546875,22.380128860473633,24.616548538208008,70.0206298828125,37.928768157958984,50.9456901550293,25.362878799438477,80.76515197753906,57.847511291503906,39.3488655090332
2019-09-11,42.80649948120117,77.06013488769531,44.75865173339844,57.803260803222656,84.01011657714844,25.329071044921875,22.402172088623047,24.757415771484375,70.67475891113281,38.324649810791016,51.12967300415039,25.614151000976562,81.56666564941406,57.95580291748047,39.59248352050781
2019-09-12,42.80848693847656,77.43636322021484,44.57411193847656,57.8934440612793,84.29048919677734,25.525423049926758,22.262569427490234,24.889480590820312,70.71955871582031,38.53202819824219,51.338741302490234,25.670896530151367,81.53992462158203,58.23362350463867,39.27667999267578
2019-09-13,42.488460540771484,76.53340148925781,45.003170013427734,57.864967346191406,84.18769836425781,25.804668426513672,22.43891143798828,25.08316993713379,71.1048812866211,38.24925231933594,51.04603958129883,25.508779525756836,81.49542999267578,58.115901947021484,39.312767028808594
2019-09-16,42.73891830444336,77.31929779052734,44.6456298828125,57.47574996948242,83.71104431152344,25.381427764892578,23.1920166015625,24.995126724243164,71.04216003417969,38.15499496459961,50.552642822265625,25.52903938293457,81.31729888916016,57.371917724609375,38.86162567138672
2019-09-17,43.00925064086914,78.16373443603516,44.548736572265625,57.70832824707031,83.87926483154297,25.586502075195312,22.868732452392578,25.02153778076172,71.00628662109375,38.310508728027344,50.82861328125,25.751949310302734,81.44197082519531,57.720367431640625,38.58192443847656
2019-09-18,42.826385498046875,77.88783264160156,44.01587677001953,57.7700309753418,83.66431427001953,25.599594116210938,22.75851821899414,25.109580993652344,70.8987808227539,38.30580139160156,50.9122428894043,25.861379623413086,81.43305969238281,57.69211196899414,38.193939208984375
2019-09-19,43.138458251953125,78.26406860351562,43.69522476196289,57.53745651245117,83.58956146240234,25.643224716186523,22.69974136352539,24.995126724243164,70.54035186767578,38.390625,50.90388488769531,25.98296546936035,81.81603240966797,57.53672409057617,37.986412048339844
2019-09-20,43.06093978881836,78.23062133789062,43.50145721435547,56.45998764038086,83.14097595214844,25.583587646484375,22.718280792236328,24.848237991333008,70.09443664550781,37.942935943603516,50.742366790771484,26.085886001586914,82.2720947265625,56.877201080322266,37.8568229675293
2019-09-23,42.98142623901367,78.34766387939453,43.22002410888672,56.94413757324219,82.89794158935547,25.52219581604004,22.725688934326172,24.892478942871094,69.95932006835938,38.061126708984375,50.94426345825195,26.089967727661133,81.83389282226562,57.07562255859375,38.26457595825195
2019-09-24,42.17240905761719,78.24998474121094,43.005550384521484,56.0992546081543,81.53343963623047,25.302928924560547,22.3660831451416,24.65355682373047,69.56295013427734,37.69236755371094,51.15456008911133,26.39628791809082,81.08271789550781,56.46617126464844,37.94744873046875
2019-09-25,42.548095703125,78.3089370727539,43.431724548339844,57.05805587768555,82.45867919921875,25.43448829650879,22.403156280517578,24.857084274291992,70.01335906982422,38.14149475097656,51.188209533691406,26.379953384399414,80.68923950195312,56.98112869262695,38.30081558227539
2019-09-26,42.66139602661133,78.9488754272461,43.31360626220703,57.25741195678711,81.76890563964844,25.377477645874023,22.110280990600586,24.742046356201172,70.11243438720703,38.18404006958008,51.474220275878906,26.51881217956543,80.24212646484375,56.73545837402344,38.05618667602539
2019-09-27,41.70130920410156,78.46891784667969,43.03565216064453,55.899898529052734,80.9067153930664,25.307315826416016,22.106569290161133,24.83938980102539,69.83319854736328,37.6734733581543,51.415340423583984,26.424869537353516,79.88439178466797,56.53703308105469,38.05618667602539
2019-09-30,42.11674880981445,78.76359558105469,43.114402770996094,56.545433044433594,81.25347900390625,25.52219581604004,21.947162628173828,24.777441024780273,69.93228149414062,38.07057189941406,51.66771697998047,26.441213607788086,80.59980773925781,57.02365493774414,38.44579315185547
2019-10-01,41.64763641357422,77.93001556396484,42.1230583190918,56.16095733642578,80.49433898925781,24.92141342163086,21.439260482788086,24.25534439086914,68.2567367553711,37.716007232666016,51.533111572265625,26.379953384399414,79.8128662109375,56.546485900878906,38.16490936279297
2019-10-02,41.01950454711914,77.62689971923828,41.14791488647461,55.2448844909668,79.4541015625,24.47412109375,20.912826538085938,23.759801864624023,66.968505859375,37.006893157958984,50.498409271240234,26.02870750427246,78.65032196044922,55.53072738647461,37.150081634521484
2019-10-03,41.76491928100586,78.38471221923828,41.300785064697266,56.094512939453125,80.09136199951172,24.561819076538086,21.13897132873535,23.85713768005371,67.40994262695312,37.460731506347656,50.85171127319336,26.089967727661133,79.35679626464844,55.80002212524414,37.25880432128906
2019-10-04,42.49641036987305,78.80571746826172,41.74551010131836,57.08179473876953,81.10353088378906,24.69338035583496,21.272438049316406,24.299591064453125,68.11257934570312,38.08003234863281,51.65087890625,26.453466415405273,80.59980773925781,56.3244514465332,37.51251220703125
2019-10-07,42.58784484863281,78.58679962158203,41.66676330566406,56.79700469970703,81.03791809082031,24.605676651000977,21.083362579345703,24.175697326660156,67.7702407836914,37.91929626464844,51.23027038574219,26.351362228393555,80.3315200805664,56.078765869140625,37.46721267700195
2019-10-08,41.65558624267578,78.18263244628906,40.890811920166016,55.30658721923828,79.87582397460938,24.175922393798828,20.723752975463867,23.697847366333008,66.72528076171875,37.224365234375,50.742366790771484,26.106307983398438,78.8023681640625,55.488216400146484,36.92354202270508
2019-10-09,42.21216583251953,78.43524169921875,41.38417434692383,56.279624938964844,80.4381332397461,24.44780731201172,20.912826538085938,23.919086456298828,67.29280090332031,37.77747344970703,51.12932586669922,26.23292350769043,79.37467193603516,55.960662841796875,37.26787567138672
2019-10-10,42.2757682800293,78.58679962158203,41.89143753051758,56.815982818603516,80.8223648071289,24.671457290649414,21.176044464111328,24.16685676574707,67.90538024902344,38.03749084472656,51.23027038574219,26.204328536987305,79.76815795898438,56.33388137817383,37.65748596191406
2019-10-11,43.00925064086914,78.52784729003906,42.80171585083008,58.111785888671875,81.72208404541016,25.149446487426758,21.461509704589844,24.467723846435547,69.18458557128906,38.56224060058594,51.17979431152344,26.106307983398438,80.42989349365234,56.9716796875,38.4820442199707
2019-10-14,42.991363525390625,78.54468536376953,42.66272735595703,58.19721984863281,81.58149719238281,24.969654083251953,21.45038604736328,24.50312614440918,69.04946899414062,38.538604736328125,50.92742919921875,25.93885040283203,80.3941421508789,56.94334030151367,38.09242630004883
2019-10-15,43.359100341796875,78.58679962158203,43.2163200378418,59.355377197265625,82.79981994628906,25.145063400268555,21.53935432434082,24.857084274291992,69.60796356201172,38.964088439941406,50.70871353149414,25.857166290283203,81.86070251464844,57.444122314453125,38.536407470703125
2019-10-16,42.36124801635742,78.64573669433594,43.4016227722168,58.491512298583984,83.04351043701172,25.197690963745117,21.239076614379883,24.795146942138672,69.57192993164062,38.694602966308594,50.759185791015625,25.914348602294922,81.75340270996094,57.68034362792969,38.7629280090332
2019-10-17,42.1704216003418,79.08361053466797,43.661033630371094,58.52947998046875,83.5027084350586,25.26346778869629,21.25389862060547,24.812841415405273,69.91425323486328,38.61896896362305,50.994720458984375,25.97969627380371,82.36151885986328,57.8315315246582,39.26128387451172
2019-10-18,41.343505859375,79.71510314941406,43.686519622802734,57.95514678955078,82.69673156738281,25.219614028930664,21.142683029174805,24.87478256225586,69.31071472167969,38.250221252441406,51.095672607421875,26.065465927124023,82.05744934082031,57.718143463134766,38.699501037597656
2019-10-21,41.6297492980957,80.29612731933594,44.30031204223633,59.0421028137207,83.17471313476562,25.140676498413086,21.520822525024414,25.219900131225586,69.72509002685547,38.661502838134766,51.2639274597168,26.167572021484375,81.96805572509766,57.92129898071289,39.16162109375
2019-10-22,40.798866271972656,80.03509521484375,44.70335006713867,58.59593200683594,82.49053955078125,25.03542709350586,21.79886817932129,25.149105072021484,70.27459716796875,38.14149475097656,51.28073501586914,26.277843475341797,82.14688110351562,57.55278396606445,39.65090560913086
2019-10-23,40.96582794189453,80.1445541381836,44.622276306152344,57.5754280090332,82.9778823852539,25.193302154541016,21.98052406311035,25.255290985107422,70.26559448242188,38.17457580566406,51.51628112792969,26.384033203125,82.65663146972656,57.2882080078125,39.85025405883789
2019-10-24,41.94977951049805,80.04351043701172,44.40455627441406,59.099063873291016,82.48117065429688,25.272233963012695,21.887842178344727,25.219900131225586,70.36468505859375,38.732418060302734,51.69294738769531,26.473888397216797,82.236328125,57.25987243652344,39.795875549316406
2019-10-25,42.13065719604492,79.22673034667969,45.16890335083008,60.295188903808594,83.09034729003906,25.548503875732422,22.065793991088867,25.34378433227539,70.80610656738281,39.20044708251953,51.39009475708008,26.204328536987305,82.32574462890625,57.1937370300293,40.22175216674805
2019-10-28,42.522254943847656,78.79729461669922,45.15037155151367,61.211273193359375,84.13998413085938,25.62744140625,21.93974494934082,25.47652244567871,71.0042724609375,39.69683074951172,51.289161682128906,25.84491729736328,83.17528533935547,57.373260498046875,40.557010650634766
2019-10-29,42.371185302734375,79.06675720214844,45.0415153503418,60.793582916259766,83.33401489257812,25.785314559936523,22.028718948364258,25.538469314575195,71.2385025024414,39.33755874633789,51.289161682128906,25.869422912597656,84.35572052001953,57.047271728515625,39.88649368286133
2019-10-30,43.090755462646484,79.5046157836914,44.258628845214844,60.86003112792969,83.45585632324219,25.80723762512207,21.580141067504883,25.520767211914062,71.4907455444336,39.57865905761719,51.52470016479492,26.0981388092041,84.82965850830078,57.4015998840332,39.57841491699219
2019-10-31,42.721031188964844,79.36988830566406,43.71199035644531,60.513526916503906,83.69013977050781,25.51780891418457,21.487455368041992,25.396879196166992,70.72502136230469,39.55500793457031,51.4489860534668,26.241086959838867,84.73129272460938,57.094512939453125,39.098201751708984
2019-11-01,43.2199592590332,79.31095886230469,44.64775085449219,61.76186752319336,84.24308013916016,25.877399444580078,21.97681999206543,25.768543243408203,72.26545715332031,40.02775955200195,51.44057846069336,26.17573356628418,84.83861541748047,57.472476959228516,39.57841491699219
2019-11-04,43.14243698120117,78.6962661743164,45.64141845703125,63.076656341552734,84.54296112060547,26.079130172729492,22.692325592041016,25.989768981933594,73.1032485961914,40.235782623291016,50.94426345825195,25.840837478637695,84.57927703857422,57.50082015991211,40.23081588745117
2019-11-05,43.323326110839844,77.41637420654297,45.94716262817383,63.109893798828125,84.51486206054688,26.12297248840332,22.721982955932617,26.087112426757812,73.25639343261719,40.188499450683594,51.11249923706055,25.575361251831055,83.9801254272461,57.585853576660156,40.72917175292969
2019-11-06,43.267662048339844,77.64373779296875,45.845245361328125,62.725406646728516,84.07437896728516,26.105426788330078,22.25856590270996,26.219844818115234,73.30142974853516,40.16959762573242,51.32279586791992,25.673381805419922,84.26628112792969,57.647274017333984,40.557010650634766
2019-11-07,43.359100341796875,76.90274810791016,46.11626052856445,63.095638275146484,84.5054931640625,26.28084373474121,22.592227935791016,26.41452407836914,73.55365753173828,40.48633575439453,51.14614486694336,25.326217651367188,84.4541015625,57.30239486694336,40.50264358520508
2019-11-08,43.68708419799805,76.75958251953125,46.01896667480469,63.22854232788086,84.86161041259766,26.38608741760254,22.49955177307129,26.405677795410156,73.65274810791016,40.71324920654297,51.11249923706055,25.22003173828125,85.07112121582031,57.32601547241211,40.29423522949219
2019-11-11,43.742740631103516,76.93640899658203,45.866092681884766,62.972232818603516,84.8428726196289,26.346630096435547,22.37349510192871,26.334880828857422,73.68879699707031,40.732173919677734,51.03678894042969,25.064830780029297,84.72236633300781,57.207908630371094,40.26706314086914
2019-11-12,43.98723602294922,76.39752197265625,45.569610595703125,63.105133056640625,84.9272232055664,26.482566833496094,22.25856590270996,26.370275497436523,73.67977905273438,40.869266510009766,51.20502853393555,25.126094818115234,85.23210144042969,57.17010498046875,40.19456100463867
2019-11-13,44.10451126098633,77.0206298828125,45.097110748291016,63.21431350708008,84.95535278320312,26.32908058166504,22.162181854248047,26.2021484375,73.37350463867188,40.95907974243164,51.59199523925781,25.49775505065918,85.33045196533203,56.9905891418457,39.98617172241211
2019-11-14,44.1740837097168,77.63530731201172,45.19902038574219,63.100399017333984,85.24586486816406,26.491336822509766,22.102863311767578,26.2552433013916,73.60769653320312,40.911808013916016,51.575172424316406,25.58761215209961,85.33938598632812,57.23625564575195,40.248931884765625
2019-11-15,44.651153564453125,78.04788208007812,45.26155090332031,63.741172790527344,85.77069091796875,26.469409942626953,22.27340316772461,26.32603645324707,74.14823150634766,41.24272537231445,51.59199523925781,25.66929817199707,87.15473937988281,57.340187072753906,40.64761734008789
2019-11-18,44.760475158691406,78.45206451416016,45.29862594604492,63.779151916503906,86.09870147705078,26.40363311767578,22.002769470214844,26.379133224487305,73.86894226074219,41.36565017700195,51.861183166503906,25.722394943237305,86.8596420288086,57.538612365722656,40.61137390136719
2019-11-19,45.261390686035156,78.55311584472656,45.17354202270508,63.56081008911133,85.98621368408203,26.346630096435547,21.676525115966797,26.43222427368164,73.805908203125,41.446022033691406,51.79388427734375,25.65704345703125,87.44986724853516,56.905540466308594,39.82307052612305
2019-11-20,45.45022964477539,78.5362548828125,44.520362854003906,62.93901443481445,85.4051742553711,26.017732620239258,21.895261764526367,26.308332443237305,73.22034454345703,41.19544982910156,51.911651611328125,25.81224250793457,87.33361053466797,56.773250579833984,39.315650939941406
2019-11-21,45.255428314208984,77.45845794677734,44.476356506347656,62.25075912475586,85.52701568603516,25.973876953125,22.254867553710938,26.28179168701172,73.19332122802734,40.987457275390625,51.65087890625,25.722394943237305,87.55717468261719,56.45199966430664,39.18880844116211
2019-11-22,45.261390686035156,77.20587158203125,44.90485763549805,62.1415901184082,85.5832290649414,26.017732620239258,22.18071746826172,26.47646713256836,73.5716781616211,40.935447692871094,51.56675720214844,25.730554580688477,87.87015533447266,56.83940505981445,39.72340393066406
2019-11-25,45.728515625,77.50902557373047,45.57425308227539,63.57503890991211,85.9112548828125,26.188753128051758,22.20296287536621,26.644601821899414,74.1031723022461,41.53111267089844,51.625648498535156,25.64478874206543,88.89856719970703,57.340187072753906,40.38485336303711
2019-11-26,45.967044830322266,78.44364929199219,45.690067291259766,63.37094497680664,86.13619232177734,26.320310592651367,21.999061584472656,26.61804962158203,74.31938171386719,41.56892013549805,52.046241760253906,25.730554580688477,88.8270263671875,57.73231506347656,40.62949752807617
2019-11-27,46.185699462890625,78.6962661743164,45.592777252197266,63.798133850097656,86.61414337158203,26.425552368164062,22.054676055908203,26.724241256713867,74.24730682373047,41.80058288574219,52.17243957519531,25.775482177734375,89.28311920166016,58.22837829589844,40.79259490966797
2019-11-29,46.11613464355469,78.47734069824219,45.25229263305664,63.08615493774414,86.36111450195312,26.32908058166504,21.832231521606445,26.679996490478516,73.90499114990234,41.67765808105469,52.155601501464844,25.750980377197266,88.9701156616211,57.85041046142578,40.48451614379883
2019-12-02,45.255428314208984,77.31532287597656,44.728824615478516,62.26499938964844,85.48014068603516,26.06596565246582,21.832231521606445,26.511863708496094,72.68883514404297,41.08199691772461,52.273380279541016,25.583524703979492,88.57662200927734,57.373260498046875,40.04959487915039
2019-12-03,45.2375373840332,77.78685760498047,43.75831604003906,61.39163589477539,85.34895324707031,25.899328231811523,21.505990982055664,26.14020347595215,71.8961181640625,40.717979431152344,52.189266204833984,25.65296173095703,88.37989044189453,56.796875,39.50592803955078
2019-12-04,44.977142333984375,78.08999633789062,44.0455322265625,62.293487548828125,85.8362808227539,25.95633316040039,21.828523635864258,26.387975692749023,72.17537689208984,40.883445739746094,52.53416442871094,25.849002838134766,89.20262908935547,57.113407135009766,39.78681564331055
2019-12-05,45.050689697265625,78.15735626220703,44.06174087524414,62.66845703125,86.09870147705078,26.0878963470459,21.724727630615234,26.511863708496094,72.19339752197266,41.034732818603516,52.517333984375,25.893930435180664,89.20262908935547,57.056724548339844,39.641849517822266
2019-12-06,45.26536178588867,78.29207611083984,44.62459182739258,63.598785400390625,86.64225006103516,26.355392456054688,22.139938354492188,26.86583137512207,73.06719970703125,41.48856735229492,52.719242095947266,25.816333770751953,89.79283142089844,57.51498794555664,40.557010650634766
2019-12-09,45.09044647216797,78.45206451416016,44.485618591308594,63.17158889770508,86.30489349365234,26.302772521972656,22.113988876342773,26.803884506225586,72.78794860839844,41.27109909057617,52.76129150390625,25.726478576660156,89.1668472290039,57.585853576660156,40.7110481262207
2019-12-10,44.94533920288086,77.98053741455078,44.29568862915039,63.42315673828125,85.97686004638672,26.1448974609375,22.15847396850586,26.812728881835938,72.69784545898438,41.3041877746582,52.59305191040039,25.722394943237305,89.36356353759766,57.48665237426758,40.69292449951172
2019-12-11,44.93142318725586,77.22270202636719,44.50878143310547,64.78065490722656,86.26740264892578,26.342235565185547,22.12140464782715,26.75078773498535,73.15728759765625,41.58311462402344,52.668758392333984,25.791824340820312,89.4440689086914,57.63310241699219,40.41203689575195
2019-12-12,45.10038757324219,76.21227264404297,44.97665786743164,66.64130401611328,86.26740264892578,26.710601806640625,22.529205322265625,27.272886276245117,73.805908203125,42.02749252319336,52.62669372558594,25.681547164916992,90.27572631835938,58.138614654541016,41.245643615722656
2019-12-13,45.4701042175293,76.28805541992188,44.91875076293945,66.3849868774414,86.08930969238281,26.50448989868164,22.358675003051758,27.1755428314209,73.60769653320312,42.306419372558594,52.811767578125,25.881675720214844,90.213134765625,58.19057846069336,40.475460052490234
2019-12-16,45.95313262939453,76.77784729003906,45.308372497558594,66.92610168457031,86.89967346191406,26.618505477905273,22.658958435058594,27.272886276245117,73.5716781616211,42.68461227416992,52.996829986572266,26.204328536987305,91.1878662109375,58.44570541381836,40.448272705078125
2019-12-17,45.66689682006836,76.12307739257812,45.34090805053711,67.30581665039062,86.97486114501953,26.657976150512695,22.67379379272461,27.37907600402832,73.49959564208984,42.5853385925293,52.91270446777344,26.290098190307617,91.08949279785156,58.70554733276367,40.93758010864258
2019-12-18,45.90542984008789,77.10948181152344,44.94825744628906,67.0732421875,87.39789581298828,26.622896194458008,22.759057998657227,27.264036178588867,73.19332122802734,42.58061599731445,52.828590393066406,26.39628791809082,91.21471405029297,58.762245178222656,41.33625411987305
2019-12-19,46.20558166503906,77.74722290039062,45.04583740234375,67.46245574951172,88.37555694580078,26.714982986450195,22.75164031982422,27.255186080932617,73.39151000976562,42.88790512084961,53.114601135253906,26.40445899963379,91.57240295410156,58.94647979736328,41.51747131347656
2019-12-20,46.52163314819336,78.23194122314453,45.42454528808594,68.11273193359375,88.75157165527344,26.844621658325195,22.969890594482422,27.287208557128906,73.72920989990234,43.136905670166016,53.51575469970703,26.585981369018555,92.22073364257812,59.03654479980469,41.61124038696289
2019-12-23,46.475914001464844,77.78977966308594,45.501216888427734,68.450927734375,88.58236694335938,26.91958236694336,23.205724716186523,27.224945068359375,74.33576202392578,43.260223388671875,53.286773681640625,26.33901023864746,92.5888900756836,58.89910125732422,41.46558380126953
2019-12-24,46.448089599609375,78.0023422241211,45.5035514831543,68.59064483642578,88.49775695800781,26.95044708251953,23.194494247436523,27.287208557128906,74.0370101928711,43.274452209472656,53.3546257019043,26.376054763793945,92.47217559814453,59.03180694580078,41.620338439941406
2019-12-26,46.68661880493164,78.41902923583984,45.631324768066406,68.77371978759766,89.18402099609375,27.069499969482422,23.1870059967041,27.438405990600586,74.2090072631836,43.596961975097656,53.40550994873047,26.42133331298828,92.4093017578125,59.75229263305664,41.920753479003906
2019-12-27,46.72041320800781,78.63162231445312,45.57325744628906,68.53765869140625,89.01480865478516,26.96808624267578,23.089679718017578,27.367258071899414,74.1456527709961,43.59222412109375,53.642967224121094,26.499536514282227,92.43624877929688,59.74755096435547,42.093719482421875
2019-12-30,46.19762420654297,78.6911392211914,45.32929611206055,68.04141998291016,88.16874694824219,26.88430404663086,23.016807556152344,27.287208557128906,73.8016128540039,43.34084701538086,53.363101959228516,26.495420455932617,91.88129425048828,59.363609313964844,41.81150436401367
2019-12-31,46.32286071777344,79.15031433105469,45.4361686706543,68.12814331054688,88.30033874511719,27.082731246948242,23.147890090942383,27.376150131225586,73.75635528564453,43.47840881347656,53.41398620605469,26.598329544067383,92.06204986572266,59.44892501831055,41.884342193603516
2020-01-02,47.159706115722656,78.27449035644531,45.80326461791992,69.70355224609375,89.32501983642578,26.76525115966797,23.3560848236084,27.642974853515625,75.15055847167969,44.29417419433594,52.98993682861328,26.264921188354492,92.30611419677734,60.155189514160156,41.56571960449219
2020-01-03,46.9887580871582,78.835693359375,45.48727798461914,68.56175231933594,88.96780395507812,26.3331241607666,23.28668975830078,27.34946632385254,75.00569152832031,43.796173095703125,52.905113220214844,26.318429946899414,91.50169372558594,59.64326477050781,41.247108459472656
2020-01-06,47.537384033203125,78.90372467041016,45.21546173095703,67.82943725585938,90.02068328857422,26.218486785888672,23.4678897857666,27.331674575805664,75.03285217285156,43.9005126953125,53.0153694152832,26.343124389648438,92.07109832763672,59.809165954589844,41.392765045166016
2020-01-07,47.66460037231445,78.10440063476562,45.373435974121094,68.96162414550781,90.07709503173828,26.18761444091797,23.406206130981445,27.153793334960938,74.87895965576172,43.881553649902344,52.60828399658203,26.30607795715332,91.89033508300781,59.71437454223633,41.247108459472656
2020-01-08,48.167503356933594,78.29146575927734,45.74750518798828,69.07723999023438,90.5377197265625,26.280216217041016,23.020666122436523,27.331674575805664,75.13243865966797,44.351104736328125,52.8033447265625,26.293729782104492,92.48685455322266,59.89448165893555,41.32903289794922
2020-01-09,48.62468719482422,78.33397674560547,45.95428466796875,69.47229766845703,90.81034088134766,26.377214431762695,23.190305709838867,27.50066566467285,75.44930267333984,44.85383987426758,53.176509857177734,26.43779754638672,92.8845443725586,60.21207046508789,41.15608596801758
2020-01-10,48.53325271606445,79.0142593383789,45.72427749633789,68.89417266845703,90.61292266845703,26.271390914916992,23.059219360351562,27.296098709106445,74.9151840209961,44.74950408935547,53.14258575439453,26.507768630981445,92.91165924072266,59.88500213623047,41.037723541259766
2020-01-13,49.101749420166016,79.85610961914062,46.107635498046875,69.85772705078125,91.45899963378906,26.610923767089844,23.066926956176758,27.482877731323242,75.53077697753906,45.30917739868164,53.49031448364258,26.668302536010742,92.58627319335938,60.074615478515625,41.274417877197266
2020-01-14,48.8731575012207,79.54997253417969,46.530487060546875,70.00225067138672,91.46837615966797,26.50068473815918,23.070785522460938,27.429513931274414,75.53983306884766,45.09573745727539,53.50727844238281,26.74650764465332,93.14663696289062,60.05563735961914,41.52021408081055
2020-01-15,49.010318756103516,80.25579071044922,46.64898681640625,68.96643829345703,91.86321258544922,26.681474685668945,22.90114974975586,27.2783145904541,75.65751647949219,45.14790725708008,53.88893127441406,27.121074676513672,93.9510269165039,59.918190002441406,41.274417877197266
2020-01-16,49.57881546020508,80.85102844238281,47.12527847290039,70.079345703125,92.54945373535156,26.8402156829834,22.939701080322266,27.518457412719727,76.40894317626953,45.7550048828125,54.033103942871094,27.28982925415039,94.43909454345703,60.453800201416016,41.81150436401367
2020-01-17,49.7358512878418,80.94457244873047,46.997493743896484,70.36840057373047,93.16988372802734,26.95926856994629,22.79319190979004,27.598501205444336,76.4179916381836,46.06330108642578,54.126399993896484,27.47917366027832,94.43909454345703,60.6671028137207,41.765995025634766
2020-01-21,49.890899658203125,81.76937103271484,46.14248275756836,70.42621612548828,93.07591247558594,26.66824722290039,22.384523391723633,27.367258071899414,75.57605743408203,46.044334411621094,54.312984466552734,27.730257034301758,94.53850555419922,60.48225021362305,41.547508239746094
2020-01-22,49.83723068237305,81.30168914794922,45.872962951660156,71.00435638427734,92.96309661865234,26.562419891357422,22.168617248535156,27.44729995727539,75.17770385742188,46.2103271484375,54.355384826660156,27.816696166992188,94.656005859375,60.453800201416016,41.392765045166016
2020-01-23,50.07178497314453,81.78638458251953,46.432899475097656,71.44758605957031,92.81266784667969,26.53155517578125,22.083797454833984,27.376150131225586,75.99248504638672,46.42850875854492,54.30449676513672,28.063661575317383,94.177001953125,60.543861389160156,41.347232818603516
2020-01-24,49.74578857421875,81.59931945800781,46.107635498046875,71.1344223022461,91.74098205566406,26.341947555541992,21.829341888427734,27.029279708862305,75.63941192626953,46.2103271484375,53.931339263916016,28.137752532958984,92.60435485839844,59.70014572143555,40.87387466430664
2020-01-27,48.920867919921875,81.20816040039062,44.990081787109375,68.26786041259766,90.29328918457031,25.77313232421875,21.224040985107422,26.61125373840332,74.2090072631836,45.10997009277344,53.76169967651367,28.067779541015625,91.89937591552734,58.80903244018555,40.48242950439453
2020-01-28,49.765663146972656,81.55680084228516,45.24565124511719,69.9781723022461,91.28975677490234,26.064157485961914,21.320432662963867,26.922550201416016,74.6888427734375,45.973182678222656,53.82956314086914,28.18303108215332,92.35130310058594,59.382572174072266,40.71001434326172
2020-01-29,49.68416976928711,81.30168914794922,45.43152618408203,68.9134521484375,90.82913208007812,26.147932052612305,21.09681510925293,26.878074645996094,75.08717346191406,46.09174346923828,53.55816650390625,28.257116317749023,92.09822082519531,59.349388122558594,40.618980407714844
2020-01-30,50.35205841064453,81.40373229980469,45.162025451660156,68.75445556640625,90.17106628417969,25.984785079956055,21.266450881958008,27.216054916381836,75.16864013671875,46.49015808105469,54.19424819946289,28.520545959472656,91.4294204711914,59.24985122680664,40.391387939453125
2020-01-31,49.42973709106445,80.41735076904297,44.0374870300293,66.27812194824219,88.84561157226562,25.41155433654785,20.603322982788086,26.646831512451172,73.43043518066406,45.21430206298828,53.5836181640625,28.392955780029297,89.60369873046875,59.40153121948242,39.1988639831543
2020-02-03,50.113525390625,80.66395568847656,44.1095085144043,67.1838607788086,89.93606567382812,25.945100784301758,20.33344078063965,26.833606719970703,73.40327453613281,45.811920166015625,53.5836181640625,28.483505249023438,90.41714477539062,59.82337951660156,39.59030532836914
2020-02-04,51.397621154785156,81.4887924194336,44.91806411743164,69.34703063964844,90.82913208007812,26.40367889404297,20.406696319580078,27.091537475585938,74.78842163085938,47.01186752319336,53.905887603759766,28.19949722290039,92.00784301757812,60.91358184814453,39.899818420410156
2020-02-05,50.66413879394531,81.50579071044922,45.52446746826172,70.72491455078125,90.81034088134766,26.893123626708984,21.173925399780273,27.634075164794922,76.03775787353516,47.28696823120117,54.338436126708984,28.314739227294922,93.7793197631836,61.22169494628906,40.80104446411133
2020-02-06,51.127281188964844,81.8119125366211,45.34323501586914,70.77308654785156,91.91960906982422,26.87989616394043,20.958017349243164,27.598501205444336,76.28218841552734,47.71857452392578,54.43172073364258,28.32297706604004,93.86064910888672,61.084232330322266,40.573463439941406
2020-02-07,51.05373764038086,81.77790069580078,45.31303405761719,69.15432739257812,91.81620788574219,26.496273040771484,20.811513900756836,27.50066566467285,75.7299575805664,47.282230377197266,54.499568939208984,28.232419967651367,93.12857055664062,60.81877517700195,39.97263717651367
2020-02-10,51.67988204956055,82.60272979736328,45.338584899902344,70.2431411743164,92.4366455078125,26.483049392700195,20.707414627075195,27.580717086791992,76.15543365478516,47.922523498535156,54.72855758666992,28.33944320678711,93.62564086914062,61.50606918334961,40.06366729736328
2020-02-11,51.59440612792969,83.27449035644531,45.461727142333984,71.7270278930664,92.66226196289062,26.628562927246094,20.938735961914062,27.678546905517578,76.44514465332031,47.761260986328125,54.5250129699707,28.442338943481445,94.18602752685547,61.98954772949219,40.37318801879883
2020-02-12,52.015811920166016,83.9377670288086,45.88922882080078,72.7387466430664,93.55530548095703,26.774070739746094,21.220190048217773,27.696334838867188,77.16035461425781,48.27824401855469,54.499568939208984,28.462921142578125,94.30352783203125,62.62470626831055,41.05593490600586
2020-02-13,52.13905715942383,84.50750732421875,45.84275436401367,72.91218566894531,93.64933776855469,26.67706298828125,21.154644012451172,27.687442779541016,76.7258071899414,48.150169372558594,54.82185745239258,28.779863357543945,93.86064910888672,62.515689849853516,40.90118408203125
2020-02-14,52.580345153808594,85.2728271484375,45.30607223510742,72.59903717041016,93.5647201538086,26.681474685668945,21.042835235595703,27.7230167388916,76.6261978149414,48.3588752746582,54.94906997680664,28.97332191467285,93.9329605102539,62.4209098815918,40.80104446411133
2020-02-18,52.66780471801758,85.21330261230469,45.33162307739258,71.51021575927734,94.13818359375,26.615331649780273,20.869342803955078,27.482877731323242,76.19168853759766,48.17864227294922,54.75400161743164,29.2161808013916,93.59854888916016,62.416160583496094,40.97401809692383
2020-02-19,53.00770950317383,84.14185333251953,45.675479888916016,73.35060119628906,94.5705795288086,26.68588638305664,21.146934509277344,27.687442779541016,76.16449737548828,48.75252914428711,54.69462585449219,28.89923667907715,94.0323715209961,62.69581985473633,41.065040588378906
2020-02-20,52.433250427246094,85.05172729492188,46.04024887084961,72.19435119628906,94.1663589477539,26.729978561401367,21.123804092407227,27.634075164794922,76.05587005615234,48.245033264160156,54.73704528808594,29.002138137817383,93.42681121826172,62.71952819824219,41.96626281738281
2020-02-21,51.33997344970703,85.21330261230469,45.517486572265625,70.07451629638672,92.85027313232422,26.60651206970215,20.87320327758789,27.367258071899414,75.67560577392578,47.16365432739258,54.83033752441406,28.94863510131836,93.48104858398438,61.76204299926758,41.69316482543945
2020-02-24,49.75374221801758,84.07384490966797,43.907379150390625,66.89960479736328,89.8044662475586,25.856908798217773,19.90934944152832,26.477842330932617,73.52098083496094,45.21430206298828,53.566650390625,28.611101150512695,90.53462219238281,59.63853454589844,40.209327697753906
2020-02-25,48.37820816040039,81.8204116821289,42.02776336669922,64.97249603271484,87.52010345458984,24.74132537841797,19.030315399169922,25.57953643798828,70.52436065673828,43.7677116394043,52.59980392456055,28.010154724121094,87.78704071044922,58.04588317871094,38.862037658691406
2020-02-26,48.46965026855469,80.96156311035156,41.09607696533203,65.36273956298828,87.0218734741211,24.65753936767578,18.455856323242188,25.392751693725586,69.990234375,43.966915130615234,52.30295944213867,27.726139068603516,87.77799224853516,57.586116790771484,37.96991729736328
2020-02-27,46.422245025634766,76.71833038330078,39.66487121582031,62.35163116455078,83.67523956298828,23.50227928161621,17.468873977661133,24.30767059326172,67.39197540283203,41.595462799072266,50.17420196533203,26.47895622253418,84.79544830322266,55.2587776184082,36.904823303222656
2020-02-28,46.628971099853516,74.32032775878906,39.2025146484375,63.580162048339844,83.84444427490234,23.246524810791016,17.453445434570312,23.649507522583008,66.1607437133789,41.913238525390625,49.181922912597656,25.593990325927734,83.70185089111328,54.90327453613281,36.668148040771484
2020-03-02,48.38218307495117,77.90032196044922,39.585880279541016,65.7818832397461,86.40142822265625,24.243061065673828,18.158994674682617,24.859111785888672,68.48739624023438,44.33686828613281,51.811058044433594,27.100488662719727,87.6243667602539,56.789794921875,37.25075149536133
2020-03-03,46.56934356689453,77.9088134765625,38.45206832885742,63.62351989746094,83.72222137451172,24.03140640258789,17.60381317138672,23.92522430419922,66.81257629394531,42.65312576293945,51.10712814331055,26.767080307006836,85.44617462158203,55.415191650390625,36.40414047241211
2020-03-04,48.37423324584961,80.8850326538086,39.822872161865234,66.88514709472656,86.48601531982422,25.027938842773438,18.020198822021484,24.71680450439453,69.57376861572266,44.48390197753906,53.61753463745117,28.285926818847656,90.3719253540039,57.33015060424805,37.33267593383789
2020-03-05,47.10205841064453,79.12482452392578,37.70393371582031,64.78460693359375,83.32742309570312,24.234233856201172,17.360919952392578,23.52498435974121,66.16979217529297,43.079994201660156,52.60828399658203,27.849618911743164,88.27509307861328,55.192413330078125,36.021812438964844
2020-03-06,45.519798278808594,77.7812728881836,37.43674087524414,63.53680419921875,82.05833435058594,23.603687286376953,16.385498046875,22.724515914916992,65.59036254882812,42.16936111450195,52.19270706176758,27.623239517211914,87.80511474609375,54.34395217895508,35.621253967285156
2020-03-09,42.11674880981445,72.01590728759766,33.809932708740234,58.251708984375,76.35211944580078,21.39456558227539,13.085268020629883,20.287527084350586,59.54283905029297,38.96788024902344,49.919776916503906,26.120853424072266,83.24089050292969,50.92170333862305,33.69135665893555
2020-03-10,44.178062438964844,74.79652404785156,35.60126876831055,61.84095001220703,79.97591400146484,22.263225555419922,13.705986976623535,21.479341506958008,62.62998962402344,41.56699752807617,51.353084564208984,26.36370849609375,86.09693908691406,53.73725509643555,34.29216766357422
2020-03-11,42.07500076293945,70.4427719116211,34.01671600341797,58.50223159790039,76.32007598876953,21.2049617767334,12.98117446899414,20.314208984375,58.954383850097656,39.60342788696289,48.83419418334961,25.038326263427734,82.80703735351562,50.7984504699707,31.83428382873535
2020-03-12,38.151161193847656,63.580467224121094,30.40850067138672,52.32584762573242,69.27224731445312,19.163393020629883,11.361900329589844,18.117359161376953,52.85253143310547,35.73794174194336,44.24592208862305,22.511024475097656,76.62500762939453,45.66504669189453,27.91075325012207
2020-03-13,41.87821578979492,69.00569915771484,33.12685775756836,57.39896011352539,75.33074188232422,20.508270263671875,12.410569190979004,20.500980377197266,56.980777740478516,39.93069839477539,48.01152801513672,23.737628936767578,81.93939971923828,48.49007797241211,29.804243087768555
2020-03-16,36.94856262207031,57.36442947387695,29.460561752319336,49.12683868408203,66.7282485961914,18.25063705444336,10.721903800964355,17.690439224243164,50.51681137084961,34.414669036865234,44.754783630371094,21.041574478149414,73.85935974121094,42.3470458984375,26.0900936126709
2020-03-17,39.580360412597656,60.06003189086914,31.430782318115234,53.1063232421875,69.38533020019531,19.37945556640625,10.79515552520752,18.651002883911133,52.843475341796875,36.757667541503906,48.528865814208984,23.733509063720703,78.4958724975586,43.97760772705078,27.437379837036133
2020-03-18,37.618438720703125,54.15011215209961,29.009815216064453,48.69324493408203,66.77537536621094,18.14040184020996,9.245277404785156,17.067848205566406,48.95060348510742,35.37274169921875,47.28215026855469,22.700366973876953,75.89290618896484,41.451194763183594,25.261686325073242
2020-03-19,38.59840774536133,54.175628662109375,29.551166534423828,49.555625915527344,68.31118774414062,18.603395462036133,9.873709678649902,17.441396713256836,48.98681640625,35.500789642333984,45.70465850830078,21.379091262817383,74.33834838867188,42.896888732910156,26.645397186279297
2020-03-20,37.77745819091797,51.80315399169922,28.58928680419922,48.68842315673828,65.20185852050781,17.93756866455078,9.970094680786133,16.81881332397461,46.53340530395508,33.873966217041016,42.7447624206543,19.68325424194336,71.48230743408203,41.621822357177734,25.452861785888672
2020-03-23,37.8609504699707,49.1840705871582,27.910860061645508,50.49509048461914,65.09820556640625,17.02315330505371,9.290549278259277,15.840231895446777,44.495216369628906,33.564544677734375,41.47980880737305,18.678848266601562,67.76959991455078,41.690425872802734,24.724586486816406
2020-03-24,40.7471809387207,53.121192932128906,31.54231071472168,55.707923889160156,69.5455093383789,19.025102615356445,10.780505180358887,17.804563522338867,50.12440490722656,37.002044677734375,43.595176696777344,20.686832427978516,72.99175262451172,45.60083770751953,27.243770599365234
2020-03-25,40.285369873046875,56.03768539428711,32.38836669921875,55.28877639770508,68.94248962402344,19.468990325927734,11.288982391357422,18.288921356201172,52.76108932495117,36.954376220703125,43.47574996948242,21.214811325073242,73.9635238647461,46.40100860595703,27.72011947631836
2020-03-26,43.01024627685547,60.19309616088867,33.67184829711914,58.641944885253906,72.89981079101562,20.383398056030273,11.978779792785645,19.437023162841797,56.091163635253906,39.24287414550781,45.85552215576172,23.023250579833984,78.87684631347656,48.320499420166016,28.581222534179688
2020-03-27,41.29695510864258,60.27035903930664,32.194332122802734,55.39958190917969,70.13909912109375,19.64654541015625,11.166790962219238,18.845033645629883,53.728179931640625,37.469295501708984,45.64228820800781,23.147966384887695,77.18759155273438,46.701087951660156,27.509424209594727
2020-03-30,42.62840270996094,61.47231674194336,32.55436706542969,57.57239532470703,72.24967193603516,20.272428512573242,11.281098365783691,19.203815460205078,54.512794494628906,39.047401428222656,47.424991607666016,24.004371643066406,80.80221557617188,47.67749786376953,27.50027084350586
2020-03-31,42.040645599365234,59.72946548461914,32.31590270996094,56.43540954589844,71.77857971191406,19.992780685424805,11.454534530639648,18.674610137939453,53.8376579284668,38.31794738769531,46.461143493652344,23.035722732543945,80.44803619384766,46.715370178222656,27.280410766601562
2020-04-01,40.04547119140625,55.78870391845703,30.76124382019043,53.63628387451172,68.87650299072266,19.091676712036133,10.886931419372559,17.535480499267578,51.41081619262695,36.49191665649414,45.67641067504883,21.651336669921875,77.38743591308594,44.629188537597656,25.677297592163086
2020-04-02,40.23339080810547,56.02910614013672,31.151670455932617,55.08161163330078,69.82817077636719,19.380207061767578,11.884178161621094,17.97498321533203,52.09507751464844,37.345333099365234,46.844970703125,22.3289737701416,79.53075408935547,44.7958984375,25.320024490356445
2020-04-03,39.57166290283203,55.15338134765625,30.550830841064453,53.97834014892578,68.21696472167969,18.91412353515625,11.75804328918457,17.61620330810547,51.40168762207031,36.76844024658203,47.21174240112305,21.530771255493164,78.81327056884766,44.01476287841797,24.907798767089844
2020-04-06,42.54444122314453,59.29159927368164,32.78580856323242,59.345340728759766,72.85271453857422,20.321252822875977,12.380829811096191,18.880908966064453,54.95985412597656,39.90558624267578,48.96886444091797,23.19369888305664,82.94556427001953,47.67749786376953,27.67431640625
2020-04-07,41.9606819152832,59.86684036254883,32.92607498168945,59.162261962890625,73.37094116210938,20.862802505493164,12.644923210144043,19.069271087646484,54.832130432128906,39.54800033569336,48.40591049194336,22.902681350708008,82.26441955566406,48.387184143066406,28.39801025390625
2020-04-08,43.474056243896484,64.1510009765625,34.05290985107422,61.12310028076172,75.11404418945312,21.88374137878418,13.488446235656738,19.903444290161133,56.821041107177734,40.611202239990234,49.122398376464844,24.149883270263672,85.65198516845703,49.91134262084961,29.66217803955078
2020-04-09,43.953857421875,67.72258758544922,34.46670913696289,59.67776870727539,75.83953857421875,22.824787139892578,13.366249084472656,20.970815658569336,57.67864990234375,40.62073516845703,49.5829963684082,25.28899383544922,86.124267578125,50.81155014038086,30.733970642089844
2020-04-13,44.02183151245117,64.96664428710938,33.667171478271484,60.45824432373047,75.7641830444336,22.323196411132812,13.322892189025879,20.208404541015625,55.99079513549805,40.711326599121094,49.216224670410156,24.48662567138672,85.3704605102539,50.79725646972656,30.48663902282715
2020-04-14,45.87306594848633,66.68373107910156,34.195518493652344,63.10319519042969,78.17626953125,22.611722946166992,13.2598237991333,20.298095703125,57.058250427246094,42.418148040771484,51.30598831176758,25.205842971801758,88.20401763916016,52.78342056274414,31.512622833251953
2020-04-15,45.42724609375,64.15959930419922,33.4731330871582,61.402530670166016,77.28115844726562,21.573020935058594,12.637039184570312,19.419082641601562,55.479888916015625,41.49321746826172,50.49568176269531,24.374378204345703,87.74993133544922,51.626014709472656,30.29426383972168
2020-04-16,46.01300811767578,63.43842315673828,33.38429260253906,63.03093719482422,77.57324981689453,21.44873046875,12.097027778625488,19.0782413482666,54.987220764160156,41.998600006103516,50.82833480834961,24.378530502319336,89.66621398925781,52.24519729614258,30.211816787719727
2020-04-17,46.934627532958984,65.32722473144531,34.431644439697266,63.647613525390625,78.89236450195312,22.30988121032715,13.382014274597168,20.08283042907715,57.56916427612305,42.556419372558594,51.604530334472656,25.16426658630371,91.52803039550781,53.788421630859375,31.485149383544922
2020-04-20,46.76469802856445,62.957618713378906,33.33987045288086,62.29863739013672,78.23281860351562,21.75945472717285,12.96419906616211,19.733016967773438,56.036415100097656,41.87464141845703,50.58949661254883,24.212244033813477,90.80146026611328,52.850101470947266,31.127885818481445
2020-04-21,44.617584228515625,61.80717849731445,32.80216598510742,59.5091438293457,75.84898376464844,21.222347259521484,12.735580444335938,19.096181869506836,54.71351623535156,40.12013244628906,49.5147590637207,23.813138961791992,88.04056549072266,51.478355407714844,30.303430557250977
2020-04-22,46.12096405029297,62.794498443603516,32.76009750366211,62.871952056884766,77.6769027709961,21.63960838317871,13.188872337341309,19.302480697631836,55.28830337524414,41.66485595703125,49.9924201965332,24.507408142089844,89.38467407226562,52.58814239501953,30.50495719909668
2020-04-23,45.72712326049805,62.219268798828125,33.2276611328125,62.293819427490234,78.34588623046875,21.790529251098633,13.61457633972168,19.22175407409668,55.72622299194336,41.37879180908203,49.54887771606445,24.095834732055664,89.8751220703125,52.57384490966797,30.76145362854004
2020-04-24,46.444828033447266,62.476829528808594,33.8448486328125,63.55125427246094,79.26924896240234,22.132326126098633,13.646109580993652,19.499807357788086,56.17326736450195,42.25605392456055,50.077720642089844,24.245500564575195,91.08302307128906,53.46452331542969,31.640872955322266
2020-04-27,47.226505279541016,64.45149993896484,34.81037521362305,64.33656311035156,80.06070709228516,22.722694396972656,13.94173526763916,20.163555145263672,57.56916427612305,42.61841583251953,50.22272491455078,24.499095916748047,92.25460052490234,54.464744567871094,33.30813217163086
2020-04-28,46.17694091796875,65.03533172607422,35.13066864013672,63.907772064208984,78.77925872802734,23.14438819885254,14.26101016998291,20.37882423400879,58.6457405090332,42.05103302001953,50.50420379638672,24.590557098388672,90.39278411865234,54.67908477783203,33.72950744628906
2020-04-29,48.08415222167969,66.03124237060547,36.0961799621582,66.90924835205078,82.55760192871094,23.73476791381836,15.31737995147705,20.970815658569336,59.76792907714844,43.776954650878906,50.29096603393555,24.36606216430664,90.99219512939453,55.88412094116211,34.737178802490234
2020-04-30,48.156124114990234,65.29290008544922,35.048831939697266,64.42808532714844,82.11474609375,23.028976440429688,14.978397369384766,20.441612243652344,58.581871032714844,43.581478118896484,49.69388961791992,23.80482292175293,90.57442474365234,55.53642272949219,33.601261138916016
2020-05-01,46.66273880004883,63.07781219482422,33.84718704223633,61.39289474487305,80.8521728515625,22.545143127441406,14.130934715270996,19.786834716796875,56.811912536621094,42.38477325439453,49.147987365722656,23.23111343383789,88.8488540649414,53.459754943847656,32.666873931884766
2020-05-04,47.56636428833008,62.888946533203125,33.040626525878906,62.07219696044922,81.3044662475586,22.62504005432129,14.619705200195312,19.607446670532227,56.091163635253906,42.94736862182617,49.122398376464844,23.405725479125977,88.80342102050781,53.750301361083984,32.840919494628906
2020-05-05,48.573951721191406,63.18942642211914,33.31648635864258,62.881587982177734,81.78498077392578,22.682741165161133,14.631528854370117,19.54465675354004,56.31012725830078,43.53855514526367,49.1650505065918,23.596960067749023,90.72880554199219,53.945579528808594,33.17070770263672
2020-05-06,49.177703857421875,62.14199447631836,32.8419075012207,63.61871337890625,81.58712005615234,22.292123794555664,14.249187469482422,19.123092651367188,55.53463363647461,43.877071380615234,48.62767028808594,22.79459571838379,89.8297119140625,53.93606185913086,33.2623176574707
2020-05-07,50.45717239379883,62.96620178222656,33.36558532714844,64.19683837890625,82.94391632080078,22.74932861328125,14.619705200195312,19.57156753540039,56.182395935058594,44.535011291503906,48.4912109375,22.886058807373047,89.82063293457031,54.783870697021484,33.46385192871094
2020-05-08,50.86500549316406,64.46866607666016,34.5087890625,65.83487701416016,84.31954956054688,23.29531478881836,15.285849571228027,19.993131637573242,57.578277587890625,45.18818283081055,49.57447052001953,23.34751319885254,90.28379821777344,55.85078048706055,34.83794021606445
2020-05-11,51.59470748901367,63.558597564697266,34.106685638427734,65.86860656738281,84.34783172607422,22.940202713012695,15.017813682556152,19.607446670532227,56.8575325012207,45.48854446411133,49.5062370300293,23.247743606567383,91.83683013916016,55.72695541381836,34.79214859008789
2020-05-12,50.36320877075195,60.63953399658203,33.1341438293457,64.05712890625,82.62356567382812,22.58953285217285,14.75372314453125,19.096181869506836,55.260921478271484,44.5493049621582,49.088279724121094,23.044038772583008,90.43819427490234,54.50762176513672,33.89439392089844
2020-05-13,49.36162567138672,59.20574951171875,32.40941619873047,62.920127868652344,81.01236724853516,22.114566802978516,14.083635330200195,18.531089782714844,53.874149322509766,43.78171157836914,48.64473342895508,22.848636627197266,89.45735931396484,53.569305419921875,33.01496887207031
2020-05-14,49.61751937866211,59.48049545288086,32.556697845458984,64.68344116210938,81.85093688964844,22.38534164428711,14.241304397583008,19.006484985351562,54.439815521240234,44.33953857421875,48.525325775146484,23.09391975402832,90.43819427490234,54.36949157714844,33.179866790771484
2020-05-15,50.41719055175781,59.20574951171875,32.159271240234375,63.209197998046875,82.87798309326172,22.58065414428711,14.186120986938477,18.880908966064453,54.24822235107422,44.5636100769043,48.95180892944336,22.78628158569336,91.20106506347656,55.002967834472656,33.84859848022461
2020-05-18,50.75904846191406,62.65715408325195,34.49009323120117,65.93124389648438,84.98853302001953,23.610471725463867,15.344975471496582,19.849620819091797,57.824623107910156,45.65541458129883,49.72800064086914,23.7216739654541,91.95487976074219,57.08440017700195,35.28681182861328
2020-05-19,51.11689758300781,61.9531135559082,34.123050689697266,65.6855239868164,84.73414611816406,23.38408851623535,14.91533088684082,19.365266799926758,57.085628509521484,45.48854446411133,48.81533432006836,23.330888748168945,90.84687805175781,56.87958526611328,34.847103118896484
2020-05-20,51.974544525146484,62.55410385131836,35.16572570800781,68.06551361083984,86.77875518798828,23.756961822509766,15.510526657104492,19.795801162719727,58.1530647277832,46.48500061035156,49.39535140991211,23.459766387939453,90.95587158203125,57.62261199951172,35.03030776977539
2020-05-21,51.56271743774414,62.46824264526367,35.051170349121094,66.34074401855469,86.30766296386719,23.53057289123535,15.262202262878418,19.733016967773438,58.289920806884766,45.83658981323242,48.849449157714844,23.222801208496094,90.28379821777344,57.82742691040039,35.74484634399414
2020-05-22,52.17446517944336,63.318214416503906,35.13766860961914,66.48046875,86.79761505126953,23.49506187438965,15.167601585388184,19.661258697509766,58.244300842285156,46.00346374511719,49.02004623413086,23.480554580688477,90.47450256347656,57.74169158935547,35.891422271728516
2020-05-26,51.68666458129883,65.62772369384766,36.900394439697266,67.05377960205078,87.19335174560547,24.13870620727539,15.589356422424316,20.68378448486328,60.68938446044922,45.95577621459961,49.28445816040039,23.63437271118164,90.31104278564453,58.65618133544922,36.88077163696289
2020-05-27,51.668670654296875,66.8897933959961,37.95710372924805,68.06551361083984,88.11670684814453,24.38284683227539,15.790386199951172,21.58074378967285,62.71480941772461,46.2180061340332,50.02655029296875,23.91706657409668,91.24649047851562,59.66116714477539,38.144935607910156
2020-05-28,52.30241012573242,67.16454315185547,37.38433074951172,66.61054992675781,87.33468627929688,24.609228134155273,15.348918914794922,21.239900588989258,62.12177658081055,46.12742614746094,50.47007751464844,24.62381362915039,92.43622589111328,58.937198638916016,37.32047653198242
2020-05-29,53.431941986083984,66.46910858154297,37.253421783447266,67.94507598876953,87.7963638305664,24.61366844177246,15.277961730957031,20.997722625732422,61.73858642578125,46.70907974243164,50.52126693725586,24.81505012512207,93.55330657958984,59.15153121948242,37.37544250488281
2020-06-01,54.009708404541016,68.00590515136719,37.22770690917969,67.84390258789062,88.9552993774414,24.7823429107666,15.546000480651855,21.239900588989258,61.875457763671875,46.69477844238281,50.870975494384766,25.110225677490234,92.62693786621094,59.713558197021484,37.650264739990234
2020-06-02,54.047691345214844,68.61547088623047,37.93839645385742,69.17841339111328,89.34160614013672,25.230670928955078,15.979586601257324,21.41032600402832,62.678314208984375,47.133399963378906,51.0074577331543,25.272356033325195,93.16278839111328,60.223209381103516,38.529685974121094
2020-06-03,54.07567596435547,70.67601776123047,39.20550537109375,71.08625030517578,89.89752960205078,25.80328941345215,16.448646545410156,22.2086181640625,65.12339782714844,47.500511169433594,51.0756950378418,25.57583999633789,92.98114013671875,61.36156463623047,39.55568313598633
2020-06-04,52.96013641357422,70.07502746582031,39.75021743774414,71.87155151367188,89.33218383789062,25.896503448486328,16.45258903503418,22.692970275878906,65.81680297851562,47.10955810546875,50.82833480834961,25.11853790283203,92.2455062866211,61.051971435546875,39.68393325805664
2020-06-05,53.75181198120117,72.62492370605469,40.991615295410156,73.5674057006836,90.91514587402344,26.557903289794922,17.674509048461914,23.53610610961914,68.23452758789062,48.34916687011719,51.53630065917969,25.43865203857422,93.73493957519531,62.51420974731445,40.62747573852539
2020-06-08,54.493507385253906,74.53948974609375,41.74906921386719,73.34579467773438,92.30961608886719,26.59341049194336,18.47072982788086,23.984586715698242,69.60302734375,48.592315673828125,52.090721130371094,26.12044906616211,94.3797607421875,63.46680450439453,41.54353713989258
2020-06-09,54.23760986328125,73.3375244140625,40.837303161621094,73.4806900024414,91.86677551269531,26.269371032714844,17.776996612548828,23.47332191467285,67.86956787109375,48.821170806884766,51.66424560546875,25.596628189086914,93.39891052246094,62.97145462036133,40.51755142211914
2020-06-10,55.18522262573242,71.46586608886719,39.789955139160156,73.85648345947266,91.35797882080078,25.971961975097656,16.90194320678711,22.59430694580078,66.24561309814453,49.63644790649414,51.519229888916016,25.446964263916016,93.25361633300781,62.38084030151367,39.573997497558594
2020-06-11,52.262428283691406,66.94989776611328,36.687652587890625,69.32295989990234,86.8353042602539,23.965587615966797,15.309499740600586,20.74657440185547,61.592613220214844,46.79012680053711,49.565948486328125,24.453365325927734,88.06780242919922,59.11343002319336,37.41208267211914
2020-06-12,53.044105529785156,69.34524536132812,37.73265838623047,70.30095672607422,87.7586669921875,24.431673049926758,15.695783615112305,21.37444496154785,62.78779983520508,47.3956298828125,49.57447052001953,24.39100456237793,88.63996887207031,59.69927978515625,37.824317932128906
2020-06-15,54.007755279541016,70.1429672241211,38.00273132324219,71.21151733398438,88.89875793457031,24.689128875732422,15.743077278137207,21.670438766479492,63.408203125,47.853328704833984,50.14595413208008,24.55729866027832,88.83975982666016,60.26607131958008,38.31899642944336
2020-06-16,54.95761489868164,71.5257797241211,38.50204849243164,72.32441711425781,89.97289276123047,25.20404052734375,16.19637680053711,22.01128578186035,64.64900207519531,48.873619079589844,50.93069839477539,24.669544219970703,91.0285415649414,61.53302001953125,39.44575500488281
2020-06-17,54.95761489868164,70.55780792236328,38.366085052490234,73.0904541015625,89.87869262695312,24.99540901184082,15.644546508789062,21.679414749145508,64.1836929321289,48.86406326293945,50.853919982910156,24.594717025756836,90.93769836425781,61.371089935302734,39.16177749633789
2020-06-18,55.743492126464844,69.80590057373047,38.251216888427734,72.98927307128906,90.18961334228516,25.01316261291504,15.837686538696289,21.65250587463379,63.94647216796875,49.08338928222656,51.11834716796875,24.590557098388672,90.62890625,61.14722442626953,39.0884895324707
2020-06-19,55.69350051879883,68.92436218261719,37.69562911987305,72.647216796875,89.84100341796875,24.93770408630371,15.597245216369629,21.508991241455078,63.1618537902832,48.74488067626953,50.853919982910156,23.90044593811035,91.50078582763672,60.67091369628906,38.657936096191406
2020-06-22,56.797332763671875,68.79473114013672,37.651084899902344,73.31207275390625,90.13097381591797,25.03009605407715,15.6694974899292,21.402477264404297,63.26813888549805,49.66328048706055,50.70865249633789,24.13351821899414,91.1496353149414,61.294410705566406,39.52370071411133
2020-06-23,56.73733901977539,68.58731079101562,38.15040969848633,73.5529556274414,90.7260513305664,25.088117599487305,15.68547248840332,21.50176429748535,63.27733612060547,50.02183532714844,50.631290435791016,23.890380859375,91.54182434082031,61.776588439941406,39.56959533691406
2020-06-24,55.61151123046875,66.62545013427734,36.94077682495117,72.01126861572266,88.43074035644531,24.356138229370117,14.815162658691406,20.74351692199707,61.077972412109375,48.89356231689453,49.780269622802734,23.672395706176758,89.15229034423828,60.41599655151367,38.174102783203125
2020-06-25,56.379398345947266,67.44648742675781,37.3908805847168,72.502685546875,88.7613296508789,24.65964126586914,15.098613739013672,21.294153213500977,61.75609588623047,49.51985168457031,50.13270950317383,23.37895393371582,90.02782440185547,60.49714660644531,38.36689758300781
2020-06-26,55.885475158691406,66.10688018798828,36.60554504394531,71.1440658569336,85.0302734375,24.320432662963867,14.575631141662598,20.3824462890625,60.61060333251953,48.5445556640625,49.10976028442383,23.131624221801758,88.93336486816406,59.079246520996094,37.86195755004883
2020-06-29,55.733497619628906,67.3427734375,37.60889434814453,71.86673736572266,86.83440399169922,24.793542861938477,14.771247863769531,20.60811424255371,62.599185943603516,49.07524108886719,50.03814697265625,23.567598342895508,89.73597717285156,60.20114517211914,39.2115364074707
2020-06-30,56.84132385253906,68.1119613647461,38.1269645690918,73.61559295654297,87.87345123291016,25.150602340698242,15.110590934753418,20.88794708251953,62.956581115722656,49.95491409301758,50.40778732299805,23.65562629699707,91.2682113647461,60.96977233886719,39.36761474609375
2020-07-01,57.825172424316406,69.64169311523438,38.01445388793945,72.77247619628906,89.74370574951172,25.20416259765625,14.743306159973145,20.707408905029297,62.672508239746094,50.036190032958984,50.45075988769531,24.20897674560547,91.97048950195312,61.58564376831055,39.53287887573242
2020-07-02,57.95915603637695,69.42564392089844,38.366085052490234,73.88539123535156,89.64924621582031,25.677268981933594,14.906989097595215,20.73448944091797,63.21316146850586,50.32781219482422,50.70865249633789,24.27185821533203,92.66363525390625,61.82912063598633,39.88174057006836
2020-07-06,58.587059020996094,69.43427276611328,39.01310729980469,75.92329406738281,91.35891723632812,26.04326057434082,14.950901985168457,21.131669998168945,64.12040710449219,51.207489013671875,50.957942962646484,23.97422218322754,93.60303497314453,63.29475784301758,40.58867263793945
2020-07-07,58.241111755371094,68.1119613647461,38.56300354003906,74.9790267944336,91.00942993164062,26.052186965942383,14.475822448730469,20.69838523864746,62.892425537109375,50.67203903198242,51.422122955322266,23.8778018951416,92.79132080078125,62.30174255371094,40.19390106201172
2020-07-08,59.428932189941406,68.0428237915039,38.722415924072266,76.05338287353516,91.87843322753906,25.681732177734375,14.463850021362305,20.915029525756836,62.892425537109375,51.499122619628906,51.293182373046875,24.091598510742188,92.80043029785156,62.965335845947266,40.689659118652344
2020-07-09,59.974849700927734,67.66255187988281,37.983970642089844,77.37345886230469,91.97290802001953,25.440715789794922,13.749238014221191,20.472715377807617,61.52700424194336,51.68556213378906,50.88916778564453,23.768814086914062,92.07081604003906,62.89373016357422,39.92765426635742
2020-07-10,59.63889694213867,67.85269927978516,38.675537109375,77.06993865966797,93.46530151367188,25.882583618164062,14.188385963439941,21.176799774169922,62.32427978515625,51.671226501464844,51.82615280151367,24.21735954284668,91.8519058227539,63.643272399902344,40.469322204589844
2020-07-13,57.063289642333984,67.01435089111328,38.6544189453125,75.96185302734375,91.62339782714844,25.882583618164062,14.112530708312988,21.267070770263672,62.58086013793945,50.60031509399414,51.748783111572266,24.24251365661621,92.37178039550781,62.836448669433594,39.56959533691406
2020-07-14,57.367244720458984,67.52423858642578,39.334259033203125,77.2385482788086,92.48296356201172,26.534215927124023,14.607568740844727,21.375389099121094,63.93712615966797,51.18357467651367,52.505245208740234,24.468883514404297,94.20498657226562,63.461849212646484,40.35914611816406
2020-07-15,57.46723175048828,68.22432708740234,40.433719635009766,76.88684844970703,93.21028137207031,26.980546951293945,14.922956466674805,21.799652099609375,65.56832885742188,51.46087646484375,52.54822540283203,24.372465133666992,95.4271240234375,64.36892700195312,41.67201614379883
2020-07-16,56.76133728027344,67.48104858398438,40.66345977783203,76.82904052734375,93.35194396972656,27.069814682006836,14.85508918762207,21.799652099609375,65.58663940429688,50.82502365112305,52.659976959228516,24.68267250061035,95.2720947265625,64.19706726074219,41.956626892089844
2020-07-17,57.249263763427734,68.32801055908203,41.13933563232422,77.18556213378906,93.0497055053711,27.297439575195312,14.647494316101074,21.619117736816406,65.98069763183594,51.07363510131836,52.94364547729492,25.24021339416504,96.57630920410156,63.89628601074219,41.5710334777832
2020-07-20,59.39094161987305,67.51561737060547,40.48529052734375,78.72724914550781,94.13595581054688,27.060888290405273,14.40396785736084,21.519819259643555,65.17427825927734,52.3787956237793,52.41069030761719,24.909046173095703,96.55806732177734,64.91793060302734,41.30478286743164
2020-07-21,58.7270393371582,67.68848419189453,40.75723648071289,78.33218383789062,93.8147964477539,27.297439575195312,15.274274826049805,21.944076538085938,66.03569030761719,51.8528938293457,52.86628341674805,25.022228240966797,96.49423217773438,65.01820373535156,42.3605842590332
2020-07-22,58.89501190185547,68.72557067871094,40.7079963684082,78.9054946899414,93.7864761352539,27.614336013793945,15.086637496948242,21.944076538085938,66.56721496582031,52.268836975097656,53.287479400634766,25.40789794921875,97.36067962646484,65.57675170898438,43.01241683959961
2020-07-23,57.619205474853516,68.37125396728516,40.586097717285156,77.60470581054688,92.1240005493164,27.5295352935791,15.058691024780273,21.962135314941406,66.36559295654297,50.911075592041016,53.47660827636719,25.43723487854004,96.9228744506836,64.59327697753906,42.82881164550781
2020-07-24,57.091285705566406,67.85269927978516,40.41261672973633,76.82423400878906,92.03901672363281,27.43580436706543,14.97485065460205,21.907974243164062,65.8340835571289,50.294349670410156,53.407840728759766,25.26955795288086,95.85576629638672,64.7078857421875,42.37895202636719
2020-07-27,58.047142028808594,68.63914489746094,40.79004669189453,79.92205047607422,92.77577209472656,27.83303451538086,14.990826606750488,21.727432250976562,66.1090087890625,51.08796691894531,53.67432403564453,24.963539123535156,96.57630920410156,65.10890197753906,42.84716796875
2020-07-28,57.55121994018555,69.86639404296875,40.253211975097656,77.84559631347656,92.0484390258789,27.22156524658203,14.735320091247559,21.673276901245117,65.65081024169922,50.4903678894043,53.87202835083008,25.340824127197266,96.46685028076172,64.46440887451172,42.70945358276367
2020-07-29,58.67104721069336,71.43071746826172,41.165130615234375,79.8064193725586,92.99302673339844,27.444734573364258,15.042719841003418,22.079479217529297,66.64966583251953,51.221832275390625,53.94939041137695,25.458202362060547,97.4792251586914,65.11845397949219,43.92133331298828
2020-07-30,58.585060119628906,71.06771850585938,41.129966735839844,80.5580062866211,93.38029479980469,26.913599014282227,14.451871871948242,21.682302474975586,65.98069763183594,51.5086784362793,53.94939041137695,25.458202362060547,96.80431365966797,65.06592559814453,43.74689865112305
2020-07-31,59.04098892211914,70.92079162597656,41.53317642211914,80.08104705810547,94.36265563964844,26.94038200378418,14.384003639221191,21.691329956054688,65.73330688476562,52.79472351074219,53.8978157043457,25.5001220703125,96.24797821044922,65.4048843383789,43.45310974121094
2020-08-03,60.238807678222656,69.99604797363281,41.55895233154297,81.50709533691406,94.6460189819336,26.788625717163086,14.435903549194336,21.754518508911133,66.0082015991211,54.09511184692383,53.751686096191406,25.223445892333984,97.24209594726562,65.2664566040039,44.29775619506836
2020-08-04,60.146820068359375,70.8775863647461,41.8098030090332,82.69227600097656,95.1088638305664,27.168006896972656,14.78722095489502,21.664249420166016,66.17312622070312,54.23374557495117,54.42219543457031,25.5001220703125,96.81343078613281,65.79159545898438,44.99549102783203
2020-08-05,60.39478302001953,70.6096420288086,42.34429168701172,82.76454162597656,95.26944732666016,27.565242767333984,14.942917823791504,21.962135314941406,67.43777465820312,54.43455123901367,54.31043243408203,25.173141479492188,97.26033782958984,66.59364318847656,46.0880126953125
2020-08-06,60.59075164794922,70.61830139160156,42.892852783203125,82.62001037597656,97.02633666992188,27.449193954467773,14.823147773742676,21.95311164855957,67.69435119628906,55.19948196411133,54.30183410644531,25.319862365722656,96.740478515625,66.91828918457031,45.6014289855957
2020-08-07,59.22896194458008,71.57762145996094,43.90790939331055,81.67090606689453,97.1113510131836,27.54292106628418,14.843110084533691,22.422494888305664,68.8490219116211,54.377174377441406,54.594112396240234,25.776796340942383,97.05054473876953,67.01853942871094,46.565425872802734
2020-08-10,58.37309265136719,71.75048828125,45.08940887451172,81.72872161865234,96.89409637451172,27.81071662902832,15.302216529846191,22.584978103637695,70.54435729980469,54.22419738769531,54.877777099609375,25.768404006958008,96.72222900390625,67.8205795288086,46.81330108642578
2020-08-11,57.25126266479492,70.71337890625,45.213653564453125,80.57245635986328,95.60002136230469,27.76162338256836,15.250316619873047,22.846757888793945,70.92008972167969,53.248897552490234,54.49955368041992,25.21086883544922,96.11115264892578,67.6869125366211,46.510337829589844
2020-08-12,57.90316390991211,71.39612579345703,45.41994094848633,83.1065902709961,96.59183502197266,27.926769256591797,15.402023315429688,22.7835693359375,71.14917755126953,54.45846176147461,55.204429626464844,25.575578689575195,97.7254867553711,68.58442687988281,46.8775749206543
2020-08-13,58.66504669189453,70.583740234375,45.18318176269531,82.31648254394531,97.02633666992188,27.922304153442383,15.102604866027832,22.639141082763672,70.77345275878906,54.48236083984375,55.16144561767578,25.533658981323242,97.59778594970703,68.55579376220703,47.03364562988281
2020-08-14,58.36509323120117,70.5923843383789,45.51606750488281,82.22976684570312,97.02633666992188,27.953542709350586,15.246323585510254,22.729406356811523,71.04838562011719,54.4441032409668,55.152854919433594,25.31148338317871,97.40626525878906,68.55101013183594,47.32741928100586
2020-08-17,59.070987701416016,71.14551544189453,45.473873138427734,83.42939758300781,97.04522705078125,28.07851791381836,15.158496856689453,22.35028648376465,70.7184829711914,54.807456970214844,55.46231460571289,25.277942657470703,97.98085021972656,69.43421936035156,48.39242172241211
2020-08-18,59.774879455566406,70.80844116210938,45.075340270996094,82.91389465332031,97.9048080444336,27.962474822998047,14.96687126159668,22.205862045288086,70.33360290527344,55.013023376464844,55.68581771850586,25.164756774902344,97.95347595214844,69.86387634277344,48.01600646972656
2020-08-19,59.72088623046875,69.53797149658203,45.201934814453125,82.40802001953125,97.52698516845703,27.88213348388672,14.795206069946289,22.196828842163086,70.15029907226562,54.946109771728516,55.24740982055664,25.08930206298828,97.63427734375,69.53446960449219,48.089454650878906
2020-08-20,60.902706146240234,70.16887664794922,45.22068405151367,81.74800109863281,98.5565414428711,27.7839412689209,14.475822448730469,21.989215850830078,69.77460479736328,55.67756652832031,55.135658264160156,24.867124557495117,97.32418823242188,69.42943572998047,47.5294189453125
2020-08-21,60.48876953125,70.27259063720703,45.45979690551758,82.34058380126953,98.0559310913086,27.623266220092773,14.384003639221191,21.944076538085938,70.05867004394531,56.385128021240234,55.27320861816406,24.909046173095703,97.42451477050781,69.78750610351562,47.703853607177734
2020-08-24,60.67873764038086,70.82572937011719,46.31075668334961,83.07286834716797,99.12329864501953,28.10976219177246,14.779236793518066,22.467634201049805,71.32331848144531,56.872772216796875,55.74598693847656,25.127031326293945,96.97760009765625,70.84735107421875,48.54849624633789
2020-08-25,61.34864044189453,70.99855041503906,46.22636795043945,84.0123519897461,99.97340393066406,27.99817657470703,14.571637153625488,22.53081703186035,71.2316665649414,57.15961456298828,55.62563705444336,24.888086318969727,97.63427734375,71.08126831054688,48.33733367919922
2020-08-26,64.67013549804688,70.33309936523438,46.19121170043945,84.47967529296875,103.04326629638672,28.292753219604492,14.264239311218262,22.422494888305664,71.26830291748047,58.32136154174805,55.69441223144531,24.611408233642578,97.51571655273438,71.78306579589844,48.54849624633789
2020-08-27,64.38018035888672,71.33561706542969,46.52409744262695,83.29448699951172,102.07980346679688,28.21687889099121,14.292181968688965,22.801626205444336,71.52491760253906,58.369163513183594,56.03826904296875,24.691059112548828,98.28182983398438,71.3963851928711,48.19963455200195
2020-08-28,64.98808288574219,71.77640533447266,47.07733154296875,84.619384765625,102.59931182861328,28.551624298095703,14.547687530517578,22.891891479492188,72.20305633544922,58.88072204589844,56.536834716796875,24.76232147216797,98.500732421875,71.86424255371094,48.25471496582031
2020-08-31,64.80411529541016,71.08499908447266,46.45142364501953,84.48930358886719,101.99479675292969,28.114227294921875,14.232300758361816,22.62108612060547,71.30497741699219,59.06717300415039,56.37350845336914,24.837783813476562,98.73785400390625,71.65416717529297,47.54777908325195
2020-09-01,66.54784393310547,71.16278076171875,47.0257682800293,86.14662170410156,103.00548553466797,28.90422821044922,14.13648509979248,22.684274673461914,72.02892303466797,60.19544219970703,56.43368911743164,24.552722930908203,97.85315704345703,72.40370178222656,48.631134033203125
2020-09-02,66.89379119873047,72.45915985107422,47.62354278564453,88.43024444580078,105.01741790771484,29.560333251953125,14.068618774414062,23.009233474731445,73.22024536132812,60.73090362548828,57.45661544799805,25.315675735473633,99.8140640258789,73.4062728881836,48.906551361083984
2020-09-03,63.252349853515625,71.56033325195312,46.425628662109375,83.73291015625,101.73975372314453,28.743545532226562,13.964821815490723,22.657194137573242,71.16752624511719,57.26958084106445,56.46805953979492,25.030611038208008,97.09617614746094,71.07650756835938,47.189727783203125
2020-09-04,61.39263153076172,71.23192596435547,46.634273529052734,82.58146667480469,99.83172607421875,28.761398315429688,13.920907974243164,22.828702926635742,71.33246612548828,56.47117233276367,56.3391227722168,24.888086318969727,96.40303039550781,70.25537109375,46.7490348815918
2020-09-08,59.25895690917969,70.34173583984375,46.064613342285156,78.91995239257812,97.53641510009766,28.221343994140625,13.413890838623047,22.241958618164062,69.9945068359375,53.91822814941406,55.152854919433594,24.749746322631836,94.81605529785156,69.33395385742188,46.06965637207031
2020-09-09,60.94670104980469,70.98128509521484,46.77961730957031,81.17949676513672,98.575439453125,28.94886016845703,13.505714416503906,22.467634201049805,71.07587432861328,55.67756652832031,55.95229721069336,25.076725006103516,96.49423217773438,70.64207458496094,46.86840057373047
2020-09-10,60.19081497192383,70.0306167602539,46.5100212097168,80.15812683105469,97.15859985351562,28.676593780517578,13.010675430297852,22.151695251464844,70.16864776611328,54.42020797729492,55.26460266113281,24.644947052001953,95.01671600341797,69.62995147705078,46.30836486816406
2020-09-11,59.344940185546875,69.64169311523438,46.9085578918457,80.00395965576172,96.7315902709961,29.04258918762207,13.02265453338623,22.305152893066406,71.12171173095703,54.004276275634766,55.574073791503906,24.703636169433594,95.39064025878906,69.73499298095703,45.6932373046875
2020-09-14,60.44077682495117,71.50848388671875,47.37038040161133,81.8058090209961,97.2522964477539,29.462127685546875,13.122458457946777,22.612056732177734,72.08393096923828,55.137325286865234,55.93510437011719,25.04318618774414,96.75870513916016,70.47499084472656,46.76740646362305
2020-09-15,61.52861022949219,72.33817291259766,47.70793914794922,83.52574157714844,98.89021301269531,29.604955673217773,13.02664566040039,22.305152893066406,72.1297378540039,55.682350158691406,55.85774230957031,25.21086883544922,96.88642120361328,71.0526351928711,46.648048400878906
2020-09-16,60.59075164794922,72.72709655761719,48.1158447265625,82.49956512451172,98.16120147705078,29.62727165222168,13.549626350402832,22.55790138244629,72.86284637451172,54.82179260253906,55.60845184326172,25.177337646484375,96.72222900390625,70.65638732910156,46.86840057373047
2020-09-17,59.834869384765625,71.36156463623047,48.092411041259766,82.3116683959961,96.45703125,29.84596824645996,13.56959056854248,22.323204040527344,73.00947570800781,54.36762237548828,55.256004333496094,24.971927642822266,96.40303039550781,69.66336822509766,46.41853332519531
2020-09-18,59.52091598510742,69.82318878173828,47.480552673339844,81.06867980957031,95.34929656982422,29.33270263671875,13.417885780334473,22.278066635131836,72.1938705444336,53.430580139160156,54.748836517333984,24.531755447387695,96.25707244873047,68.69424438476562,46.28081130981445
2020-09-21,60.57875442504883,67.87862396240234,46.29434585571289,81.10723114013672,94.22262573242188,28.345252990722656,12.973137855529785,21.719871520996094,69.79737091064453,53.874732971191406,54.331172943115234,24.37912940979004,94.47884368896484,67.70199584960938,45.36956787109375
2020-09-22,61.84256362915039,68.67372131347656,46.655372619628906,81.77207946777344,95.96471405029297,28.39906883239746,12.839225769042969,21.538341522216797,70.48737335205078,54.72760772705078,54.651119232177734,24.53133773803711,94.27740478515625,69.1324691772461,46.593772888183594
2020-09-23,60.1528205871582,66.6990966796875,46.152252197265625,79.90278625488281,93.46524047851562,27.56498908996582,12.25894546508789,21.057292938232422,69.22702026367188,53.0218620300293,53.82961654663086,24.15503692626953,93.30679321289062,67.99861145019531,45.360355377197266
2020-09-24,59.906856536865234,66.9947280883789,46.19688415527344,80.60136413574219,93.50311279296875,27.762298583984375,12.25488567352295,21.102670669555664,69.3282241821289,53.31892776489258,54.22739791870117,24.425636291503906,92.83981323242188,67.96990966796875,44.670005798339844
2020-09-25,61.598602294921875,68.35115814208984,46.86394500732422,81.5360107421875,94.89483642578125,28.008934020996094,12.246772766113281,21.320507049560547,70.36775207519531,54.59344482421875,54.51276779174805,24.827308654785156,94.33234405517578,68.85501098632812,44.9921760559082
2020-09-28,62.294490814208984,69.71625518798828,47.55451202392578,83.60763549804688,96.18245697021484,28.46184730529785,12.534883499145508,21.828786849975586,71.63731384277344,55.63798522949219,55.12673568725586,24.890722274780273,95.18391418457031,70.2950439453125,46.09672164916992
2020-09-29,62.100521087646484,69.19454193115234,46.986080169677734,84.0508804321289,96.36235046386719,28.251089096069336,12.189962387084961,21.556493759155273,71.00252532958984,55.45111846923828,54.7635383605957,24.882266998291016,95.06489562988281,69.7496337890625,45.38796615600586
2020-09-30,62.21450424194336,69.42062377929688,46.725372314453125,83.92562103271484,96.44758605957031,28.538082122802734,12.15343952178955,21.846939086914062,70.81855773925781,55.91587829589844,55.429378509521484,25.106361389160156,96.58491516113281,70.3189697265625,45.71012496948242
2020-10-01,63.41432189941406,70.75965118408203,46.640811920166016,85.99726867675781,98.047607421875,28.134496688842773,11.780112266540527,21.883249282836914,70.60694885253906,56.5052375793457,55.74068832397461,25.360042572021484,96.25525665283203,71.237548828125,46.9527587890625
2020-10-02,62.162513732910156,71.88999938964844,46.969635009765625,83.41975402832031,96.39075469970703,28.385618209838867,11.893732070922852,22.055696487426758,71.39813232421875,55.072593688964844,55.429378509521484,25.660240173339844,95.37620544433594,70.93614196777344,47.21048355102539
2020-10-05,63.12036895751953,72.28997039794922,47.76824951171875,86.26224517822266,97.90557861328125,28.9282169342041,12.250829696655273,22.418752670288086,72.54805755615234,56.280033111572266,55.80121612548828,25.981569290161133,97.33575439453125,71.87385559082031,48.57276916503906
2020-10-06,62.63444519042969,71.83783721923828,47.357200622558594,85.50585174560547,96.18245697021484,28.564987182617188,12.068222999572754,22.191844940185547,71.6648941040039,55.407989501953125,55.43803024291992,26.201433181762695,96.04463958740234,70.54383087158203,47.64310073852539
2020-10-07,64.05022430419922,71.91606140136719,48.620872497558594,87.33660888671875,96.97774505615234,29.300405502319336,12.238655090332031,22.563976287841797,73.24723815917969,56.42377471923828,56.034698486328125,26.362096786499023,97.85768127441406,72.1561279296875,48.95016098022461
2020-10-08,64.10221099853516,73.04642486572266,48.89569091796875,88.4061508178711,98.02865600585938,29.596370697021484,12.6972017288208,22.872577667236328,73.97400665283203,56.7160530090332,56.406532287597656,26.844099044799805,98.3338394165039,72.62977600097656,49.714134216308594
2020-10-09,65.29403686523438,72.7333984375,49.294986724853516,89.92374420166016,98.65352630615234,29.825077056884766,12.494303703308105,22.89980697631836,74.25,57.58329772949219,56.847537994384766,26.839872360229492,99.2220458984375,73.38568878173828,49.741756439208984
2020-10-12,66.27188110351562,73.16815185546875,49.38190460205078,91.50880432128906,100.68909454345703,29.77574920654297,12.52676773071289,23.153942108154297,74.67317962646484,59.15488052368164,57.50473403930664,27.00899887084961,99.89961242675781,74.36165618896484,49.75096130371094
2020-10-13,66.79780578613281,71.99433135986328,48.996700286865234,91.23418426513672,100.86897277832031,29.511178970336914,12.331988334655762,22.709199905395508,73.8451919555664,58.77637481689453,57.46149826049805,26.82295799255371,99.13963317871094,74.3473129272461,50.183570861816406
2020-10-14,66.32987976074219,71.15091705322266,49.442970275878906,90.75241088867188,99.66658782958984,29.596370697021484,12.384740829467773,22.491371154785156,74.25920104980469,58.46491622924805,57.16749572753906,26.789134979248047,98.562744140625,73.52442169189453,49.769371032714844
2020-10-15,66.0879135131836,71.44656372070312,49.86811065673828,90.40071105957031,99.2026596069336,29.511178970336914,12.534883499145508,22.663816452026367,74.52599334716797,58.201393127441406,57.20207595825195,26.7722225189209,97.8485336303711,73.797119140625,50.51493835449219
2020-10-16,66.33587646484375,71.00311279296875,49.215126037597656,89.8370361328125,99.05118560791016,29.71744728088379,12.250829696655273,22.68197250366211,75.06875610351562,58.033695220947266,57.2193717956543,27.059730529785156,98.81913757324219,73.12732696533203,49.96266555786133
2020-10-19,65.70997619628906,69.8553695678711,48.656105041503906,89.393798828125,97.47006225585938,29.372161865234375,11.991122245788574,22.33706283569336,74.13960266113281,56.96999740600586,56.47570037841797,26.831411361694336,97.25334930419922,72.22787475585938,49.410400390625
2020-10-20,65.3520278930664,70.37706756591797,49.31612777709961,89.46605682373047,98.03813171386719,29.439428329467773,12.133147239685059,22.518600463867188,74.52599334716797,57.166439056396484,56.41516876220703,26.992084503173828,97.38152313232422,72.80680084228516,49.51163864135742
2020-10-21,65.23204040527344,70.09882354736328,48.75476837158203,88.89274597167969,99.69498443603516,29.327322006225586,11.901847839355469,22.400604248046875,73.7716293334961,57.080196380615234,56.4670524597168,26.920204162597656,96.89623260498047,72.40968322753906,49.18947982788086
2020-10-22,64.9380874633789,70.01188659667969,48.818180084228516,88.85902404785156,100.40507507324219,29.488754272460938,12.39285659790039,22.84535026550293,74.37879943847656,56.811885833740234,56.44111633300781,27.300731658935547,98.36129760742188,72.5580062866211,49.65892028808594
2020-10-23,65.47400665283203,70.43793487548828,49.41008377075195,88.64704895019531,101.5317153930664,29.596370697021484,12.331988334655762,22.91795539855957,74.67317962646484,56.749595642089844,56.54488754272461,27.37683868408203,98.7275619506836,73.1943359375,50.10993576049805
2020-10-26,63.85425567626953,69.5423583984375,48.20513153076172,86.74884033203125,99.2026596069336,28.856468200683594,11.88967514038086,22.400604248046875,72.80567169189453,55.518184661865234,55.818519592285156,27.368385314941406,97.62874603271484,71.7877426147461,48.83049392700195
2020-10-27,64.43816375732422,68.516357421875,47.507530212402344,86.45014190673828,99.71391296386719,28.58292579650879,11.735474586486816,21.99216079711914,71.21412658691406,55.79609680175781,55.6715087890625,27.347246170043945,96.96031951904297,71.7542495727539,48.63719177246094
2020-10-28,62.188514709472656,66.83821105957031,45.48048400878906,83.66065216064453,96.03096771240234,27.77574920654297,11.244467735290527,21.429420471191406,68.87743377685547,53.42914581298828,54.045814514160156,26.552358627319336,93.88368225097656,69.48652648925781,47.45901107788086
2020-10-29,62.54045486450195,67.85552215576172,46.4904899597168,85.72747802734375,98.44525146484375,28.349740982055664,11.58938980102539,21.592803955078125,69.88018798828125,54.320335388183594,54.02852249145508,26.624242782592773,93.11451721191406,69.9266586303711,47.14605712890625
2020-10-30,60.918704986572266,67.39469146728516,46.18043899536133,84.28695678710938,97.17655944824219,28.33180046081543,11.654316902160645,21.656339645385742,69.79737091064453,53.11769485473633,53.83826446533203,26.374784469604492,93.08702850341797,68.40046691894531,45.87580871582031
2020-11-02,60.52476119995117,69.0902099609375,46.46934127807617,84.94216918945312,97.40380859375,29.27350616455078,12.05199146270752,22.064773559570312,71.68329620361328,53.25185012817383,54.6943473815918,26.954025268554688,94.76271057128906,68.88850402832031,46.63978958129883
2020-11-03,61.80057144165039,70.4205551147461,47.87630081176758,86.7103042602539,98.89969635009766,29.73090171813965,11.983007431030273,22.554899215698242,73.7992172241211,54.190975189208984,55.59367752075195,27.343015670776367,96.14537048339844,70.40509033203125,48.28742980957031
2020-11-04,64.78411102294922,70.56837463378906,47.15990447998047,89.89002990722656,102.92345428466797,29.22418212890625,11.999238967895508,22.29168128967285,73.03565979003906,56.299198150634766,55.61962890625,26.932886123657227,100.41239166259766,71.90255737304688,48.16776657104492
2020-11-05,66.27388000488281,70.79441833496094,48.37190628051758,93.46000671386719,105.01582336425781,30.417001724243164,11.999238967895508,22.836271286010742,74.7559814453125,58.048072814941406,56.02604675292969,27.173887252807617,100.61383819580078,73.30435943603516,49.67732620239258
2020-11-06,66.7738037109375,70.39443969726562,48.08534622192383,94.91014862060547,105.42293548583984,30.49323272705078,11.739532470703125,22.654741287231445,74.82957458496094,58.25409698486328,56.285465240478516,27.114694595336914,100.65047454833984,73.08428192138672,49.428802490234375
2020-11-09,64.3621826171875,72.42906951904297,49.25975799560547,93.87433624267578,104.81703186035156,31.179338455200195,13.415450096130371,24.515409469604492,77.37786865234375,57.83245086669922,56.15576171875,27.61783790588379,101.59361267089844,72.8450698852539,50.03630447387695
2020-11-10,62.28249740600586,73.23771667480469,50.1452751159668,90.9692153930664,104.55191802978516,31.54704475402832,13.849645614624023,24.642478942871094,78.73941040039062,56.75437927246094,57.26261901855469,28.015275955200195,101.88665008544922,72.58671569824219,50.321651458740234
2020-11-11,64.02622985839844,73.70726013183594,49.7271728515625,94.168212890625,105.36617279052734,31.076194763183594,13.707618713378906,24.542638778686523,78.07703399658203,58.100765228271484,57.755496978759766,28.12098503112793,101.7584457397461,73.22301483154297,50.34925842285156
2020-11-12,63.88425064086914,72.82035827636719,49.05306625366211,93.15167236328125,104.92115783691406,30.42148780822754,13.265308380126953,24.134201049804688,77.1846694946289,57.58329772949219,57.599857330322266,27.668577194213867,101.38299560546875,72.24224090576172,49.24471664428711
2020-11-13,64.12421417236328,74.72454833984375,50.131168365478516,94.52471923828125,106.54961395263672,30.94614601135254,13.748199462890625,24.5335636138916,78.89578247070312,58.072021484375,58.39541244506836,27.943397521972656,102.66495513916016,73.41436767578125,50.24800491333008
2020-11-16,64.07422637939453,75.33322143554688,51.39250183105469,97.18413543701172,107.34489440917969,31.556013107299805,14.653109550476074,25.07814598083496,80.81851196289062,58.63262176513672,58.931556701660156,28.22667694091797,102.490966796875,74.37602233886719,51.59188461303711
2020-11-17,64.7041244506836,75.39405059814453,51.56162643432617,96.06640625,107.202880859375,31.439416885375977,14.803255081176758,25.041837692260742,80.60692596435547,58.30680847167969,58.5164794921875,27.672800064086914,101.8225326538086,74.06024932861328,51.803585052490234
2020-11-18,64.24219512939453,74.03764343261719,51.218685150146484,95.5894546508789,106.25611114501953,31.179338455200195,14.373116493225098,24.805849075317383,80.24816131591797,57.68391036987305,57.712284088134766,27.13160514831543,99.92710876464844,73.55313110351562,51.858821868896484
2020-11-19,65.42201232910156,74.18546295166016,51.19755172729492,96.8372573852539,107.1176528930664,31.30938148498535,14.608476638793945,24.88753890991211,80.45052337646484,58.14868927001953,57.867923736572266,26.86100959777832,99.85383605957031,73.9167251586914,53.04621505737305
2020-11-20,65.3700180053711,73.8376693725586,50.716041564941406,96.3458480834961,106.985107421875,31.2824649810791,14.531373023986816,24.669710159301758,79.7237548828125,57.54976272583008,57.50473403930664,26.86524200439453,99.62492370605469,73.52922058105469,52.990989685058594
2020-11-23,65.28203582763672,73.77681732177734,51.491153717041016,97.82971954345703,107.41116333007812,31.542558670043945,15.558027267456055,25.132606506347656,81.05769348144531,57.53538513183594,57.52202224731445,26.869464874267578,99.3685302734375,74.33775329589844,54.96997833251953
2020-11-24,65.45401000976562,73.98546600341797,52.73838806152344,98.1380615234375,109.24790954589844,32.32730484008789,16.35743522644043,26.01301383972168,82.47444152832031,58.33555221557617,57.911155700683594,27.1569766998291,99.66155242919922,75.44290924072266,55.954872131347656
2020-11-25,66.17790222167969,74.04634094238281,52.37431335449219,98.13323974609375,109.19109344482422,31.990991592407227,15.97598934173584,25.922252655029297,81.84888458251953,58.460121154785156,57.8765754699707,27.228853225708008,99.29528045654297,75.53382110595703,55.86282730102539
2020-11-27,67.23174285888672,73.82028198242188,52.09245300292969,99.448486328125,109.91065216064453,32.15691375732422,15.78933048248291,25.84056282043457,81.71088409423828,58.77156448364258,57.867923736572266,26.958255767822266,100.21095275878906,75.69648742675781,56.341461181640625
2020-11-30,67.53169250488281,73.1768569946289,51.63208770751953,100.50359344482422,109.12482452392578,31.83403778076172,14.916874885559082,25.3050537109375,80.98410034179688,59.164466857910156,57.85929489135742,26.569278717041016,100.48564147949219,75.23719787597656,55.30134201049805
2020-12-01,67.01177978515625,74.01156616210938,51.87401580810547,102.32952117919922,111.00889587402344,32.18381881713867,14.985858917236328,25.695341110229492,80.78173065185547,59.92151641845703,58.369476318359375,26.75531005859375,101.32807159423828,75.79693603515625,55.97328567504883
2020-12-02,66.57383728027344,73.35074615478516,52.08071517944336,102.7390365600586,112.07875061035156,31.771257400512695,15.472810745239258,25.976709365844727,80.89208984375,59.83049011230469,57.88523483276367,26.932886123657227,102.08806610107422,75.32331848144531,56.01930618286133
2020-12-03,66.92578887939453,73.89852142333984,52.22869873046875,102.70048522949219,111.79473114013672,31.551532745361328,15.635126113891602,25.985790252685547,81.10369873046875,59.79214096069336,58.0322265625,26.65383529663086,101.95987701416016,75.53382110595703,56.58079147338867
2020-12-04,67.62968444824219,74.98539733886719,52.86287307739258,105.69715118408203,112.10717010498047,32.188297271728516,16.487287521362305,26.3034610748291,82.06964111328125,60.39107131958008,58.48188018798828,26.387462615966797,103.04953002929688,75.6055679321289,57.261924743652344
2020-12-07,68.00362396240234,74.40283203125,52.778316497802734,106.29936981201172,112.8266830444336,31.977535247802734,16.101791381835938,26.12193489074707,81.67407989501953,60.563568115234375,58.25704574584961,26.535451889038086,102.41771697998047,75.43333435058594,56.97658157348633
2020-12-08,68.445556640625,74.03764343261719,53.02494812011719,106.43907928466797,112.79830932617188,32.15691375732422,16.341201782226562,26.11285972595215,82.06964111328125,60.76001739501953,58.57699966430664,26.455116271972656,103.19602966308594,75.27545928955078,57.36317825317383
2020-12-09,66.8318099975586,73.47249603271484,53.20109939575195,103.14373016357422,111.66218566894531,32.17485809326172,16.377721786499023,26.049318313598633,82.2536392211914,59.595703125,58.343536376953125,26.408607482910156,102.83892822265625,75.20368957519531,57.068626403808594
2020-12-10,67.6636734008789,73.04642486572266,52.67496871948242,103.22080993652344,111.98407745361328,31.977535247802734,16.880905151367188,26.09470558166504,81.47169494628906,59.68194580078125,58.0841064453125,26.273305892944336,102.66495513916016,75.13672637939453,57.013404846191406
2020-12-11,67.95763397216797,73.08121490478516,52.630340576171875,102.38251495361328,112.99711608886719,31.793682098388672,16.686126708984375,25.831483840942383,81.66487121582031,59.557373046875,58.21381759643555,26.315589904785156,102.26204681396484,74.77790832519531,56.38748550415039
2020-12-14,68.38956451416016,72.74053192138672,51.4124870300293,103.42796325683594,112.3817138671875,31.39009666442871,16.101791381835938,25.53196907043457,80.60692596435547,59.77298355102539,57.98899459838867,26.180288314819336,101.49287414550781,74.88794708251953,55.798397064208984
2020-12-15,68.58953094482422,74.1417465209961,51.854827880859375,105.05157470703125,113.3852767944336,31.959598541259766,16.418302536010742,25.96763801574707,81.72925567626953,60.769588470458984,58.12734603881836,26.696115493774414,102.5916976928711,75.89740753173828,57.27113342285156
2020-12-16,69.64537048339844,74.25559997558594,51.85954666137695,105.00821685791016,113.20539855957031,31.869916915893555,16.337141036987305,26.01301383972168,81.2232894897461,61.1816520690918,58.2397575378418,26.387462615966797,102.28954315185547,76.39497375488281,57.43680953979492
2020-12-17,70.7632064819336,74.98249053955078,52.46422576904297,104.98412322998047,113.29265594482422,32.23762893676758,16.260042190551758,26.085628509521484,81.72008514404297,61.66559600830078,58.6115837097168,26.565046310424805,103.38832092285156,76.91647338867188,58.51375961303711
2020-12-18,71.76704406738281,73.63380432128906,52.108943939208984,104.62278747558594,112.97965240478516,32.381126403808594,15.98816204071045,25.85871696472168,81.72925567626953,61.449981689453125,58.74131393432617,26.33673095703125,103.47073364257812,76.54328918457031,58.311248779296875
2020-12-21,71.66106414794922,73.160888671875,51.850128173828125,104.09496307373047,112.34414672851562,32.20942306518555,15.679753303527832,26.207294464111328,81.23597717285156,61.511451721191406,58.10825729370117,26.017797470092773,102.43546295166016,75.67861938476562,58.5432014465332
2020-12-22,73.0048599243164,73.73889923095703,51.74189376831055,103.91060638427734,111.67068481445312,32.01112365722656,15.416572570800781,25.951791763305664,80.85723876953125,62.04453659057617,57.69841766357422,25.966629028320312,102.12284088134766,75.35269165039062,59.43037033081055
2020-12-23,72.02700805664062,73.23971557617188,51.93012619018555,103.1343994140625,112.42951202392578,32.05619812011719,15.757881164550781,26.380678176879883,81.28217315673828,61.57387924194336,57.89026641845703,25.915464401245117,102.19639587402344,75.5156478881836,59.85545349121094
2020-12-24,72.06499481201172,73.81771087646484,51.93953323364258,104.24048614501953,112.50538635253906,32.258995056152344,15.675641059875488,26.417173385620117,81.29138946533203,61.98209762573242,58.178016662597656,26.09881019592285,102.49060821533203,75.673828125,59.84621810913086
2020-12-28,71.03715515136719,74.49205017089844,52.012474060058594,104.03189849853516,113.90921783447266,32.13280487060547,15.576946258544922,26.544925689697266,81.39303588867188,62.683265686035156,58.64015579223633,26.21393394470215,102.7480697631836,76.53658294677734,60.151180267333984
2020-12-29,70.65921783447266,73.88778686523438,51.65483474731445,103.7699203491211,113.89973449707031,32.05619812011719,15.474140167236328,26.453676223754883,80.90343475341797,62.3855094909668,58.46575927734375,26.209667205810547,103.23535919189453,76.560546875,59.39340591430664
2020-12-30,70.6512222290039,74.2205581665039,51.78424072265625,105.68620300292969,113.22627258300781,32.49784469604492,15.716760635375977,26.572301864624023,81.42073059082031,62.351890563964844,58.404727935791016,26.34184455871582,103.21698760986328,77.02068328857422,59.98484802246094
2020-12-31,70.80918884277344,75.00875854492188,51.89012145996094,105.96272277832031,114.01355743408203,32.6240348815918,15.585173606872559,26.90080451965332,81.79948425292969,62.44314956665039,58.81455993652344,26.73411750793457,104.30191802978516,77.0638427734375,59.439613342285156
2021-01-04,69.42340087890625,72.46028900146484,50.83133316040039,106.17617797851562,112.26825714111328,32.313079833984375,15.609847068786621,26.535799026489258,79.82262420654297,61.42500305175781,58.178016662597656,26.060434341430664,103.85137939453125,76.41195678710938,58.71879196166992
2021-01-05,69.69336700439453,72.45153045654297,51.3348503112793,108.03424072265625,112.85636901855469,33.03865051269531,16.308914184570312,26.654422760009766,80.60782623291016,61.823604583740234,58.178016662597656,26.056171417236328,104.60535430908203,76.98234558105469,60.03105163574219
2021-01-06,68.02361297607422,72.41649627685547,52.70892333984375,107.704345703125,112.80892181396484,34.39066696166992,16.806489944458008,27.831565856933594,82.52925109863281,60.757442474365234,58.221614837646484,26.70427131652832,106.03968048095703,77.7684326171875,62.49846267700195
2021-01-07,69.89134216308594,72.40775299072266,53.186553955078125,112.1481704711914,114.51628112792969,34.647552490234375,17.053218841552734,28.233064651489258,82.98189544677734,62.395118713378906,58.047210693359375,26.354642868041992,107.41883087158203,79.26866912841797,62.94202423095703
2021-01-08,71.0151596069336,73.10836029052734,53.471256256103516,111.7455062866211,114.94313049316406,34.480804443359375,17.032657623291016,28.214818954467773,82.7786636352539,62.798526763916016,58.33497619628906,26.576358795166016,107.93372344970703,80.90311431884766,62.988250732421875
2021-01-11,70.38726043701172,72.07496643066406,53.45241928100586,113.4192123413086,113.44441986083984,34.480804443359375,17.299951553344727,28.30607032775879,82.75096130371094,62.27986526489258,57.83794021606445,26.32905387878418,108.4394302368164,79.39328002929688,64.3282241821289
2021-01-12,70.44525146484375,72.04867553710938,54.2029914855957,113.94801330566406,112.33464813232422,34.91794967651367,17.904443740844727,28.59807777404785,83.57308197021484,61.98209762573242,57.6461181640625,26.188343048095703,107.26254272460938,80.6059341430664,66.36127471923828
2021-01-13,70.28128051757812,72.93318939208984,53.86653518676758,113.33189392089844,112.19237518310547,34.561927795410156,17.76462745666504,28.57982063293457,82.85258483886719,62.375911712646484,57.73330307006836,26.70000648498535,107.55677795410156,80.60114288330078,66.08405303955078
2021-01-14,69.94932556152344,73.24847412109375,54.45945739746094,116.1505126953125,111.66121673583984,34.444740295410156,18.290987014770508,28.70757484436035,83.13895416259766,61.82841873168945,57.42811965942383,26.597681045532227,107.216552734375,80.0882797241211,68.12638092041016
2021-01-15,69.56739044189453,74.08045196533203,53.75830841064453,113.88978576660156,111.66121673583984,33.95351791381836,17.57958221435547,28.233064651489258,82.05813598632812,61.194480895996094,57.22756576538086,26.85776710510254,107.54756164550781,79.46995544433594,66.5184097290039
2021-01-19,70.563232421875,73.87902069091797,53.565364837646484,117.79996490478516,113.52029418945312,34.0706901550293,17.9332275390625,28.30607032775879,82.32603454589844,61.99170684814453,56.97468566894531,26.755435943603516,108.356689453125,79.92051696777344,66.84185791015625
2021-01-20,71.93302154541016,75.36781311035156,54.45240020751953,117.30998229980469,116.84016418457031,34.18335723876953,17.9990234375,28.187448501586914,82.8340835571289,63.22117233276367,57.07932662963867,26.91319465637207,108.9543228149414,81.43035888671875,67.08210754394531
2021-01-21,71.67305755615234,75.14012145996094,53.55125045776367,119.12437438964844,117.06780242919922,33.68312072753906,17.390417098999023,27.886314392089844,82.18746185302734,64.03759002685547,56.88749313354492,26.755435943603516,108.4394302368164,81.80902099609375,67.61809539794922
2021-01-22,71.75505065917969,75.28900146484375,53.39360046386719,116.88306427001953,117.18164825439453,33.520870208740234,17.299951553344727,27.685565948486328,81.7625503540039,63.79267120361328,56.739261627197266,26.793811798095703,108.11760711669922,81.531005859375,69.1891098022461
2021-01-25,71.53108215332031,75.84947204589844,53.34419250488281,117.34394073486328,117.9215087890625,33.34511184692383,17.123126983642578,27.484811782836914,81.2082748413086,64.32576751708984,57.3060417175293,27.3310489654541,108.82559204101562,81.83297729492188,70.39971923828125
2021-01-26,71.13314056396484,76.4012222290039,52.497169494628906,115.31608581542969,118.8226089477539,32.88542938232422,16.757143020629883,27.26580810546875,80.46000671386719,64.36898040771484,57.82050323486328,27.058164596557617,108.4210433959961,81.78026580810547,75.2513656616211
2021-01-27,69.47940063476562,75.13135528564453,50.92308807373047,109.68370056152344,114.8482666015625,31.916484832763672,16.530969619750977,26.462800979614258,78.86190032958984,63.15392303466797,56.843910217285156,26.32905387878418,105.12943267822266,79.25909423828125,84.3077621459961
2021-01-28,70.78319549560547,75.45541381835938,51.53484344482422,111.9783706665039,115.8347396850586,32.466304779052734,16.724246978759766,26.95555305480957,80.03510284423828,63.41326141357422,57.06188201904297,26.644577026367188,106.6648941040039,79.50830841064453,76.67450714111328
2021-01-29,69.76136016845703,74.6847152709961,50.1442985534668,109.93595886230469,113.79539489746094,31.83536720275879,16.169099807739258,26.417173385620117,78.30764770507812,61.91967010498047,55.88471603393555,26.49960708618164,105.76383209228516,77.65338897705078,81.33206176757812
2021-02-01,71.4970932006836,76.48878479003906,50.84781265258789,114.24394226074219,116.09086608886719,32.20942306518555,16.284244537353516,26.76392936706543,79.12055969238281,63.47090148925781,55.93704605102539,26.627521514892578,106.16839599609375,79.6712875366211,76.656005859375
2021-02-02,73.3667984008789,76.90039825439453,51.89482498168945,115.80607604980469,118.05430603027344,32.633052825927734,16.461063385009766,27.41181182861328,80.80181884765625,64.33057403564453,56.31199645996094,26.8449764251709,106.47183227539062,81.36326599121094,70.36273956298828
2021-02-03,72.99085998535156,76.69022369384766,51.89012145996094,113.6278305053711,119.80907440185547,32.69615173339844,17.164247512817383,27.566938400268555,80.85723876953125,64.1096420288086,56.39918518066406,26.75969886779785,105.71785736083984,80.90790557861328,71.54562377929688
2021-02-04,74.18467712402344,77.12810516357422,52.661865234375,114.9425277709961,120.76712036132812,32.5789680480957,17.353410720825195,28.17831802368164,81.72557830810547,65.13259887695312,56.80901336669922,26.968631744384766,106.15921020507812,81.77067565917969,71.30535888671875
2021-02-05,75.42048645019531,77.27696228027344,53.01950454711914,114.10809326171875,122.37963104248047,33.13779830932617,17.501445770263672,28.187448501586914,82.20594024658203,64.98854064941406,57.340919494628906,27.113597869873047,106.35228729248047,82.55194854736328,72.87635040283203
2021-02-08,75.5784683227539,77.48715209960938,53.29714584350586,117.92124938964844,123.11946105957031,33.41271209716797,18.233415603637695,28.552446365356445,82.90799713134766,65.67047882080078,57.55891418457031,26.9046688079834,106.48100280761719,83.02168273925781,73.99455261230469
2021-02-09,76.22036743164062,77.82868957519531,53.725364685058594,117.57195281982422,123.4229736328125,33.16484451293945,18.040143966674805,28.561567306518555,83.12045288085938,65.59363555908203,57.5065803527832,26.943044662475586,106.6373291015625,82.56153869628906,73.59716796875
2021-02-10,76.06639862060547,78.32786560058594,53.704185485839844,117.87274169921875,124.22923278808594,33.12879180908203,18.38556671142578,28.561567306518555,82.99114227294922,65.4975814819336,57.44554901123047,27.049636840820312,106.83040618896484,81.7467041015625,73.54171752929688
2021-02-11,76.580322265625,78.31035614013672,53.6806640625,122.23892974853516,124.81731414794922,33.16033172607422,18.10182762145996,28.470321655273438,82.81563568115234,66.21797943115234,57.19267272949219,26.896142959594727,107.03267669677734,81.52143859863281,73.93911743164062
2021-02-12,77.16423034667969,78.41546630859375,54.591217041015625,123.49542236328125,124.98808288574219,33.502838134765625,18.36911392211914,28.7623233795166,83.41606903076172,66.5589599609375,57.27988052368164,26.70000648498535,107.83261108398438,81.6364517211914,73.93911743164062
2021-02-16,76.94625854492188,77.6447982788086,54.657100677490234,124.2522201538086,125.49081420898438,33.43975067138672,18.829683303833008,29.25507926940918,83.33292388916016,66.34284973144531,57.17524337768555,26.40153694152832,106.76604461669922,81.28177642822266,73.62488555908203
2021-02-17,76.20236206054688,77.53968811035156,54.23591995239258,121.8459701538086,125.70894622802734,33.42171859741211,19.109310150146484,29.401084899902344,83.10200500488281,65.75692749023438,57.384521484375,26.422861099243164,107.1521987915039,81.75149536132812,73.05194854736328
2021-02-18,75.98441314697266,77.32950592041016,54.08299255371094,120.55067443847656,124.7130126953125,33.21441650390625,18.677528381347656,29.227703094482422,82.68628692626953,65.43516540527344,57.34963607788086,26.58061981201172,106.48100280761719,81.77545928955078,72.07238006591797
2021-02-19,76.0943832397461,77.68859100341797,55.07826614379883,123.15583038330078,124.02054595947266,33.82283401489258,18.99005126953125,29.5744571685791,84.04422760009766,65.33909606933594,56.625911712646484,26.1840877532959,105.19378662109375,81.30094909667969,73.14435577392578
2021-02-22,73.79074096679688,78.15272521972656,55.46177673339844,118.65380096435547,123.46094512939453,33.95351791381836,19.64800453186035,29.848207473754883,84.31211853027344,63.89832305908203,56.678226470947266,25.672428131103516,104.94554138183594,79.58499145507812,73.20904541015625
2021-02-23,73.0108642578125,78.59059143066406,55.53706741333008,117.51373291015625,124.54225158691406,34.0706901550293,19.972864151000977,30.030719757080078,84.57078552246094,63.720638275146484,56.75669860839844,25.8856201171875,104.77083587646484,79.06257629394531,72.08162689208984
2021-02-24,73.71475219726562,79.01097106933594,56.45468521118164,121.29291534423828,124.92166900634766,34.368133544921875,20.68016242980957,30.614723205566406,86.16887664794922,64.69557189941406,56.72182083129883,25.5828857421875,105.4972152709961,79.89175415039062,75.89824676513672
2021-02-25,70.83918762207031,77.67981719970703,55.44059753417969,114.53016662597656,121.20341491699219,33.574947357177734,20.281278610229492,30.05809211730957,84.58000183105469,62.433536529541016,56.10271453857422,25.35264015197754,104.4398193359375,76.9200439453125,73.5694580078125
2021-02-26,70.90917205810547,76.49754333496094,55.2994270324707,116.89276123046875,121.84843444824219,33.14681625366211,19.800159454345703,29.483203887939453,83.70243072509766,62.76491928100586,55.19587326049805,24.883623123168945,103.53878021240234,77.2411880493164,73.24600219726562
2021-03-01,73.07084655761719,76.69022369384766,56.48762893676758,120.40998077392578,125.06395721435547,33.98506546020508,20.314180374145508,30.40484046936035,85.8455810546875,64.78678894042969,55.75394058227539,25.433658599853516,104.890380859375,79.05297088623047,76.98869323730469
2021-03-02,71.64506530761719,76.06842041015625,56.29939270019531,116.70841217041016,124.0110855102539,34.17434310913086,20.20315170288086,30.295339584350586,85.59614562988281,63.759056091308594,55.65800857543945,25.35690689086914,104.5869369506836,78.14227294921875,75.6672134399414
2021-03-03,68.68351745605469,75.40283966064453,56.20998764038086,113.0311050415039,121.90534210205078,33.836334228515625,20.499225616455078,30.532602310180664,85.68852233886719,62.15500259399414,55.396427154541016,25.058439254760742,103.26295471191406,76.30652618408203,75.38997650146484
2021-03-04,66.78780364990234,74.65843963623047,54.77238464355469,107.54424285888672,121.37418365478516,33.1783561706543,20.988574981689453,30.185840606689453,84.32135772705078,60.78145217895508,55.19587326049805,25.037120819091797,101.87460327148438,74.69123077392578,73.93911743164062
2021-03-05,67.29173278808594,75.6042709350586,56.57468032836914,110.99354553222656,123.8023910522461,33.93999099731445,21.774003982543945,30.760717391967773,86.31670379638672,61.92927551269531,56.416622161865234,25.446447372436523,103.9157485961914,75.16576385498047,75.48239135742188
2021-03-08,65.3540267944336,76.22605895996094,56.99113464355469,104.89542388916016,122.31320190429688,34.395172119140625,21.815126419067383,31.153108596801758,87.22200012207031,60.43087387084961,56.6607780456543,25.804609298706055,103.65830993652344,75.25682830810547,80.08451843261719
2021-03-09,68.22758483886719,76.70771789550781,57.2523078918457,111.10997009277344,123.8308334350586,34.60699462890625,21.43269157409668,30.870223999023438,86.8617172241211,62.48637771606445,56.608463287353516,26.145708084106445,104.2651596069336,78.09915161132812,83.30045318603516
2021-03-10,67.76565551757812,77.44337463378906,57.60523223876953,108.85411071777344,124.608642578125,35.1793327331543,21.975502014160156,31.49985694885254,88.145751953125,62.236637115478516,57.34963607788086,26.324790954589844,104.50420379638672,78.49695587158203,84.92692565917969
2021-03-11,69.8773422241211,78.27532958984375,58.14404296875,113.42890930175781,126.75232696533203,35.368629455566406,21.98372459411621,31.408605575561523,88.21041870117188,63.566951751708984,57.210121154785156,26.25657081604004,105.13862609863281,79.70004272460938,85.76787567138672
2021-03-12,69.12145233154297,79.58021545410156,58.776973724365234,112.01232147216797,126.3729248046875,35.46327209472656,22.02895736694336,31.727981567382812,89.3928451538086,63.11071014404297,57.68099594116211,26.61046600341797,105.36846923828125,79.93489837646484,87.22799682617188
2021-03-15,69.7193603515625,80.6749038696289,59.10166931152344,114.42828369140625,127.02738952636719,35.50382614135742,21.77811622619629,31.545475006103516,90.14109802246094,63.78304672241211,57.93386459350586,26.951570510864258,106.09483337402344,81.00858306884766,86.34085083007812
2021-03-16,69.3534164428711,80.499755859375,58.20286560058594,115.679931640625,127.80519104003906,35.21088409423828,21.15717887878418,31.216976165771484,88.85704803466797,64.26332092285156,58.00362014770508,26.985685348510742,106.03047180175781,80.16976928710938,84.60347747802734
2021-03-17,69.2434310913086,80.5347900390625,58.753440856933594,116.7666244506836,128.260498046875,35.5263557434082,21.321666717529297,31.42685317993164,89.88241577148438,64.21048736572266,57.91642379760742,26.546504974365234,105.6443099975586,81.29615783691406,85.31507110595703
2021-03-18,66.73982238769531,79.8254165649414,58.72051239013672,112.08995056152344,125.56669616699219,35.32805633544922,20.363525390625,31.59111785888672,89.79930114746094,62.428741455078125,57.68099594116211,26.448444366455078,105.42366027832031,79.3070068359375,83.05095672607422
2021-03-19,67.3877182006836,78.85334777832031,58.84049606323242,113.36585235595703,126.53417205810547,35.15230178833008,20.367639541625977,31.226106643676758,89.11570739746094,62.2414436340332,57.881534576416016,26.520925521850586,105.80061340332031,79.78153228759766,84.05825805664062
2021-03-22,68.38956451416016,79.55393981933594,58.81227111816406,116.06803894042969,127.40681457519531,35.17401885986328,20.17231559753418,30.8237361907959,89.065673828125,63.4653205871582,58.49258804321289,26.48269271850586,106.7214126586914,80.30673217773438,83.3519287109375
2021-03-23,68.41156005859375,79.56268310546875,57.7252311706543,113.1620864868164,126.05989074707031,34.44084930419922,19.87725257873535,30.39295196533203,87.50896453857422,63.070682525634766,58.738059997558594,26.877899169921875,105.64192199707031,79.55301666259766,80.73212432861328
2021-03-24,66.5598373413086,79.19486999511719,58.2734489440918,111.22156524658203,123.03410339355469,34.68977355957031,20.375953674316406,30.502946853637695,88.14834594726562,62.305450439453125,58.510135650634766,26.886486053466797,105.52198028564453,78.37682342529297,77.93646240234375
2021-03-25,66.3018798828125,79.84965515136719,59.29264831542969,111.62906646728516,122.74005126953125,35.19212341308594,20.450754165649414,31.016210556030273,89.5567855834961,62.26694869995117,59.0799674987793,27.174291610717773,105.96484375,79.0633544921875,80.32482147216797
2021-03-26,67.67767333984375,81.61862182617188,60.63270950317383,117.22750854492188,121.98003387451172,36.065589904785156,20.957761764526367,31.501977920532227,91.1042251586914,63.85032272338867,60.12322998046875,27.264503479003906,107.96696472167969,79.72103118896484,82.15774536132812
2021-03-29,67.103759765625,81.31060028076172,60.25758361816406,115.35005187988281,122.51205444335938,35.943397521972656,20.708412170410156,31.22702407836914,91.12272644042969,63.51824951171875,60.7281494140625,27.556608200073242,108.47441864013672,79.2841567993164,80.57476043701172
2021-03-30,66.75580596923828,81.24897003173828,61.083316802978516,114.85520935058594,122.66403198242188,35.839298248291016,20.529714584350586,31.446996688842773,91.52118682861328,62.91666030883789,60.07939910888672,27.307458877563477,107.49642181396484,80.0618896484375,82.19477844238281
2021-03-31,68.27357482910156,80.91454315185547,60.781333923339844,118.15410614013672,123.509521484375,35.662811279296875,20.388418197631836,31.20869255065918,91.22467803955078,63.91769790649414,59.88652801513672,27.509355545043945,107.7086181640625,80.68598175048828,82.58358001708984
2021-04-01,69.90132904052734,82.35787963867188,61.20600891113281,122.70951080322266,125.82755279541016,35.9750862121582,20.90789222717285,31.59365463256836,91.53044128417969,65.20270538330078,59.597225189208984,27.48358726501465,107.38570404052734,81.33409881591797,82.86131286621094
2021-04-05,70.69121551513672,82.68351745605469,61.79344940185547,124.75191497802734,128.07904052734375,36.41859817504883,20.40920066833496,31.84111213684082,92.6609115600586,66.55025482177734,60.35993576049805,27.784284591674805,108.13304901123047,83.1823501586914,83.7499771118164
2021-04-06,71.09114837646484,82.90351867675781,61.618858337402344,123.04425048828125,128.7630615234375,36.50006866455078,20.35517120361328,31.776948928833008,92.43852233886719,66.26631927490234,60.61418533325195,27.930326461791992,107.71786499023438,83.54243469238281,84.05547332763672
2021-04-07,70.96717071533203,82.90351867675781,61.40654373168945,122.76287078857422,129.42807006835938,35.87098693847656,20.425819396972656,31.93276596069336,92.01228332519531,66.61763000488281,60.46513748168945,27.89596939086914,107.47795867919922,83.29278564453125,83.37041473388672
2021-04-08,72.28096771240234,82.70111083984375,61.3970947265625,124.52389526367188,129.89356994628906,35.91623306274414,20.159849166870117,31.941926956176758,92.23466491699219,67.58018493652344,60.5265007019043,27.87448501586914,107.64404296875,83.68644714355469,84.04621887207031
2021-04-09,72.74089813232422,82.69232177734375,61.890174865722656,124.23281860351562,129.9695587158203,36.22852325439453,20.02686309814453,32.21690368652344,93.13348388671875,68.22991180419922,60.421295166015625,27.844417572021484,108.82501983642578,84.4833755493164,85.36072540283203
2021-04-12,72.91487884521484,83.14115142822266,62.12846755981445,122.79198455810547,129.2855682373047,36.35524368286133,19.868940353393555,32.3543815612793,93.47633361816406,67.90264129638672,60.74568176269531,27.87019157409668,108.93572998046875,85.02584075927734,85.78657531738281
2021-04-13,74.0866928100586,83.64280700683594,61.68257522583008,122.5494155883789,129.37106323242188,36.26926040649414,19.88972282409668,32.05192565917969,93.02230072021484,68.542724609375,60.421295166015625,28.200960159301758,109.38783264160156,85.92359161376953,85.1385726928711
2021-04-14,73.33680725097656,83.13235473632812,61.68257522583008,121.3753890991211,128.4685516357422,36.531742095947266,20.442445755004883,32.244388580322266,93.14275360107422,67.81600189208984,60.36871337890625,28.325529098510742,109.37860870361328,85.07865905761719,85.35148620605469
2021-04-15,74.69060516357422,84.60210418701172,61.906700134277344,122.93267059326172,129.98854064941406,36.961692810058594,20.276212692260742,32.21690368652344,93.51338195800781,68.98066711425781,60.85090255737305,28.639114379882812,111.2515640258789,85.68834686279297,85.62921142578125
2021-04-16,74.17267608642578,84.76930236816406,61.94208908081055,122.45238494873047,129.7890625,37.409732818603516,20.114133834838867,32.44603729248047,93.71722412109375,68.96625518798828,61.20156478881836,28.871082305908203,112.0819320678711,86.35084533691406,85.85138702392578
2021-04-19,73.19483184814453,84.97174072265625,61.3617057800293,119.42031860351562,129.15255737304688,37.23775863647461,20.093355178833008,32.3543815612793,93.32807159423828,68.39352416992188,60.964847564697266,28.72502326965332,112.10961151123047,85.38111877441406,84.80531311035156
2021-04-20,72.43095397949219,85.86058807373047,61.845359802246094,117.74659729003906,128.0410614013672,36.88022232055664,19.561412811279297,31.749454498291016,92.29954528808594,67.7871322631836,61.2979850769043,29.090160369873047,112.54325103759766,84.30574798583984,82.8983383178711
2021-04-21,72.7269058227539,86.25664520263672,62.39506530761719,120.85144805908203,128.34506225585938,37.5500373840332,19.810754776000977,32.18940353393555,93.5597152709961,68.47053527832031,61.60483169555664,28.84530258178711,113.8718490600586,85.42913055419922,84.34243774414062
2021-04-22,72.6189193725586,85.90460968017578,61.9161262512207,118.1783676147461,127.76554107666016,36.91643142700195,19.578035354614258,31.831951141357422,93.087158203125,67.66683197021484,61.14896011352539,28.639114379882812,113.3644027709961,84.4833755493164,84.3146743774414
2021-04-23,73.68075561523438,86.42386627197266,62.81264877319336,120.89511108398438,129.13352966308594,37.52287673950195,19.756736755371094,32.42771530151367,94.10643005371094,68.67748260498047,60.99116897583008,28.600454330444336,114.11174011230469,85.36671447753906,86.35127258300781
2021-04-26,74.51063537597656,86.5646743774414,62.593238830566406,122.9617919921875,129.6275634765625,37.7446403503418,19.88972282409668,32.556034088134766,93.82843780517578,69.02880096435547,60.307334899902344,28.437213897705078,113.72422790527344,85.7411880493164,85.72177124023438
2021-04-27,74.20267486572266,86.591064453125,63.546382904052734,122.24378204345703,129.25701904296875,37.64507293701172,20.130752563476562,32.812660217285156,94.60678100585938,68.86036682128906,60.26350021362305,28.218135833740234,113.06916046142578,85.64034271240234,86.8326416015625
2021-04-28,73.9767074584961,86.23023223876953,63.4449348449707,120.28868865966797,130.12155151367188,37.74916458129883,20.82478141784668,32.94097137451172,94.41220092773438,68.22027587890625,60.307334899902344,28.179475784301758,112.72779083251953,85.53951263427734,87.19366455078125
2021-04-29,72.93487548828125,86.93431091308594,63.99225997924805,121.399658203125,133.0950469970703,37.9845085144043,21.057504653930664,33.5275764465332,95.07937622070312,68.16251373291016,60.94733428955078,28.437213897705078,112.27568817138672,85.56352996826172,87.07331085205078
2021-04-30,72.30696868896484,87.29515075683594,63.71624755859375,117.88729095458984,131.76499938964844,37.58171081542969,20.52556037902832,33.23427200317383,94.44926452636719,67.23367309570312,60.999916076660156,28.66059112548828,111.94353485107422,85.89479064941406,85.9254379272461
2021-05-03,71.19713592529297,87.15431213378906,64.6221923828125,116.51921081542969,130.9955596923828,38.14291000366211,21.090749740600586,33.399253845214844,95.42221069335938,67.04597473144531,61.499629974365234,28.65629768371582,113.21678924560547,85.4867172241211,87.73985290527344
2021-05-04,69.50538635253906,86.36223602294922,64.3626708984375,115.07351684570312,129.37106323242188,38.55928039550781,21.10321617126465,33.66505813598633,95.83919525146484,65.8427963256836,61.184024810791016,28.54890251159668,113.33670806884766,84.59379577636719,86.92522430419922
2021-05-05,68.9654769897461,85.11253356933594,64.49009704589844,115.5829086303711,128.69656372070312,39.04804611206055,21.784767150878906,33.94001007080078,95.93183898925781,65.68395233154297,61.140174865722656,28.067785263061523,113.53970336914062,84.32975006103516,86.9437255859375
2021-05-06,68.62752532958984,85.57019805908203,64.73072814941406,116.53376770019531,129.58956909179688,39.3784294128418,21.89698028564453,34.444129943847656,96.59900665283203,66.34332275390625,61.9292106628418,28.28257179260254,113.68732452392578,84.51216888427734,87.16588592529297
2021-05-07,69.2894287109375,86.76707458496094,65.74993896484375,118.1783676147461,131.0145263671875,39.767642974853516,22.287622451782227,34.627437591552734,97.61827087402344,66.9112319946289,61.9292106628418,28.36849021911621,114.4715347290039,85.27069091796875,88.1194076538086
2021-05-10,67.71366882324219,86.80229187011719,65.6531982421875,112.93893432617188,128.56356811523438,39.59113311767578,22.29593276977539,34.599937438964844,97.71092987060547,65.22196197509766,62.402626037597656,28.65629768371582,114.61917877197266,83.75365447998047,86.6474838256836
2021-05-11,68.44955444335938,85.81659698486328,64.71421813964844,113.15724182128906,128.17408752441406,39.722389221191406,21.72243309020996,33.98584747314453,96.26544189453125,65.02464294433594,61.85906982421875,28.304052352905273,113.38285064697266,82.80791473388672,85.85138702392578
2021-05-12,66.72382354736328,83.69561767578125,63.27035140991211,108.49026489257812,125.25757598876953,38.72220230102539,21.826330184936523,33.63756561279297,93.95816802978516,63.195804595947266,61.034976959228516,27.642520904541016,112.3125991821289,80.00428771972656,81.6023178100586
2021-05-13,66.70782470703125,84.71650695800781,64.66938018798828,109.72249603271484,126.1315689086914,39.315067291259766,21.56035614013672,34.17832946777344,95.71873474121094,64.03321838378906,61.8941535949707,28.175180435180664,113.32749938964844,80.5707778930664,82.90760040283203
2021-05-14,68.5075454711914,85.6581802368164,65.60365295410156,113.20089721679688,128.48753356933594,39.785743713378906,22.229440689086914,34.71910095214844,97.04377746582031,65.4433364868164,62.165916442871094,28.312646865844727,113.8995132446289,81.9677963256836,86.4808578491211
2021-05-17,68.0316162109375,85.73738861083984,65.28750610351562,111.93956756591797,127.44253540039062,40.13422393798828,22.744762420654297,34.78325271606445,96.74727630615234,64.96205139160156,62.07823944091797,28.080678939819336,113.68732452392578,81.81897735595703,87.47138977050781
2021-05-18,68.06360626220703,85.85181427001953,64.4853515625,111.32344055175781,126.21707153320312,39.69070053100586,22.21697425842285,34.29747772216797,95.33881378173828,64.44229125976562,61.8853759765625,28.076383590698242,113.72422790527344,81.18047332763672,86.57344055175781
2021-05-19,68.38956451416016,85.61417388916016,64.10081481933594,113.31734466552734,126.29304504394531,39.08425521850586,21.66425323486328,34.086666107177734,94.80138397216797,64.66850280761719,61.68374252319336,28.029132843017578,113.53045654296875,80.49874877929688,84.54609680175781
2021-05-20,70.00331115722656,86.6702880859375,63.76814651489258,116.131103515625,128.6015167236328,39.10688781738281,21.63100242614746,34.105010986328125,95.01451110839844,65.9053726196289,62.25358581542969,28.273984909057617,114.72065734863281,81.32447052001953,84.18505859375
2021-05-21,69.76136016845703,86.52066040039062,63.79883575439453,115.5440902709961,128.25006103515625,39.192874908447266,21.676721572875977,34.444129943847656,95.4778060913086,65.54440307617188,62.262351989746094,28.42003631591797,114.73912048339844,80.91643524169922,84.26839447021484
2021-05-24,70.90917205810547,87.49755096435547,64.38862609863281,118.08133697509766,130.5870819091797,39.541358947753906,21.892822265625,34.60911560058594,96.07083129882812,66.70907592773438,62.44645690917969,28.36849021911621,114.84983825683594,81.7181625366211,84.61090850830078
2021-05-25,71.05516052246094,87.57676696777344,63.73984909057617,118.85755920410156,130.321044921875,39.20645523071289,21.448152542114258,34.26081848144531,95.78358459472656,66.72835540771484,62.4640007019043,28.02483367919922,114.50845336914062,81.97736358642578,84.26839447021484
2021-05-26,71.65506744384766,87.86717987060547,64.2989730834961,118.97883605957031,131.26158142089844,39.22003173828125,21.63931655883789,34.36164474487305,96.08936309814453,66.7235107421875,62.33247756958008,28.029132843017578,113.84415435791016,82.75990295410156,86.70303344726562
2021-05-27,71.15514373779297,87.56794738769531,64.83452606201172,119.5512924194336,131.80303955078125,39.53230667114258,21.65593910217285,34.75575637817383,97.40514373779297,66.3721923828125,61.946746826171875,27.840124130249023,113.59506225585938,83.09115600585938,87.52693176269531
2021-05-28,71.76904296875,88.17522430419922,64.95486450195312,120.8902587890625,131.65101623535156,39.49156951904297,21.697500228881836,34.819908142089844,97.40514373779297,66.6080322265625,62.07823944091797,27.990467071533203,114.03791809082031,82.97593688964844,86.4253158569336
2021-06-01,71.34310913085938,89.56573486328125,65.01616668701172,120.71076202392578,131.93609619140625,40.04372024536133,22.532817840576172,35.03072738647461,97.78504180908203,66.28075408935547,61.86783981323242,27.818645477294922,112.16496276855469,82.81749725341797,87.83241271972656
2021-06-02,71.46109771728516,90.63943481445312,64.48297882080078,121.41905212402344,132.3635711669922,39.70880889892578,22.95255470275879,35.08572006225586,97.507080078125,66.73796844482422,62.09579086303711,27.964691162109375,111.94353485107422,82.43345642089844,88.71184539794922
2021-06-03,70.5832290649414,90.46342468261719,64.10315704345703,119.34268951416016,130.8530731201172,39.699764251708984,23.014888763427734,35.16820526123047,97.2939453125,66.11712646484375,62.48151779174805,28.13222885131836,112.284912109375,81.4541244506836,87.21218872070312
2021-06-04,72.10900115966797,90.47222900390625,63.815330505371094,122.00121307373047,132.2020721435547,39.785743713378906,23.168657302856445,35.259857177734375,97.6090087890625,67.38768005371094,62.70069122314453,28.089271545410156,112.64473724365234,82.10700988769531,86.9437255859375
2021-06-07,72.680908203125,91.36111450195312,63.65491485595703,121.38023376464844,133.37054443359375,39.30149841308594,23.068918228149414,35.03072738647461,96.9325942993164,67.37324523925781,62.59549331665039,28.140823364257812,113.0506820678711,82.10700988769531,87.91574096679688
2021-06-08,72.84687805175781,91.95076751708984,63.85544204711914,120.38087463378906,133.22804260253906,39.373905181884766,23.26839828491211,34.93906784057617,97.1827621459961,67.37803649902344,62.06948471069336,27.900259017944336,112.70008850097656,82.7695083618164,89.45243835449219
2021-06-09,72.85487365722656,92.15319061279297,63.06980895996094,120.00731658935547,132.84805297851562,39.066158294677734,23.122941970825195,34.60911560058594,96.1912841796875,67.42619323730469,61.771400451660156,28.149412155151367,113.78880310058594,82.31344604492188,88.76738739013672
2021-06-10,74.13468933105469,92.84662628173828,62.58852005004883,121.57430267333984,133.3800506591797,38.830814361572266,23.09385108947754,34.205814361572266,95.71873474121094,67.92191314697266,62.15715026855469,28.33411979675293,115.73558044433594,82.70231628417969,87.81389617919922
2021-06-11,74.8865737915039,92.38668060302734,63.24535369873047,122.00121307373047,133.82656860351562,38.975643157958984,23.014888763427734,34.42580032348633,95.91332244873047,68.3261489868164,62.19221115112305,28.398557662963867,114.91442108154297,83.15357208251953,89.33208465576172
2021-06-14,75.81242370605469,92.79356384277344,62.67829895019531,123.65067291259766,134.72906494140625,38.49591064453125,22.915151596069336,34.068336486816406,95.4778060913086,69.01920318603516,62.15715026855469,28.458698272705078,115.01591491699219,83.17756652832031,88.71184539794922
2021-06-15,74.75059509277344,91.82061004638672,63.15321731567383,122.5833740234375,133.8645477294922,38.41444778442383,23.351512908935547,34.132503509521484,95.88552856445312,68.59566497802734,62.00811004638672,28.54461097717285,115.05280303955078,82.73590087890625,87.36030578613281
2021-06-16,74.33065795898438,90.99800872802734,62.501094818115234,121.550048828125,132.8575897216797,37.98902893066406,23.226839065551758,34.095829010009766,94.97744750976562,68.22509765625,61.184024810791016,28.115041732788086,114.60995483398438,82.77429962158203,87.5546875
2021-06-17,75.616455078125,91.13953399658203,61.151973724365234,122.9229736328125,133.75054931640625,37.1427116394043,22.43723487854004,33.08761978149414,93.51338195800781,69.0143814086914,61.40320587158203,28.269685745239258,115.48645782470703,83.08636474609375,86.554931640625
2021-06-18,75.8624267578125,89.69778442382812,60.358116149902344,119.79385375976562,132.3635711669922,36.540794372558594,21.772306442260742,32.29021453857422,92.29954528808594,68.3839111328125,60.31610107421875,27.535127639770508,114.16710662841797,82.64948272705078,84.98120880126953
2021-06-21,76.15438079833984,91.51985168457031,61.496944427490234,120.10919189453125,133.71009826660156,37.29941177368164,22.700122833251953,33.043853759765625,94.32964324951172,69.11679077148438,61.007904052734375,27.891843795776367,115.53884887695312,83.28653717041016,86.7618637084961
2021-06-22,76.98825073242188,91.07762908935547,61.60564041137695,120.89511108398438,134.93765258789062,37.44941329956055,22.85126495361328,33.09907150268555,94.43189239501953,69.74356842041016,61.096126556396484,27.723011016845703,115.7889404296875,84.07020568847656,88.41180419921875
2021-06-23,76.98825073242188,90.83879852294922,61.51820373535156,121.50638580322266,135.2041473388672,37.20851135253906,22.914234161376953,33.163482666015625,94.21810913085938,69.66645050048828,60.71670150756836,27.42863655090332,115.30728149414062,84.71927642822266,89.26459503173828
2021-06-24,77.67414093017578,90.53809356689453,61.84190368652344,123.4905776977539,136.51730346679688,37.32669448852539,23.111555099487305,33.57756423950195,94.95245361328125,70.10519409179688,61.016727447509766,27.402660369873047,115.90007019042969,85.00775146484375,89.97835540771484
2021-06-25,77.71014404296875,91.3075942993164,61.766292572021484,123.00544738769531,136.88844299316406,37.331241607666016,23.233306884765625,33.982444763183594,95.13835144042969,70.02323913574219,61.484371185302734,27.697040557861328,116.42802429199219,85.54620361328125,90.41400146484375
2021-06-28,78.65399169921875,90.94495391845703,61.23941421508789,125.989013671875,137.87811279296875,37.331241607666016,22.448225021362305,33.73400115966797,94.63639068603516,70.75609588623047,61.53730392456055,27.874526977539062,116.6040267944336,85.56546783447266,89.82076263427734
2021-06-29,79.01394653320312,90.67958068847656,61.23231506347656,127.08539581298828,137.16439819335938,37.31305694580078,22.339069366455078,33.61436462402344,94.45047760009766,71.27201843261719,61.2637825012207,27.42430877685547,116.73368835449219,85.7770004272461,89.46851348876953
2021-06-30,77.99610137939453,90.16658020019531,61.42133712768555,127.22124481201172,136.85986328125,37.41305160522461,22.616161346435547,33.761600494384766,95.18482208251953,71.19487762451172,61.740272521972656,27.372360229492188,116.65957641601562,85.84430694580078,90.12664794921875
2021-07-01,78.0420913696289,90.52037811279297,62.24357604980469,125.3437728881836,137.6497039794922,37.61759948730469,23.010799407958984,34.0284538269043,95.8633804321289,71.31541442871094,61.55497741699219,27.671064376831055,117.69697570800781,86.32989501953125,91.00725555419922
2021-07-02,79.06392669677734,90.82111358642578,62.07107925415039,126.03752899169922,138.3919677734375,37.672142028808594,22.960411071777344,33.99164962768555,96.01211547851562,72.255615234375,61.704978942871094,27.7143497467041,118.82698822021484,87.08954620361328,90.5252456665039
2021-07-06,79.90780639648438,91.51103210449219,61.40007019042969,125.99871063232422,138.03988647460938,37.11306381225586,22.213125228881836,33.457942962646484,95.0918960571289,72.5304183959961,61.44908905029297,27.83123207092285,118.71585083007812,87.1905288696289,88.97724914550781
2021-07-07,79.92581176757812,91.84712219238281,61.72848892211914,124.2522201538086,137.0311737060547,37.499420166015625,21.852067947387695,33.50394821166992,96.03999328613281,72.9258041381836,61.77557373046875,28.013051986694336,119.4660873413086,87.1424331665039,87.81857299804688
2021-07-08,79.19791412353516,91.88251495361328,59.7225341796875,122.58822631835938,135.76553344726562,36.99032974243164,21.72612190246582,32.832218170166016,94.70146179199219,72.23633575439453,61.546146392822266,27.930797576904297,118.80846405029297,86.92609405517578,87.40145111083984
2021-07-09,79.69983673095703,93.22698211669922,61.229957580566406,124.67915344238281,137.14537048339844,37.71759033203125,22.187931060791016,33.780006408691406,96.1980209350586,72.90169525146484,61.89909744262695,27.96543312072754,119.21601104736328,87.7386245727539,90.71062469482422
2021-07-12,79.1279296875,93.90803527832031,61.104732513427734,126.31403350830078,137.8400421142578,37.84031677246094,22.154346466064453,34.11127853393555,96.32815551757812,72.95956420898438,61.80204391479492,28.05634307861328,119.44756317138672,88.33959197998047,90.9052963256836
2021-07-13,79.08592987060547,92.55473327636719,60.52585983276367,126.04237365722656,137.05970764160156,37.49486541748047,21.98641586303711,33.74319076538086,95.39863586425781,73.25849151611328,61.784385681152344,27.844226837158203,119.3364028930664,87.28187561035156,89.42218780517578
2021-07-14,78.52001953125,93.30655670166016,60.59203338623047,125.7658462524414,136.4316864013672,37.417598724365234,21.33148765563965,33.58676528930664,95.38934326171875,73.79850006103516,62.33146667480469,28.086645126342773,119.22527313232422,87.12319946289062,88.29131317138672
2021-07-15,77.56416320800781,93.54541015625,60.61328125,122.3165512084961,135.6322784423828,37.42213439941406,21.033403396606445,33.69718551635742,95.57522583007812,73.19100189208984,62.587364196777344,28.402666091918945,118.80846405029297,86.65203857421875,86.90089416503906
2021-07-16,77.72813415527344,93.56307220458984,59.7627067565918,119.75505065917969,134.55702209472656,36.858516693115234,20.437246322631836,33.237091064453125,94.72935485839844,72.4677505493164,62.6844367980957,28.68837547302246,119.13262176513672,85.58467102050781,85.60316467285156
2021-07-19,77.36219787597656,91.92672729492188,58.76564407348633,119.73078918457031,132.6537628173828,36.06761932373047,19.71514320373535,32.30771255493164,92.74942016601562,71.4697036743164,62.49913024902344,28.233837127685547,117.8822250366211,84.6038818359375,84.77820587158203
2021-07-20,78.8399658203125,93.99647521972656,59.98243713378906,121.19589233398438,134.69021606445312,36.476707458496094,19.97964096069336,33.108272552490234,95.34284210205078,72.5304183959961,62.51677322387695,28.355051040649414,119.31790161132812,86.16643524169922,87.67952728271484
2021-07-21,79.44187927246094,93.84612274169922,60.70779800415039,124.67915344238281,135.8987274169922,36.8766975402832,20.676549911499023,33.67878341674805,96.25379943847656,73.22954559326172,62.35795211791992,28.043357849121094,119.51239013671875,86.95972442626953,89.29242706298828
2021-07-22,80.45372772216797,93.1473617553711,60.75741195678711,123.92719268798828,135.99391174316406,36.89033508300781,20.445646286010742,33.31071472167969,95.90058135986328,73.76958465576172,62.252044677734375,28.086645126342773,120.39232635498047,87.33474731445312,88.3098373413086
2021-07-23,81.5175552368164,93.97879791259766,60.90389633178711,124.82953643798828,139.71469116210938,37.1494255065918,20.370075225830078,33.36592102050781,96.3095703125,74.50243377685547,63.0020751953125,28.445953369140625,121.78166961669922,88.11361694335938,89.08847045898438
2021-07-26,81.3035888671875,93.91690063476562,61.00076675415039,124.6888427734375,140.65675354003906,37.463050842285156,20.873872756958008,33.55915832519531,96.2630844116211,74.46387481689453,63.10795974731445,28.45461654663086,120.99440002441406,88.76749420166016,89.44071960449219
2021-07-27,80.21976470947266,94.6067886352539,59.46263122558594,122.48634338378906,138.93438720703125,37.5130500793457,20.680749893188477,33.549957275390625,95.7332534790039,73.75994873046875,63.24032211303711,28.943796157836914,121.55938720703125,87.86842346191406,88.25423431396484
2021-07-28,80.84766387939453,94.15570068359375,59.188560485839844,124.6742935180664,140.08584594726562,37.622135162353516,20.869672775268555,33.50394821166992,95.51016235351562,73.66832733154297,62.6844367980957,28.7230167388916,121.99472045898438,87.58476257324219,88.3098373413086
2021-07-29,80.93965148925781,94.15570068359375,59.47917175292969,127.01263427734375,138.55377197265625,38.0357666015625,21.07118797302246,33.87202072143555,96.2630844116211,74.01062774658203,62.99325180053711,28.800935745239258,122.29113006591797,88.57037353515625,89.06068420410156
2021-07-30,80.62369537353516,94.39453125,59.20983123779297,127.65787506103516,137.67828369140625,38.1903076171875,20.73532485961914,33.60517120361328,96.07717895507812,73.9624252319336,63.09914779663086,28.55850601196289,122.40227508544922,86.7481689453125,88.3098373413086
2021-08-02,80.64569091796875,94.18223571777344,58.9712028503418,128.56021118164062,137.26905822753906,37.726688385009766,20.579986572265625,33.61436462402344,95.41722106933594,73.69725036621094,62.83442687988281,28.77928924560547,122.56897735595703,86.99817657470703,88.29131317138672
2021-08-03,80.69368743896484,94.36798858642578,59.644569396972656,129.72451782226562,136.68858337402344,38.11758041381836,20.932645797729492,33.99164962768555,96.66279602050781,74.16976165771484,63.11680221557617,28.943796157836914,124.27328491210938,87.64244842529297,89.14409637451172
2021-08-04,81.5435562133789,93.99647521972656,58.4797477722168,131.14111328125,136.77423095703125,37.75395965576172,20.365877151489258,33.70639419555664,95.35213470458984,74.3192367553711,62.29618453979492,28.900495529174805,123.74529266357422,86.79146575927734,86.68769073486328
2021-08-05,82.28144836425781,94.94290924072266,59.19328689575195,130.9955596923828,138.3634033203125,37.69941329956055,20.596782684326172,34.14807891845703,95.7983169555664,74.72906494140625,62.5961799621582,29.216520309448242,123.23590087890625,87.62321472167969,87.73514556884766
2021-08-06,81.89949798583984,94.71292877197266,59.62330627441406,130.2921142578125,137.95425415039062,38.244850158691406,20.785707473754883,34.838218688964844,96.2444839477539,74.66637420654297,62.5961799621582,29.199201583862305,123.13399505615234,87.02702331542969,88.05030059814453
2021-08-09,81.94149780273438,94.1999282836914,59.1247673034668,129.89918518066406,137.71633911132812,38.199405670166016,20.4918270111084,34.930240631103516,95.8633804321289,74.42530822753906,62.82559585571289,29.190540313720703,123.60636138916016,86.90684509277344,87.97614288330078
2021-08-10,80.94964599609375,93.25350189208984,59.8879280090332,128.23516845703125,137.5736083984375,38.776668548583984,20.852876663208008,35.298309326171875,96.83940124511719,73.8901138305664,63.27560806274414,29.220849990844727,123.31924438476562,87.24818420410156,90.04324340820312
2021-08-11,80.7436752319336,93.78421020507812,60.86374282836914,127.89558410644531,137.70680236816406,39.32211685180664,21.016616821289062,35.70319747924805,98.09426879882812,73.89974975585938,63.48740005493164,29.493579864501953,122.09659576416016,87.50301361083984,90.39546966552734
2021-08-12,81.54155731201172,94.14685821533203,60.90389633178711,126.4983901977539,138.05889892578125,39.258480072021484,20.995620727539062,35.76760482788086,97.90839385986328,74.32405090332031,63.45209503173828,29.52387809753418,123.05989074707031,87.54147338867188,89.68173217773438
2021-08-13,81.75952911376953,94.68639373779297,60.82592010498047,127.32313537597656,137.8304901123047,39.29483413696289,20.7479190826416,35.50074768066406,97.60161590576172,74.72906494140625,63.98152160644531,29.731672286987305,123.82868957519531,87.29147338867188,88.6713638305664
2021-08-16,81.16961669921875,94.56256103515625,60.95351028442383,126.7749252319336,137.87811279296875,39.09938049316406,20.365877151489258,35.40872573852539,97.93626403808594,75.06656646728516,64.35211181640625,29.913488388061523,125.2365493774414,86.88760375976562,88.71770477294922
2021-08-17,80.60569763183594,94.57141876220703,60.317955017089844,124.37350463867188,136.66954040527344,38.64939880371094,20.155961990356445,35.1602783203125,96.8765869140625,74.44457244873047,64.38742065429688,29.930809020996094,126.71849060058594,84.82502746582031,86.17789459228516
2021-08-18,80.24175262451172,93.65152740478516,59.85249710083008,122.7677230834961,135.76553344726562,38.199405670166016,19.736135482788086,34.72780227661133,95.8169174194336,73.41759490966797,63.58445358276367,29.7792911529541,124.79193115234375,85.12793731689453,85.7978286743164
2021-08-19,80.80367279052734,94.16454315185547,59.2169189453125,123.84471130371094,135.3944091796875,37.85850143432617,19.223941802978516,34.47013854980469,95.14764404296875,74.13599395751953,64.09623718261719,29.900501251220703,125.35696411132812,84.58465576171875,85.99249267578125
2021-08-20,81.78152465820312,94.64215850830078,59.4295654296875,124.37836456298828,136.85986328125,38.08121871948242,19.265928268432617,34.68177795410156,95.39863586425781,75.09068298339844,64.20211791992188,30.272802352905273,126.07020568847656,85.39717864990234,87.40145111083984
2021-08-23,83.10931396484375,94.42990112304688,59.97063446044922,127.95379638671875,138.84873962402344,38.40849685668945,19.988033294677734,34.967044830322266,96.179443359375,76.059814453125,63.999168395996094,29.88319206237793,126.11648559570312,86.49817657470703,88.29131317138672
2021-08-24,83.65723419189453,94.0053482055664,60.10530090332031,128.04110717773438,139.6575927734375,38.64939880371094,20.319698333740234,35.178680419921875,96.66279602050781,75.9729995727539,63.51386260986328,29.688379287719727,125.671875,87.1087875366211,90.16372680664062
2021-08-25,83.84520721435547,93.99647521972656,60.492774963378906,129.43344116210938,140.0287322998047,38.826656341552734,20.475034713745117,35.5927734375,97.28560638427734,75.92961120605469,63.40798568725586,29.744665145874023,125.32913970947266,87.44532012939453,90.061767578125
2021-08-26,83.47325897216797,93.88150787353516,60.069862365722656,129.63235473632812,138.82968139648438,38.55849075317383,20.16436004638672,35.417945861816406,96.85800170898438,75.45228576660156,63.11680221557617,29.671066284179688,124.83824920654297,86.63760375976562,88.44888305664062
2021-08-27,84.75305938720703,94.79252624511719,60.625099182128906,131.97555541992188,141.0945281982422,39.06756591796875,20.70174217224121,35.88722610473633,97.52728271484375,76.18036651611328,63.33739471435547,29.662410736083984,124.69934844970703,87.42610168457031,89.16262817382812
2021-08-30,85.14299774169922,95.77434539794922,60.13838195800781,132.3927459716797,142.12228393554688,39.02666091918945,20.45823860168457,35.381134033203125,97.41572570800781,77.00000762939453,63.61973571777344,29.705703735351562,125.40327453613281,88.08478546142578,89.3202133178711
2021-08-31,84.62109375,96.2254638671875,59.7886962890625,131.38853454589844,142.6361541748047,38.91304016113281,20.319698333740234,35.33511734008789,97.14616394042969,76.5949935913086,63.760929107666016,29.671066284179688,125.2365493774414,88.29630279541016,88.95870208740234
2021-09-01,84.91104888916016,97.95905303955078,60.01787567138672,131.18475341796875,143.36888122558594,38.813026428222656,20.021617889404297,35.13268280029297,96.77434539794922,76.6142807006836,64.09623718261719,30.060680389404297,125.27360534667969,88.29150390625,89.61685180664062
2021-09-02,84.82705688476562,98.39249420166016,60.6203727722168,131.50497436523438,142.89308166503906,39.06303405761719,20.529611587524414,35.25230407714844,97.81542205810547,76.5323257446289,64.34329223632812,30.33340835571289,126.61666107177734,88.28669738769531,88.95870208740234
2021-09-03,85.62094116210938,98.41901397705078,60.00133514404297,132.58197021484375,142.73130798339844,38.80393600463867,20.412057876586914,35.031463623046875,97.22051239013672,76.8360595703125,64.26390075683594,30.08232879638672,126.75555419921875,88.23382568359375,88.65283966064453
2021-09-07,84.705078125,97.32222747802734,59.698917388916016,132.310302734375,143.22613525390625,38.549400329589844,20.290311813354492,34.81981658935547,95.53805541992188,76.85536193847656,63.52267074584961,29.684057235717773,126.01457214355469,88.49343872070312,87.50341796875
2021-09-08,84.16715240478516,97.86177825927734,59.469730377197266,130.56381225585938,142.3696746826172,38.18122100830078,20.030012130737305,34.73699188232422,95.66819763183594,76.56122589111328,64.06977844238281,30.216524124145508,125.95903778076172,88.59439086914062,86.5208511352539
2021-09-09,84.02517700195312,95.96009063720703,58.869590759277344,131.102294921875,141.90338134765625,38.19486618041992,20.072002410888672,34.838218688964844,95.20342254638672,76.27194213867188,63.69917297363281,30.052017211914062,124.50480651855469,88.4790267944336,87.36436462402344
2021-09-10,83.50926208496094,94.68639373779297,58.590797424316406,132.09197998046875,140.91371154785156,38.185768127441406,20.06360626220703,34.580570220947266,94.77583312988281,75.51978302001953,63.42561721801758,29.632110595703125,123.36555480957031,87.93570709228516,86.06664276123047
2021-09-13,82.4554214477539,95.06673431396484,58.864871978759766,133.08163452148438,141.36099243164062,38.176673889160156,20.638765335083008,34.97624588012695,95.02680969238281,75.54390716552734,63.58445358276367,29.580162048339844,122.60599517822266,88.15208435058594,85.74222564697266
2021-09-14,82.63938903808594,94.82793426513672,58.06626510620117,133.16896057128906,139.8098907470703,37.758506774902344,20.34068489074707,34.506954193115234,93.88346862792969,75.44746398925781,63.29325866699219,29.4805908203125,122.58749389648438,87.85882568359375,84.95430755615234
2021-09-15,83.44926452636719,95.18173217773438,58.51991271972656,133.6346893310547,140.68531799316406,38.15849685668945,21.10057830810547,34.838218688964844,94.91524505615234,76.10801696777344,63.52267074584961,29.441627502441406,123.38409423828125,88.42611694335938,86.15008544921875
2021-09-16,83.961181640625,95.35861206054688,58.751461029052734,133.82875061035156,140.62828063964844,37.744873046875,20.861282348632812,34.73699188232422,94.26459503173828,76.15140533447266,63.3109130859375,29.194875717163086,123.06917572021484,88.82998657226562,87.36436462402344
2021-09-17,83.40127563476562,94.4564208984375,58.10171127319336,131.47100830078125,139.49583435058594,36.96761703491211,20.70594024658203,34.580570220947266,93.26067352294922,74.96531677246094,62.96678161621094,28.744657516479492,123.18958282470703,88.5174789428711,87.48487854003906
2021-09-20,81.9314956665039,93.96111297607422,57.65516662597656,128.26910400390625,136.49827575683594,36.25724792480469,20.07364845275879,33.778385162353516,92.19104766845703,73.59986114501953,62.33815002441406,28.691879272460938,121.90404510498047,86.49756622314453,85.95979309082031
2021-09-21,82.09146118164062,93.96111297607422,58.002479553222656,128.54080200195312,136.29843139648438,36.17051315307617,20.120389938354492,33.732173919677734,91.70613098144531,73.62883758544922,62.26712417602539,28.613367080688477,122.08995819091797,86.6275634765625,85.7740249633789
2021-09-22,82.85135650634766,94.88099670410156,57.96939468383789,130.85972595214844,136.77423095703125,36.544864654541016,20.74078369140625,34.29591751098633,92.43350219726562,74.63832092285156,62.44471740722656,28.595916748046875,122.29444885253906,87.80726623535156,87.5015640258789
2021-09-23,84.19315338134766,94.55372619628906,58.83651351928711,132.5043487548828,137.98280334472656,37.06529998779297,21.4674129486084,35.13691329956055,93.85098266601562,75.63813018798828,62.67555236816406,28.443256378173828,123.17745971679688,88.69803619384766,88.51396179199219
2021-09-24,84.46310424804688,93.47169494628906,59.36790466308594,132.1453399658203,138.9534149169922,37.01052474975586,21.62888526916504,35.321754455566406,94.04681396484375,75.69126892089844,62.70219421386719,28.4127254486084,122.67554473876953,89.03028106689453,88.19818115234375
2021-09-27,83.04332733154297,92.20339965820312,59.57630920410156,131.67477416992188,138.7726287841797,37.29813003540039,22.39800262451172,35.80232238769531,94.14006042480469,74.95709991455078,62.418060302734375,28.07686424255371,120.92808532714844,89.5069808959961,89.73997497558594
2021-09-28,80.03178405761719,91.5470962524414,58.934547424316406,126.37225341796875,134.9852294921875,36.8370475769043,22.474496841430664,35.21084976196289,93.04898071289062,72.73528289794922,61.681121826171875,27.723562240600586,118.85530090332031,87.78317260742188,88.01241302490234
2021-09-29,79.84781646728516,92.24776458740234,58.55091857910156,124.46568298339844,134.65133666992188,36.68638610839844,22.474496841430664,35.23857116699219,93.1515884399414,72.64352416992188,62.24050521850586,28.085590362548828,119.79409790039062,87.869873046875,88.06814575195312
2021-09-30,79.81582641601562,90.81095886230469,57.58711242675781,124.32499694824219,134.29830932617188,36.1157341003418,22.134550094604492,34.68406677246094,91.2398681640625,72.12189483642578,61.12176513671875,27.863140106201172,118.32547760009766,86.40608978271484,83.8885726928711
2021-10-01,80.99163818359375,92.0881118774414,58.837467193603516,124.43171691894531,136.64524841308594,36.690948486328125,22.878173828125,35.257057189941406,92.48946380615234,73.2086410522461,61.28157424926758,27.863140106201172,118.35337829589844,87.0561294555664,84.68734741210938
2021-10-04,78.56000518798828,91.90185546875,58.60301971435547,121.19104766845703,133.88812255859375,36.53116989135742,23.252113342285156,34.952083587646484,91.98590087890625,71.51329803466797,61.086246490478516,28.24697494506836,116.55013275146484,86.36753845214844,83.93502807617188
2021-10-05,79.89781188964844,91.37858581542969,59.34660720825195,122.89385986328125,135.63397216796875,36.85530471801758,23.388092041015625,35.63596725463867,93.0116958618164,72.53241729736328,61.39701843261719,28.17718505859375,117.24726867675781,86.71424102783203,83.83284759521484
2021-10-06,80.38973236083984,92.28323364257812,59.8486328125,123.26740264892578,136.06329345703125,36.78681182861328,23.141632080078125,35.67293167114258,93.42203521728516,73.0057601928711,61.99189376831055,28.613367080688477,117.03348541259766,86.98872375488281,83.24769592285156
2021-10-07,81.40158081054688,92.45172119140625,59.76338195800781,124.80042266845703,137.10316467285156,37.266170501708984,23.320106506347656,35.885494232177734,94.14939880371094,73.67230224609375,62.26712417602539,28.460702896118164,118.58574676513672,88.34174346923828,85.06814575195312
2021-10-08,80.81166076660156,91.64464569091797,60.08070755004883,123.58759307861328,136.044189453125,37.06073760986328,24.038230895996094,36.06108856201172,94.14006042480469,73.39700317382812,62.196102142333984,28.2513370513916,117.99085235595703,87.9372787475586,84.3715591430664
2021-10-11,80.61569213867188,91.89298248291016,59.49341583251953,122.8501968383789,134.1934051513672,37.06529998779297,23.948997497558594,35.70065689086914,93.38469696044922,72.99126434326172,62.1783332824707,27.867494583129883,117.07064056396484,87.58094787597656,82.69043731689453
2021-10-12,81.53555297851562,93.14352416992188,59.57867431640625,121.6082534790039,133.29660034179688,37.11552047729492,23.97024154663086,35.58975601196289,93.07698059082031,72.61454772949219,62.2049674987793,28.055057525634766,116.503662109375,88.2743148803711,83.40563201904297
2021-10-13,83.20330810546875,93.79985809326172,59.540775299072266,122.64644622802734,134.08847045898438,37.39400100708008,23.948997497558594,35.38644027709961,93.27279663085938,73.05889129638672,62.32040786743164,28.38219451904297,116.68954467773438,88.7076644897461,83.92573547363281
2021-10-14,84.51510620117188,95.0681381225586,60.79349899291992,126.32859802246094,136.16824340820312,38.30248260498047,24.24219512939453,35.97791290283203,95.0353012084961,74.70594024658203,63.0218391418457,28.73113250732422,118.36266326904297,89.63697052001953,85.21675109863281
2021-10-15,84.7310791015625,95.0503921508789,61.61996841430664,127.38619995117188,135.94879150390625,38.4166259765625,24.361183166503906,36.5139274597168,95.9491958618164,75.30485534667969,62.87089538574219,28.648258209228516,118.94824981689453,91.00926208496094,85.14244842529297
2021-10-18,85.6749267578125,95.2721176147461,61.672061920166016,128.39041137695312,136.66432189941406,38.389225006103516,24.378175735473633,36.52316665649414,96.01447296142578,75.94241333007812,62.49797439575195,28.373472213745117,118.13957214355469,92.1215591430664,86.77711486816406
2021-10-19,86.43680572509766,95.48497009277344,61.54418182373047,129.86036682128906,137.75189208984375,38.59010314941406,24.65437889099121,36.88359451293945,96.5833511352539,76.6958999633789,62.52461624145508,28.73113250732422,119.69186401367188,91.86153411865234,86.35919189453125
2021-10-20,86.2788314819336,96.90404510498047,61.972808837890625,129.28790283203125,138.14305114746094,38.90053176879883,24.854095458984375,37.1793212890625,97.1894760131836,76.48338317871094,62.88864517211914,29.184768676757812,121.40213775634766,91.79413604736328,86.70281982421875
2021-10-21,87.16670227050781,97.05481719970703,62.728240966796875,130.76271057128906,138.39109802246094,38.80010223388672,24.395174026489258,37.022220611572266,97.38530731201172,76.77802276611328,62.80875778198242,29.184768676757812,121.894775390625,93.14234161376953,88.2167739868164
2021-10-22,86.62677764892578,97.57809448242188,63.20659255981445,129.60809326171875,135.0138397216797,38.727054595947266,24.6246337890625,37.539756774902344,97.73036193847656,76.51237487792969,63.297080993652344,29.333065032958984,122.38739776611328,92.81010437011719,87.75237274169922
2021-10-25,87.06071472167969,97.8885269165039,63.50022506713867,130.26303100585938,135.42410278320312,39.1151008605957,24.985824584960938,37.49353790283203,97.95417022705078,76.76351928710938,63.25265884399414,29.20656967163086,122.53611755371094,95.11168670654297,89.14556884765625
2021-10-26,86.84074401855469,98.18118286132812,64.29353332519531,131.00527954101562,134.42233276367188,39.224674224853516,25.130298614501953,37.52126693725586,97.34800720214844,76.98088836669922,63.474647521972656,29.363595962524414,123.14031219482422,95.12612915039062,87.37154388427734
2021-10-27,86.0828628540039,97.28540802001953,63.417327880859375,129.89918518066406,133.97393798828125,38.66314697265625,24.407920837402344,36.9020881652832,96.2103042602539,76.91327667236328,63.10173416137695,29.167308807373047,122.16429901123047,95.3379898071289,85.36534881591797
2021-10-28,87.11470031738281,98.41181182861328,64.28642272949219,132.37335205078125,134.8707733154297,39.0466194152832,24.582141876220703,37.354915618896484,97.41329193115234,77.6860580444336,63.32369613647461,29.359233856201172,123.18675231933594,96.60436248779297,86.87931060791016
2021-10-29,87.79859161376953,97.41844940185547,64.11829376220703,132.7517547607422,135.26190185546875,38.85944747924805,24.42066764831543,37.20705032348633,97.44125366210938,78.01931762695312,63.261558532714844,29.184768676757812,124.38584899902344,96.85472869873047,87.57588195800781
2021-11-01,87.60462188720703,97.59584045410156,64.37166595458984,134.2750701904297,135.63397216796875,38.95075607299805,24.841346740722656,37.22554016113281,97.7116928100586,77.90341186523438,63.359230041503906,29.289443969726562,124.23712921142578,98.63150024414062,89.5263442993164
2021-11-02,87.7926025390625,97.9771957397461,64.87845611572266,135.75473022460938,135.74844360351562,39.393577575683594,24.60763931274414,37.31795120239258,98.0380859375,78.58927917480469,63.785396575927734,29.315622329711914,125.01789093017578,97.96702575683594,90.12078094482422
2021-11-03,87.5766372680664,98.17232513427734,65.57466125488281,137.0985565185547,136.60708618164062,39.80445861816406,24.403671264648438,37.456581115722656,97.8236083984375,79.04812622070312,64.38028717041016,29.20656967163086,125.75221252441406,99.72932434082031,93.57588195800781
2021-11-04,88.468505859375,97.31201934814453,65.30235290527344,142.77459716796875,136.521240234375,39.78163528442383,24.437665939331055,36.96677017211914,98.21526336669922,80.28462219238281,64.44244384765625,29.04517936706543,124.88776397705078,101.07270812988281,93.4830322265625
2021-11-05,87.78860473632812,97.77322387695312,65.88960266113281,143.89039611816406,137.9236297607422,40.09206008911133,24.756362915039062,36.98524856567383,99.21309661865234,80.70000457763672,64.81534576416016,29.319978713989258,123.49349975585938,101.72274780273438,94.44894409179688
2021-11-08,88.95642852783203,97.57809448242188,66.14774322509766,146.4810028076172,137.7996063232422,40.5942497253418,24.98157501220703,37.18857955932617,99.6234130859375,81.13469696044922,64.30036926269531,28.883798599243164,124.22781372070312,100.28306579589844,94.30963897705078
2021-11-09,89.29037475585938,97.79096984863281,66.0435562133789,146.67506408691406,137.34170532226562,40.78142547607422,25.083555221557617,36.98524856567383,99.87519073486328,80.80143737792969,64.52234649658203,29.032093048095703,123.77237701416016,98.42926788330078,95.17341613769531
2021-11-10,86.74275970458984,97.34749603271484,65.51783752441406,142.04690551757812,135.70077514648438,40.50293731689453,24.42066764831543,36.92055892944336,99.315673828125,79.46833038330078,64.7176742553711,29.26763343811035,124.12554931640625,98.06331634521484,93.2786636352539
2021-11-11,87.15869903564453,97.55147552490234,65.5699234008789,144.60354614257812,135.22372436523438,40.82707214355469,24.51415252685547,37.022220611572266,98.90536499023438,79.84025573730469,64.67327880859375,29.08880043029785,123.7630615234375,97.79850769042969,94.40250396728516
2021-11-12,88.61647033691406,97.59584045410156,65.79963684082031,146.07351684570312,136.83602905273438,41.13294219970703,24.454666137695312,37.10540008544922,99.68868255615234,80.81109619140625,64.67327880859375,29.07135772705078,124.37653350830078,98.12590026855469,95.16413116455078
2021-11-15,88.1385498046875,98.17232513427734,65.60782623291016,145.8794708251953,137.39894104003906,40.94576644897461,24.65863037109375,37.10540008544922,99.87519073486328,80.72897338867188,64.98403930664062,29.455196380615234,123.60505676269531,98.04405975341797,95.73069763183594
2021-11-16,89.14239501953125,97.59584045410156,65.66226959228516,147.77146911621094,136.5688934326172,40.83163833618164,24.696870803833008,37.06843185424805,99.89383697509766,81.57904052734375,64.57562255859375,29.315622329711914,124.12554931640625,99.58969116210938,96.74305725097656
2021-11-17,88.38651275634766,97.94173431396484,64.99449157714844,146.89337158203125,135.95831298828125,40.56229019165039,24.318687438964844,36.64331817626953,99.29702758789062,81.33272552490234,64.4335708618164,29.341787338256836,124.30216217041016,100.22528839111328,94.52324676513672
2021-11-18,87.57463836669922,97.89737701416016,64.76005554199219,150.50759887695312,134.69900512695312,40.38880157470703,24.17420768737793,36.45848083496094,99.09184265136719,82.1441879272461,64.20270538330078,29.189128875732422,124.34864807128906,101.36163330078125,96.28797149658203
2021-11-19,87.85859680175781,97.45391845703125,64.71742248535156,151.45848083496094,133.7640838623047,40.315757751464844,23.230863571166992,36.06108856201172,98.59761810302734,82.74310302734375,63.97187042236328,29.354869842529297,123.59574127197266,101.7998046875,93.85453033447266
2021-11-22,85.37696838378906,96.79761505126953,65.1436767578125,149.1735076904297,132.32347106933594,40.37966537475586,23.643049240112305,36.569374084472656,98.86804962158203,81.820556640625,64.47798156738281,29.53370475769043,123.03801727294922,101.54460906982422,95.20126342773438
2021-11-23,84.0491714477539,97.57809448242188,65.4089126586914,148.09165954589844,131.79876708984375,40.42076873779297,24.36967658996582,37.14236068725586,99.03592681884766,81.63218688964844,64.90412902832031,29.564237594604492,123.16816711425781,100.8078842163086,93.78021240234375
2021-11-24,84.43511199951172,98.75767517089844,65.05842590332031,149.58587646484375,131.95140075683594,40.133155822753906,24.60763931274414,37.0591926574707,98.92402648925781,82.22628784179688,64.70880126953125,29.58168601989746,123.1217269897461,101.01495361328125,92.48920440673828
2021-11-26,83.62523651123047,96.0260009765625,63.104736328125,145.24879455566406,129.718994140625,39.44380569458008,23.617551803588867,35.83005142211914,96.24761199951172,80.17353057861328,63.8919563293457,29.119327545166016,122.66625213623047,98.26074981689453,90.26010131835938
2021-11-29,85.29498291015625,97.03707122802734,63.14265060424805,151.080078125,130.40591430664062,39.626407623291016,23.753528594970703,35.94093704223633,96.41547393798828,82.177978515625,64.05175018310547,29.55116081237793,123.00086975097656,99.78711700439453,89.73997497558594
2021-11-30,82.96734619140625,95.0681381225586,61.567867279052734,147.91700744628906,126.61842346191406,38.6448860168457,23.196870803833008,35.08146667480469,93.97221374511719,81.49211120605469,62.4091911315918,28.68751335144043,120.58416748046875,98.43888092041016,87.24151611328125
2021-12-01,79.43587493896484,93.604736328125,60.25594711303711,147.39308166503906,123.41288757324219,38.25227355957031,22.950414657592773,34.69331741333008,92.66666412353516,80.37638854980469,62.1073112487793,28.739858627319336,120.37037658691406,96.66213989257812,84.33441925048828
2021-12-02,80.79766845703125,96.45170593261719,62.325653076171875,147.7763214111328,125.75980377197266,39.032928466796875,23.617551803588867,35.72838592529297,95.41764831542969,81.11538696289062,62.76434326171875,29.10625457763672,120.95597839355469,98.03924560546875,85.96907043457031
2021-12-03,78.07608032226562,96.01713562011719,62.13621139526367,146.09776306152344,125.28277587890625,38.946189880371094,23.430587768554688,35.146156311035156,95.30574798583984,79.75814056396484,63.545684814453125,29.398494720458984,121.17903137207031,96.13247680664062,84.48301696777344
2021-12-06,78.17406463623047,97.56035614013672,63.661251068115234,145.53985595703125,127.35299682617188,39.5168342590332,23.77902603149414,35.682167053222656,96.91905212402344,80.5164566040039,64.66441345214844,29.847761154174805,121.86686706542969,97.23030853271484,86.03409576416016
2021-12-07,81.1556167602539,99.02375793457031,64.17986297607422,152.59852600097656,128.6981964111328,40.11946105957031,24.33568000793457,36.319847106933594,97.90754699707031,83.32752990722656,64.80647277832031,30.07021141052246,123.43775939941406,99.49820709228516,87.9195327758789
2021-12-08,81.93749237060547,99.6357192993164,64.15855407714844,151.9387664794922,130.06248474121094,40.28837203979492,24.331430435180664,36.12577819824219,98.15000915527344,83.70909118652344,64.60224914550781,30.0396728515625,124.36725616455078,99.74859619140625,87.35297393798828
2021-12-09,80.07978057861328,98.36744689941406,63.94069290161133,148.26145935058594,128.4596710205078,40.064674377441406,24.14446258544922,36.05183792114258,97.84224700927734,82.80587768554688,64.77984619140625,30.00041389465332,124.6553955078125,98.01997375488281,85.84831237792969
2021-12-10,81.19561004638672,98.60692596435547,64.00463104248047,149.20260620117188,128.28797912597656,40.31119918823242,24.322933197021484,36.08880615234375,98.24324798583984,84.46739959716797,65.8719253540039,30.161806106567383,125.09227752685547,98.7037124633789,85.84831237792969
2021-12-13,81.00963592529297,99.6884765625,63.021907806396484,145.3312530517578,127.17176055908203,40.069236755371094,23.64729881286621,35.70065689086914,97.22677612304688,83.21160888671875,66.73316955566406,30.53255844116211,126.27272033691406,96.161376953125,83.07122802734375
2021-12-14,78.342041015625,98.46980285644531,62.63043975830078,144.49197387695312,126.6374740600586,40.028160095214844,23.549564361572266,35.9132194519043,96.3035659790039,81.84471130371094,66.77757263183594,30.349363327026367,125.76146697998047,95.60284423828125,83.0062255859375
2021-12-15,80.3137435913086,99.8228988647461,63.2307014465332,150.46881103515625,127.79181671142578,40.11490249633789,23.434829711914062,36.0148811340332,97.14282989501953,84.01339721679688,67.45235443115234,30.846607208251953,128.33621215820312,96.81622314453125,83.6656723022461
2021-12-16,77.79013061523438,99.84978485107422,62.98157501220703,143.92921447753906,127.2691650390625,40.525760650634766,23.583560943603516,36.46772003173828,97.1894760131836,81.63218688964844,67.93182373046875,31.003629684448242,129.09841918945312,94.6783447265625,81.30653381347656
2021-12-17,78.13207244873047,99.65264129638672,62.58772659301758,143.2548828125,127.40316772460938,40.019012451171875,23.103389739990234,35.66368865966797,95.52955627441406,81.0864028930664,66.7686996459961,30.53691864013672,128.19677734375,94.03311157226562,81.72449493408203
2021-12-20,76.89226531982422,98.85513305664062,61.85462188720703,142.178466796875,126.25440979003906,39.30414962768555,22.817153930664062,34.970951080322266,93.99909973144531,80.12195587158203,66.78836059570312,30.565935134887695,127.42044830322266,92.51508331298828,79.9343032836914
2021-12-21,79.01394653320312,99.84978485107422,63.43710708618164,147.31427001953125,128.867919921875,39.79969787597656,23.46710205078125,35.695255279541016,95.87122344970703,82.1495590209961,66.6989517211914,30.5219669342041,127.95228576660156,94.9117431640625,82.39381408691406
2021-12-22,79.47386932373047,100.81753540039062,63.830970764160156,149.0652313232422,129.3752899169922,40.116294860839844,23.617753982543945,35.86241149902344,96.14266967773438,83.22383880615234,67.11912536621094,30.653858184814453,129.4452362060547,96.64293670654297,82.53461456298828
2021-12-23,80.00179290771484,100.72794342041016,64.76811981201172,150.34796142578125,130.65817260742188,40.52006912231445,23.63066864013672,36.048133850097656,97.27530670166016,83.68842315673828,67.27110290527344,30.649463653564453,129.97708129882812,97.9835205078125,83.34196472167969
2021-12-27,81.025634765625,102.41254425048828,65.33514404296875,154.3961181640625,131.60592651367188,41.13032913208008,24.14718246459961,36.41957473754883,98.30498504638672,85.48372650146484,67.98628234863281,30.79892349243164,131.34872436523438,98.9383316040039,84.26193237304688
2021-12-28,80.17976379394531,102.76201629638672,65.46563720703125,152.87440490722656,131.3761749267578,41.36893081665039,24.129968643188477,36.438140869140625,98.80108642578125,85.03852844238281,68.37068939208984,31.075878143310547,131.0034637451172,98.98173522949219,83.85826110839844
2021-12-29,80.06777954101562,103.43407440185547,65.60798645019531,152.85003662109375,130.6772918701172,41.5386962890625,23.975013732910156,36.3917121887207,98.97892761230469,85.11112976074219,68.6835708618164,31.2429256439209,131.7499237060547,99.17943572998047,84.3464126586914
2021-12-30,80.25775146484375,103.9000244140625,65.37786865234375,151.1136932373047,131.33786010742188,41.39187240600586,23.828664779663086,36.32670593261719,98.62323760986328,84.54979705810547,68.4690170288086,31.357229232788086,132.02053833007812,98.82258605957031,85.2945556640625
2021-12-31,79.51786804199219,104.07029724121094,65.59610748291016,150.60646057128906,129.77737426757812,41.575408935546875,23.888931274414062,36.2617073059082,99.04444885253906,84.13845825195312,68.93387603759766,31.46712875366211,131.46066284179688,98.58628845214844,84.75943756103516
2022-01-03,78.60600280761719,103.28175354003906,65.42056274414062,153.9279022216797,130.6868896484375,41.033973693847656,24.629268646240234,36.707435607910156,98.23007202148438,84.9369125366211,68.9249267578125,31.15500831604004,130.10772705078125,101.41696166992188,85.9704360961914
2022-01-04,76.86827087402344,103.08460998535156,66.42416381835938,153.12802124023438,130.07415771484375,41.5386962890625,25.481521606445312,37.67316818237305,100.2051773071289,84.03683471679688,69.38980865478516,31.058300018310547,128.39083862304688,100.79972839355469,85.22883605957031
2022-01-05,73.07884216308594,100.02898406982422,65.53681945800781,147.8751678466797,126.48410034179688,41.53410339355469,25.477218627929688,37.23674011230469,99.25038146972656,81.45271301269531,69.3272476196289,31.04071807861328,127.47642517089844,98.07996368408203,82.35627746582031
2022-01-06,73.16082763671875,100.01105499267578,65.5391845703125,149.34323120117188,126.89579772949219,41.011024475097656,26.045381546020508,37.784603118896484,99.70903778076172,81.0414047241211,69.13949584960938,30.71979522705078,126.0022201538086,97.82439422607422,82.88194274902344
2022-01-07,72.54492950439453,99.3390121459961,65.62696838378906,144.80247497558594,126.94365692138672,40.974327087402344,26.40264320373535,38.2303352355957,99.68099975585938,80.29615783691406,69.21101379394531,30.95279312133789,125.35834503173828,96.19446563720703,81.83995819091797
2022-01-10,73.22882843017578,98.83721160888672,64.5332260131836,144.98780822753906,126.75218963623047,40.5567741394043,26.320863723754883,38.10033416748047,98.55770874023438,80.31067657470703,68.66569519042969,30.750568389892578,126.6460189819336,95.60615539550781,80.4881591796875
2022-01-11,74.52662658691406,99.0881118774414,64.44783782958984,147.91416931152344,128.27439880371094,41.00185012817383,27.216157913208008,38.43461990356445,99.14741516113281,81.27366638183594,68.58523559570312,30.47361946105957,127.65372467041016,96.52722930908203,81.83995819091797
2022-01-12,74.3046646118164,99.18668365478516,64.3837661743164,149.17739868164062,128.42755126953125,41.4148063659668,27.267810821533203,38.46247482299805,99.4656753540039,81.65597534179688,68.61204528808594,30.570331573486328,127.28982543945312,97.16373443603516,80.89181518554688
2022-01-13,71.12114715576172,98.873046875,64.58541107177734,146.58267211914062,126.88623046875,41.093624114990234,27.13007164001465,38.313907623291016,99.68099975585938,79.54125213623047,68.73721313476562,30.71979522705078,125.31172943115234,95.21072387695312,80.1877670288086
2022-01-14,71.39710235595703,97.93215942382812,63.80959701538086,149.6895294189453,127.27869415283203,40.74490737915039,27.767108917236328,37.914615631103516,99.08190155029297,80.21388244628906,68.86235809326172,30.508785247802734,125.09710693359375,94.76708221435547,78.50741577148438
2022-01-18,70.08331298828125,97.05401611328125,62.357608795166016,142.99298095703125,124.96192932128906,40.20805740356445,27.879016876220703,37.069583892822266,97.93990325927734,78.28790283203125,67.87004852294922,30.14391326904297,123.3429183959961,92.97319793701172,76.84584045410156
2022-01-19,70.15929412841797,95.83536529541016,61.92105484008789,139.04234313964844,124.55989074707031,40.107120513916016,27.67672348022461,36.44743347167969,96.84471893310547,77.19426727294922,68.29916381835938,30.280187606811523,122.83906555175781,91.2950439453125,76.28258514404297
2022-01-20,69.67937469482422,94.64359283447266,61.71227264404297,134.7844696044922,123.15259552001953,39.524391174316406,27.42276382446289,36.21527862548828,95.60912322998047,76.1974105834961,67.8521728515625,30.319753646850586,122.03662872314453,89.63135528564453,73.72917938232422
2022-01-21,67.71566772460938,94.41954803466797,60.93407440185547,132.54090881347656,118.82540130615234,38.56083679199219,26.880422592163086,35.47240447998047,94.72921752929688,74.68273162841797,67.90582275390625,30.262605667114258,120.80499267578125,87.00323486328125,72.6402359008789
2022-01-24,69.14344787597656,94.5718765258789,61.451297760009766,134.2382049560547,119.62956237792969,38.58377456665039,27.061201095581055,35.574546813964844,95.27214050292969,75.06986999511719,67.68233489990234,29.97245979309082,120.40373992919922,88.04965209960938,77.00541687011719
2022-01-25,66.55583953857422,94.14175415039062,60.6517448425293,128.92193603515625,117.2553482055664,38.235042572021484,28.11145782470703,35.72311782836914,94.3360824584961,73.33262634277344,66.93140411376953,29.502077102661133,119.62930297851562,86.55957794189453,75.73809051513672
2022-01-26,65.85395050048828,92.61844635009766,60.04911422729492,130.7801971435547,115.40767669677734,37.83586120605469,28.064104080200195,35.815982818603516,93.5123519897461,73.76329803466797,66.42184448242188,29.26029396057129,119.00414276123047,86.14005279541016,73.71981048583984
2022-01-27,65.8499526977539,91.2295150756836,59.30887985229492,125.19567108154297,115.38853454589844,37.9643440246582,28.369712829589844,35.49097442626953,92.67925262451172,73.25518035888672,66.86882019042969,29.519664764404297,119.31206512451172,84.05200958251953,73.07205963134766
2022-01-28,68.39556121826172,94.07008361816406,60.181983947753906,127.63432312011719,118.68180084228516,38.18458557128906,28.249191284179688,35.95527267456055,93.32514190673828,76.45870971679688,67.65550994873047,29.875751495361328,121.74737548828125,85.88447570800781,73.76673126220703
2022-01-31,71.00316619873047,95.5038070678711,61.23775863647461,134.3211212158203,121.86974334716797,38.74895095825195,28.37401580810547,36.270992279052734,94.29864501953125,78.3798599243164,67.91475677490234,30.442848205566406,122.44718933105469,89.18770599365234,76.7237777709961
2022-02-01,71.41510772705078,94.97511291503906,63.50592041015625,134.89663696289062,123.25788879394531,39.34545135498047,29.385530471801758,36.772430419921875,95.5997543334961,78.5831069946289,67.8521728515625,30.038408279418945,122.77377319335938,89.7278060913086,77.65316772460938
2022-02-02,70.6932144165039,96.29234313964844,63.77640151977539,138.3400115966797,125.0481185913086,39.469337463378906,29.480228424072266,37.02314758300781,96.26435852050781,79.22187042236328,68.66569519042969,30.482402801513672,124.42528533935547,89.19253540039062,75.50341796875
2022-02-03,67.98762512207031,95.0826416015625,62.40030288696289,132.20436096191406,117.37980651855469,38.78107452392578,29.20044708251953,36.61457443237305,94.72921752929688,76.92327880859375,68.6835708618164,30.346126556396484,123.89344787597656,86.46315002441406,73.52265167236328
2022-02-04,70.20127868652344,94.20447540283203,61.84750747680664,132.92132568359375,118.48075103759766,38.138702392578125,29.65670394897461,37.23674011230469,93.70893096923828,77.23297882080078,67.8432388305664,30.104345321655273,123.4455795288086,88.92249298095703,73.68223571777344
2022-02-07,69.81533813476562,94.04320526123047,61.9352912902832,133.1310577392578,116.63307189941406,37.9505729675293,30.035480499267578,37.34817123413086,93.78380584716797,76.72003173828125,67.96839904785156,30.060382843017578,123.23096466064453,88.7392578125,74.0577621459961
2022-02-08,70.61122131347656,93.55036163330078,62.865333557128906,135.8574676513672,116.77667999267578,38.53789138793945,29.389841079711914,37.86817932128906,94.71986389160156,77.66849517822266,68.2276382446289,30.082372665405273,124.23865509033203,89.98820495605469,76.1699447631836
2022-02-09,72.87287902832031,95.69196319580078,64.02786254882812,140.58847045898438,120.06037902832031,39.3775634765625,29.635183334350586,38.109619140625,96.02098846435547,79.3912353515625,68.24551391601562,30.214248657226562,125.19975280761719,91.17931365966797,77.73762512207031
2022-02-10,71.72505187988281,93.2994613647461,62.8558464050293,136.3793487548828,118.51904296875,39.14814758300781,29.450092315673828,37.77531433105469,94.44840240478516,77.31523895263672,67.51245880126953,29.449329376220703,123.24031829833984,89.60726928710938,76.05728149414062
2022-02-11,69.25143432617188,92.33169555664062,61.18319320678711,129.37066650390625,116.17353820800781,38.542476654052734,30.30665397644043,37.24602508544922,93.0068588256836,74.95372772216797,67.27110290527344,29.466917037963867,121.53278350830078,87.03218078613281,74.57405853271484
2022-02-14,69.0894546508789,91.4714584350586,61.387229919433594,129.2828826904297,116.08740234375,38.22587966918945,29.592134475708008,36.828155517578125,92.66053771972656,74.92955780029297,67.08335876464844,29.216337203979492,120.29179382324219,87.52883911132812,74.15161895751953
2022-02-15,70.55123138427734,92.17039489746094,62.979209899902344,136.31593322753906,118.0403823852539,38.92790603637695,29.282224655151367,37.32959747314453,94.05526733398438,76.89907836914062,67.19957733154297,29.080060958862305,121.64471435546875,89.48670959472656,76.65807342529297
2022-02-16,70.0193099975586,92.47505950927734,63.221214294433594,136.2866668701172,117.34151458740234,39.21238327026367,29.51896858215332,37.357444763183594,94.55136108398438,76.82164001464844,67.32474517822266,29.1460018157959,121.83135986328125,89.7422866821289,75.70993041992188
2022-02-17,66.94178771972656,91.43560791015625,62.10847854614258,130.8240966796875,114.10568237304688,38.542476654052734,29.471614837646484,36.428855895996094,92.8196792602539,74.52304077148438,67.8432388305664,29.163585662841797,119.87189483642578,87.3407974243164,73.71981048583984
2022-02-18,65.50800323486328,90.960693359375,61.762088775634766,129.37066650390625,112.81326293945312,38.47823715209961,29.290842056274414,36.41957473754883,92.05209350585938,73.76813507080078,67.96839904785156,29.11083221435547,118.97615051269531,86.8006820678711,73.14715576171875
2022-02-22,64.9640884399414,90.49473571777344,60.73004150390625,128.4829864501953,111.56874084472656,37.93221664428711,28.817363739013672,36.23385238647461,91.162841796875,73.08580780029297,67.44095611572266,29.080060958862305,118.67757415771484,84.2690200805664,70.26522064208984
2022-02-23,63.34433364868164,88.89972686767578,59.536651611328125,125.79071044921875,109.61576080322266,37.44584655761719,29.114364624023438,35.60239791870117,89.48728942871094,71.25662231445312,66.8956298828125,28.587697982788086,118.0804214477539,81.45279693603516,68.5848388671875
2022-02-24,67.20374298095703,90.476806640625,60.329071044921875,130.10711669921875,112.7558364868164,37.33573532104492,28.886228561401367,35.17524719238281,90.6292724609375,73.69071960449219,65.7424087524414,28.81629753112793,118.55626678466797,83.31419372558594,71.27904510498047
2022-02-25,67.72766876220703,92.65428924560547,61.626861572265625,131.92147827148438,114.82372283935547,38.698482513427734,29.648094177246094,36.308135986328125,92.79157257080078,74.69242858886719,67.86112213134766,29.708696365356445,122.18592834472656,84.96341705322266,72.527587890625
2022-02-28,68.39356231689453,91.12199401855469,61.49637985229492,130.78504943847656,114.74712371826172,38.257991790771484,30.379833221435547,35.7695426940918,93.50299835205078,74.55693817138672,66.95821380615234,29.862560272216797,121.26219177246094,85.56137084960938,72.50881958007812
2022-03-01,67.80765533447266,90.8890151977539,60.10131072998047,126.65886688232422,113.15792846679688,37.37702560424805,30.685436248779297,34.45094680786133,92.10826110839844,73.06646728515625,66.56485748291016,29.603195190429688,120.5903549194336,84.26417541503906,70.65947723388672
2022-03-02,68.83949279785156,92.45713806152344,61.74785614013672,130.80458068847656,113.98123931884766,38.1983528137207,31.387033462524414,35.34239959716797,94.07398223876953,74.64886474609375,67.27110290527344,29.963666915893555,122.4098892211914,86.03395080566406,73.20348358154297
2022-03-03,67.09776306152344,93.21880340576172,61.54857635498047,127.9854965209961,112.65052032470703,38.244232177734375,31.473119735717773,35.23096466064453,94.17695617675781,73.75846099853516,67.81642150878906,30.491193771362305,123.03499603271484,84.08575439453125,72.28352355957031
2022-03-04,65.6579818725586,93.67583465576172,61.37775421142578,124.5421142578125,110.71671295166016,38.111175537109375,32.381324768066406,34.5716552734375,93.97100830078125,72.46641540527344,67.82536315917969,31.163803100585938,123.65084075927734,82.74999237060547,70.85662078857422
2022-03-07,62.838409423828125,91.7582015991211,58.80115509033203,118.34306335449219,106.70542907714844,36.789703369140625,32.85911560058594,33.30876922607422,91.45301818847656,69.81454467773438,66.59165954589844,31.568241119384766,121.49544525146484,78.6944808959961,67.73060607910156
2022-03-08,62.184513092041016,91.24745178222656,58.69202423095703,120.12814331054688,106.69584655761719,36.601585388183594,33.3756217956543,33.1137580871582,90.89138793945312,69.47582244873047,64.79481506347656,31.08027458190918,119.01347351074219,78.85842895507812,69.2419662475586
2022-03-09,65.2020492553711,92.70803833007812,59.923377990722656,125.34687042236328,110.07527160644531,37.734920501708984,32.355499267578125,34.330230712890625,92.5388412475586,72.22444915771484,65.23285675048828,30.86046600341797,121.26219177246094,81.39495086669922,70.60315704345703
2022-03-10,64.21019744873047,92.93206024169922,60.33145523071289,122.63509368896484,109.25196838378906,37.83586120605469,33.345497131347656,34.0423583984375,92.41716766357422,70.96144104003906,64.61601257324219,31.06708335876465,121.21553802490234,81.97361755371094,70.63130950927734
2022-03-11,62.248497009277344,92.1524658203125,59.861690521240234,119.87940216064453,107.02135467529297,37.555973052978516,33.0786247253418,33.80092239379883,91.67767333984375,69.71292877197266,63.86506652832031,30.961585998535156,120.31043243408203,80.39674377441406,68.74444580078125
2022-03-14,60.44677734375,91.49834442138672,59.17839813232422,116.41651916503906,105.52790832519531,37.50092315673828,32.08863830566406,34.22808837890625,91.98655700683594,68.42088317871094,64.20479583740234,30.926414489746094,121.1595458984375,79.05614471435547,67.96529388427734
2022-03-15,61.968544006347656,92.13456726074219,60.77511978149414,121.2938232421875,107.76808166503906,37.93221664428711,30.913555145263672,34.71096420288086,93.44682312011719,70.71947479248047,65.64408111572266,31.32206153869629,123.57621765136719,81.70355987548828,69.9648208618164
2022-03-16,64.55615234375,93.29049682617188,63.27341079711914,127.71723937988281,111.09007263183594,38.52872085571289,30.771522521972656,35.685977935791016,94.68241119384766,73.01808166503906,65.71560668945312,31.264911651611328,125.05982971191406,84.49083709716797,72.67777252197266
2022-03-17,66.05191802978516,94.65251922607422,63.81435775756836,128.5171356201172,112.31546783447266,39.267452239990234,31.830381393432617,36.1317138671875,95.89929962158203,73.53585815429688,66.1715087890625,31.396791458129883,127.03789520263672,85.89894104003906,73.7573471069336
2022-03-18,67.99162292480469,94.83174896240234,63.72893524169922,131.2923126220703,113.89508056640625,39.50603103637695,31.800247192382812,36.21527862548828,96.26435852050781,75.04084014892578,66.32350158691406,31.12863540649414,127.82168579101562,87.707275390625,74.72425079345703
2022-03-21,67.37371826171875,94.32994842529297,63.33273696899414,130.9850311279297,112.83241271972656,39.834415435791016,33.08216094970703,36.179847717285156,96.48130798339844,74.8982925415039,66.40879821777344,31.336627960205078,127.72435760498047,86.97268676757812,73.00809478759766
2022-03-22,69.04146575927734,94.58980560302734,63.871280670166016,131.8873291015625,114.94816589355469,40.0508918762207,32.83881759643555,36.76715087890625,97.00724029541016,75.97460174560547,66.90270233154297,31.38088607788086,127.75244903564453,89.13153839111328,74.66222381591797
2022-03-23,67.33572387695312,93.56828308105469,63.074127197265625,128.5902862548828,113.60787200927734,39.86666488647461,33.40373611450195,36.08662796020508,96.07747650146484,74.8061752319336,66.36389923095703,31.42513656616211,125.45925903320312,88.02555084228516,73.04568481445312
2022-03-24,68.50554656982422,94.16485595703125,63.764007568359375,134.84786987304688,115.28355407714844,40.66804885864258,33.48629379272461,36.3756217956543,96.81002807617188,76.75028991699219,66.83086395263672,31.748197555541992,126.95683288574219,88.71135711669922,73.80696868896484
2022-03-25,67.61368560791016,95.26260375976562,63.99475860595703,134.28697204589844,115.57111358642578,41.12400436401367,34.22068405151367,36.84173583984375,97.41109466552734,76.70664978027344,67.38764190673828,32.208438873291016,127.5465087890625,88.55682373046875,72.83890533447266
2022-03-28,69.18344116210938,96.34239196777344,64.69176483154297,135.262451171875,116.17506408691406,40.939788818359375,33.373321533203125,36.739192962646484,97.43927001953125,77.61808776855469,67.66604614257812,32.416439056396484,128.47311401367188,90.91852569580078,73.5156021118164
2022-03-29,70.85118865966797,99.08680725097656,65.69566345214844,138.3205108642578,118.14981842041016,41.28519821166992,33.286407470703125,36.82309341430664,98.34087371826172,79.26643371582031,68.2677001953125,32.71736145019531,129.23129272460938,92.50265502929688,76.58892822265625
2022-03-30,69.49739837646484,98.41194915771484,65.2365493774414,134.3064727783203,117.14327239990234,41.147029876708984,33.673152923583984,36.562068939208984,98.22817993164062,78.20955657958984,68.31262969970703,32.98732376098633,129.4840087890625,91.09721374511719,73.19605255126953
2022-03-31,68.97747039794922,97.37716674804688,64.2183609008789,131.58494567871094,115.08223724365234,40.59896469116211,33.21687698364258,35.72306442260742,96.71611022949219,77.05087280273438,68.15096282958984,32.95191955566406,128.22039794921875,89.34888458251953,70.99678802490234
2022-04-01,69.095458984375,99.00580596923828,61.75620651245117,129.4535675048828,115.93541717529297,41.02729034423828,33.48629379272461,35.62983322143555,95.96475982666016,76.82300567626953,68.8334732055664,33.412174224853516,129.23129272460938,89.45996856689453,70.81819915771484
2022-04-04,70.78119659423828,98.64588165283203,61.573020935058594,131.58981323242188,118.54286193847656,41.03650665283203,33.529754638671875,35.47135925292969,95.84268188476562,78.28228759765625,68.61795043945312,33.15549087524414,128.15493774414062,91.46910095214844,72.66973114013672
2022-04-05,68.99147033691406,98.32196807861328,59.91018295288086,125.91264343261719,116.69271850585938,40.70949935913086,33.00394821166992,35.247623443603516,94.48087310791016,76.63394165039062,68.6808090209961,33.36347961425781,128.42636108398438,89.32473754882812,71.27873992919922
2022-04-06,66.8837890625,99.47370910644531,58.214027404785156,123.30815887451172,114.54540252685547,40.23972702026367,33.199493408203125,35.00524139404297,93.74832153320312,74.82073211669922,69.55187225341797,34.02729797363281,130.3825225830078,87.0451431274414,70.10391235351562
2022-04-07,67.14375305175781,98.72687530517578,57.96424102783203,123.3276596069336,113.51968383789062,40.50224304199219,33.6340446472168,34.96794891357422,94.06764221191406,74.93710327148438,70.39602661132812,33.943214416503906,132.8909912109375,87.48945617675781,70.4798583984375
2022-04-08,66.10591125488281,98.84384155273438,57.35999298095703,120.39640045166016,113.08829498291016,40.75094985961914,34.559627532958984,35.322200775146484,93.54169464111328,73.88990020751953,70.69237518310547,34.05828094482422,133.68655395507812,86.68291473388672,71.31632995605469
2022-04-11,65.35602569580078,97.74607849121094,57.545555114746094,117.68949127197266,111.80374908447266,40.548301696777344,33.52106857299805,35.163719177246094,93.24115753173828,72.02823638916016,70.40501403808594,33.59360885620117,131.02841186523438,85.07463073730469,71.5136947631836
2022-04-12,64.8960952758789,97.53012084960938,57.55744552612305,117.0554428100586,110.97935485839844,40.55751419067383,34.0772819519043,34.78151321411133,93.09088134765625,71.70825958251953,70.42298126220703,33.72193908691406,129.75543212890625,85.26296997070312,70.94978332519531
2022-04-13,66.30388641357422,98.10601043701172,58.70408248901367,119.83550262451172,112.63775634765625,41.156246185302734,34.585697174072266,34.78151321411133,93.96430969238281,72.86209869384766,70.81810760498047,33.65557098388672,130.3918914794922,87.38321685791016,72.51935577392578
2022-04-14,64.70012664794922,97.62910461425781,58.82540512084961,116.18728637695312,110.73967742919922,41.01808166503906,34.69867706298828,34.38997268676758,93.86103057861328,71.0925521850586,70.80012512207031,33.67326736450195,129.76475524902344,86.16132354736328,71.88025665283203
2022-04-18,64.01822662353516,97.2781982421875,58.26873779296875,118.17723083496094,110.12615966796875,41.054927825927734,35.20710372924805,34.595062255859375,93.53228759765625,71.32524108886719,70.21643829345703,33.491825103759766,128.33274841308594,86.42211151123047,71.25993347167969
2022-04-19,65.73796844482422,99.32073974609375,59.73175811767578,120.69391632080078,112.50354766845703,41.441810607910156,34.92030715942383,35.07050323486328,95.23220825195312,72.663330078125,71.28506469726562,33.70866775512695,129.55889892578125,88.92869567871094,73.92913818359375
2022-04-20,64.75811767578125,101.120361328125,60.08146286010742,120.47443389892578,107.91175842285156,41.70431900024414,35.05501937866211,35.31288146972656,95.74873352050781,72.59545135498047,72.35371398925781,33.98305130004883,131.29978942871094,87.78406524658203,72.94229125976562
2022-04-21,62.74442672729492,100.31952667236328,60.036258697509766,117.17250061035156,105.15093231201172,41.02268600463867,33.94257354736328,34.7535400390625,94.77203369140625,71.3640365600586,72.2908706665039,33.4210205078125,129.84902954101562,86.93404388427734,71.45731353759766
2022-04-22,61.14666748046875,98.5829086303711,58.58989334106445,114.48509979248047,102.38054656982422,39.4890022277832,33.112579345703125,33.7187614440918,92.44286346435547,69.36661529541016,71.15933990478516,32.858985900878906,125.11295318603516,84.9152603149414,68.64714813232422
2022-04-25,62.27649688720703,98.24996948242188,59.19651412963867,116.46527862548828,103.49252319335938,39.378456115722656,32.01752853393555,33.774696350097656,92.44286346435547,70.40897369384766,71.47364044189453,32.63328552246094,125.955322265625,85.52861785888672,69.68096923828125
2022-04-26,59.970848083496094,96.6483154296875,57.53603744506836,111.50018310546875,100.18528747558594,38.770511627197266,32.060977935791016,32.9263801574707,90.42363739013672,67.78614044189453,70.36908721923828,32.3057975769043,123.73705291748047,81.20124053955078,67.39712524414062
2022-04-27,59.9908447265625,96.07241821289062,58.14741516113281,110.96367645263672,98.06674194335938,39.341609954833984,32.53029251098633,32.89841079711914,90.76173400878906,68.7896957397461,70.62950897216797,32.15091323852539,123.46562957763672,81.21088409423828,67.16217041015625
2022-04-28,62.41447448730469,97.8630599975586,59.65325927734375,117.29930114746094,101.33563232421875,39.963375091552734,33.51671600341797,33.31791687011719,91.7854232788086,71.54342651367188,71.67121887207031,32.509368896484375,125.16911315917969,82.87712097167969,68.46856689453125
2022-04-29,59.98085021972656,93.35502624511719,57.766788482666016,112.10497283935547,97.8750228881836,39.16200637817383,32.65631103515625,32.1712646484375,89.35295867919922,68.56183624267578,69.72250366210938,31.535776138305664,121.94931030273438,78.66566467285156,66.04373168945312
2022-05-02,61.11267852783203,91.051513671875,57.550315856933594,115.36788940429688,100.16610717773438,39.04224395751953,33.17776870727539,32.18058395385742,89.5407943725586,69.60417938232422,68.8065185546875,31.21271324157715,121.19116973876953,79.81513214111328,68.0362319946289
2022-05-03,60.61874771118164,92.4192123413086,57.82625961303711,116.31409454345703,100.5303955078125,39.47978973388672,34.107704162597656,32.60009002685547,90.13249206542969,69.72538757324219,68.60896301269531,31.33220672607422,121.57492065429688,79.61710357666016,68.35580444335938
2022-05-04,62.45246887207031,93.43598937988281,58.98240661621094,120.3037338256836,103.93350219726562,40.760154724121094,35.52432632446289,33.59757614135742,92.74340057373047,72.17366027832031,70.153564453125,32.03142166137695,124.27056121826172,81.95465850830078,70.15091705322266
2022-05-05,58.86101531982422,90.99752807617188,57.443260192871094,114.65581512451172,99.96480560302734,39.49821472167969,34.98983383178711,32.618736267089844,90.32032775878906,68.70243072509766,68.8244857788086,31.703943252563477,121.855712890625,77.36164855957031,66.89900970458984
2022-05-06,57.02330017089844,89.82778930664062,56.853294372558594,113.4803695678711,97.93254089355469,38.93171310424805,36.03275680541992,32.385677337646484,89.70987701416016,68.14974975585938,68.89632415771484,31.956188201904297,121.47197723388672,76.3812255859375,65.2730484008789
2022-05-09,53.95176696777344,86.0215835571289,55.135738372802734,107.73490142822266,95.05667877197266,37.702003479003906,33.0517463684082,31.611927032470703,87.54037475585938,65.51238250732422,68.86939239501953,31.71721839904785,118.32706451416016,73.12604522705078,63.06439971923828
2022-05-10,54.655662536621094,84.35693359375,55.107177734375,110.51985168457031,95.3250961303711,37.467105865478516,33.35158157348633,31.332252502441406,86.96748352050781,66.5111083984375,68.39344024658203,31.33220672607422,118.74825286865234,72.90867614746094,62.02113723754883
2022-05-11,52.83794021606445,84.17699432373047,54.33879852294922,107.1301040649414,93.60916900634766,37.485530853271484,33.79916763305664,31.043264389038086,86.1785659790039,64.411865234375,68.09708404541016,31.557889938354492,117.96204376220703,70.29583740234375,59.59632110595703
2022-05-12,53.31586456298828,84.77985382080078,54.431575775146484,107.63735961914062,94.74991607666016,37.41644287109375,33.94257354736328,30.810205459594727,86.3382339477539,63.747684478759766,68.0791244506836,31.23926544189453,119.10392761230469,70.77879333496094,61.59822463989258
2022-05-13,55.94346237182617,87.07437896728516,55.452125549316406,113.2803955078125,97.31901550292969,37.99214553833008,35.102813720703125,31.25768280029297,87.43705749511719,65.86628723144531,69.10286712646484,31.611007690429688,120.36750793457031,73.5655288696289,63.64710235595703
2022-05-16,54.61966323852539,86.49848937988281,55.014400482177734,111.45140838623047,96.71510314941406,37.923065185546875,36.02840805053711,30.996652603149414,87.31497955322266,65.28450775146484,69.41716766357422,31.70836639404297,121.2566909790039,71.9765625,62.89521789550781
2022-05-17,55.57352066040039,87.4612808227539,56.73435592651367,116.78231811523438,98.92950439453125,38.99619674682617,36.44557571411133,31.826330184936523,89.29664611816406,67.17529296875,68.94122314453125,32.035850524902344,122.9227523803711,73.79252624511719,64.28620147705078
2022-05-18,53.367855072021484,84.93281555175781,53.480018615722656,111.20266723632812,95.88108825683594,37.784908294677734,35.51129150390625,30.950042724609375,85.97196197509766,64.10159301757812,64.5050048828125,31.72606658935547,119.749755859375,68.96768188476562,58.95721435546875
2022-05-19,54.28971481323242,84.72586822509766,52.50228500366211,111.23193359375,95.80441284179688,38.052024841308594,35.38092803955078,30.744949340820312,85.20183563232422,63.39861297607422,63.355533599853516,31.65968894958496,120.0118637084961,69.01596069335938,58.919620513916016
2022-05-20,54.949615478515625,85.37372589111328,52.57366180419922,111.28557586669922,95.82357025146484,37.95990753173828,35.53302001953125,30.689016342163086,84.28143310546875,63.53921127319336,63.4902229309082,31.748197555541992,121.47197723388672,67.81339263916016,57.64141845703125
2022-05-23,55.52552795410156,86.41751098632812,53.50618362426758,112.17813110351562,97.06019592285156,38.65536117553711,36.47164535522461,31.686508178710938,85.66202545166016,64.99848175048828,64.80133819580078,32.1287841796875,122.53898620605469,68.32051849365234,57.50043869018555
2022-05-24,53.59382247924805,87.24533081054688,52.48088073730469,109.21759796142578,93.30239868164062,38.43429946899414,36.610694885253906,31.621248245239258,85.61507415771484,64.03372192382812,65.86100006103516,32.77048110961914,122.9040298461914,66.56249237060547,55.611328125
2022-05-25,55.19757843017578,87.86619567871094,53.058956146240234,111.49043273925781,94.78828430175781,38.604713439941406,37.36681365966797,31.872947692871094,86.11283111572266,64.78031158447266,65.87896728515625,32.748355865478516,122.86659240722656,68.44124603271484,59.43654251098633
2022-05-26,56.38139724731445,87.94718170166016,54.70039367675781,115.21669006347656,96.81092834472656,39.31398391723633,37.779640197753906,32.609405517578125,87.85970306396484,66.33654022216797,66.57942199707031,32.841285705566406,123.39073944091797,71.79788208007812,62.27490997314453
2022-05-27,58.31909942626953,90.3046646118164,55.792301177978516,119.78673553466797,99.13082122802734,40.2351188659668,38.4705696105957,33.1594352722168,89.66291046142578,68.58123016357422,67.35173034667969,33.35463333129883,125.44054412841797,74.260986328125,63.44972229003906
2022-05-31,57.16527557373047,89.2069091796875,55.39741134643555,119.28925323486328,99.05412292480469,39.6225700378418,37.89261245727539,33.06620407104492,88.93973541259766,68.0915756225586,66.87578582763672,32.89438247680664,123.76510620117188,74.63770294189453,62.18092727661133
2022-06-01,57.489227294921875,88.41506958007812,54.809814453125,117.32856750488281,98.00923156738281,39.226470947265625,38.50967025756836,32.53484344482422,88.39502716064453,67.88796997070312,66.00469970703125,32.841285705566406,121.98675537109375,73.86013793945312,61.0155029296875
2022-06-02,60.12882614135742,89.69280242919922,56.03733825683594,121.47428894042969,100.367431640625,40.308815002441406,38.38800048828125,32.98230743408203,90.08553314208984,69.53145599365234,66.965576171875,33.06255340576172,122.95081329345703,76.12042236328125,62.93282699584961
2022-06-03,58.7270393371582,88.49604034423828,55.659088134765625,117.89434051513672,98.1817626953125,39.917327880859375,38.89643096923828,32.50687026977539,89.738037109375,67.8685531616211,66.29206085205078,32.903236389160156,121.5094223022461,73.89395141601562,61.87077713012695
2022-06-06,58.73303985595703,88.19013214111328,56.1015625,117.99188995361328,98.8528060913086,40.29499053955078,38.852970123291016,32.60009002685547,90.11371612548828,67.87342071533203,66.3189926147461,33.049278259277344,121.52811431884766,74.63286590576172,62.27490997314453
2022-06-07,59.69289016723633,89.3688735961914,56.36086654663086,118.93321228027344,99.38963317871094,40.58514404296875,40.01321029663086,32.85179138183594,91.32524108886719,68.68303680419922,66.66923522949219,33.2484245300293,123.10993194580078,74.44934844970703,62.66967010498047
2022-06-08,59.29095458984375,87.31731414794922,54.609989166259766,116.45553588867188,99.21707916259766,39.742313385009766,40.10012435913086,32.27381134033203,89.67230987548828,67.90734100341797,65.85204315185547,32.597877502441406,122.13652038574219,74.00987243652344,62.61326217651367
2022-06-09,57.83966064453125,85.3803482055664,53.480255126953125,113.35844421386719,96.41792297363281,38.80275344848633,39.21364212036133,31.4627685546875,87.90665435791016,66.09414672851562,64.86421203613281,31.814577102661133,119.37535858154297,72.67205810546875,61.889564514160156
2022-06-10,55.28984832763672,83.50206756591797,51.86260986328125,109.1639633178711,93.6571044921875,37.61449432373047,38.54877853393555,30.3254451751709,85.31452941894531,63.55376434326172,64.5858154296875,31.571176528930664,117.45660400390625,69.77423095703125,59.746700286865234
2022-06-13,52.146087646484375,79.38430786132812,50.13282775878906,103.0965805053711,89.19950866699219,36.14528274536133,36.53681564331055,29.421184539794922,82.7505874633789,60.73700714111328,63.19388198852539,30.119625091552734,113.89987182617188,66.5528564453125,57.20907974243164
2022-06-14,52.44406509399414,78.76122283935547,50.64579772949219,103.85255432128906,88.89274597167969,35.86894607543945,36.60634994506836,29.16948127746582,82.54395294189453,61.1199951171875,62.448516845703125,29.358448028564453,112.81411743164062,66.49971771240234,57.660213470458984
2022-06-15,53.835960388183594,80.54015350341797,51.151615142822266,105.75471496582031,91.15508270263672,35.85973358154297,35.7980842590332,29.495763778686523,83.34226989746094,62.40959930419922,62.511375427246094,29.54874610900879,113.95602416992188,68.36881256103516,58.816246032714844
2022-06-16,51.44414138793945,78.51740264892578,49.5029411315918,99.48737335205078,87.60820007324219,34.56553649902344,33.78178787231445,28.74997901916504,80.56230926513672,59.86919403076172,62.03542709350586,28.97786521911621,112.28060913085938,65.0218505859375,55.78990173339844
2022-06-17,52.45606231689453,79.15855407714844,49.64609909057617,100.3018798828125,89.01739501953125,34.505672454833984,31.934951782226562,28.833879470825195,80.35570526123047,60.41703796386719,61.810916900634766,28.70790672302246,112.215087890625,65.7318115234375,56.85193634033203
2022-06-21,53.42399215698242,80.39567565917969,50.194854736328125,103.14535522460938,89.97599792480469,35.02739715576172,33.589385986328125,29.409318923950195,81.82157897949219,61.9544677734375,63.46033477783203,29.254365921020508,115.23604583740234,67.61199188232422,57.64370346069336
2022-06-22,53.523983001708984,81.55155181884766,50.05886459350586,101.6919174194336,90.1869125366211,34.577552795410156,32.244754791259766,29.34371566772461,81.3687973022461,61.691993713378906,63.41507339477539,29.56215476989746,116.83394622802734,67.48128509521484,57.36970520019531
2022-06-23,55.473838806152344,83.14988708496094,50.4644660949707,101.16516876220703,91.39998626708984,34.10451889038086,31.049531936645508,29.231250762939453,80.9537582397461,62.61552429199219,64.64555358886719,30.25806427001953,119.45635986328125,68.54141998291016,58.824729919433594
2022-06-24,57.83966064453125,84.91980743408203,52.318321228027344,105.42793273925781,94.54076385498047,35.45869064331055,31.458181381225586,30.309030532836914,83.78365325927734,64.86602020263672,65.91222381591797,30.784446716308594,121.4395980834961,71.15548706054688,61.00727844238281
2022-06-27,56.769737243652344,84.73016357421875,51.90555953979492,105.07676696777344,93.83961486816406,35.166526794433594,32.380977630615234,30.20594024658203,83.5855484008789,64.42855834960938,65.73128509521484,31.034250259399414,121.89078521728516,70.40998077392578,60.005760192871094
2022-06-28,54.665897369384766,83.72782135009766,51.258975982666016,102.42838287353516,91.3327407836914,34.79087829589844,33.25541687011719,29.906036376953125,82.61395263671875,62.498870849609375,64.85365295410156,30.91826629638672,119.76653289794922,67.59748077392578,57.81376647949219
2022-06-29,54.823883056640625,83.22212982177734,50.9893684387207,100.62378692626953,91.4864273071289,34.54045104980469,32.09973907470703,29.737342834472656,82.13286590576172,62.62523651123047,65.26078796386719,30.940570831298828,120.80984497070312,67.5442123413086,56.48155975341797
2022-06-30,53.91795349121094,83.05958557128906,50.79610824584961,99.36543273925781,90.31462860107422,34.132347106933594,31.423030853271484,29.474924087524414,82.38755798339844,61.789207458496094,65.30603790283203,31.2840576171875,120.53728485107422,66.55184173583984,54.950950622558594
2022-07-01,54.80188751220703,84.6218032836914,51.39735412597656,95.59040069580078,91.26551818847656,34.373497009277344,31.893213272094727,29.877920150756836,83.10446166992188,61.93016815185547,66.24700164794922,32.05133056640625,121.89078521728516,67.77656555175781,55.489501953125
2022-07-05,56.21977996826172,84.2696304321289,51.165924072265625,96.09276580810547,93.23450469970703,33.6824951171875,30.62767791748047,29.774826049804688,81.85931396484375,62.70787048339844,65.82176208496094,30.958412170410156,121.18582916259766,69.29175567626953,57.53977584838867
2022-07-06,56.299774169921875,84.26060485839844,51.04902267456055,96.74632263183594,93.08085632324219,33.89582443237305,30.10477066040039,29.69985580444336,82.33096313476562,63.24740982055664,66.01174926757812,31.27959632873535,122.00358581542969,69.0642318725586,56.188663482666016
2022-07-07,57.43169021606445,84.40509033203125,51.8387565612793,101.21395111083984,94.62721252441406,34.197265625,31.19013786315918,30.130966186523438,83.30255126953125,64.554931640625,66.07510375976562,31.24837303161621,122.5205307006836,70.84566497802734,58.26728439331055
2022-07-08,57.23170471191406,83.98969268798828,51.526214599609375,101.76020050048828,94.2718505859375,33.863372802734375,31.176950454711914,30.06536102294922,82.92526245117188,64.58409881591797,65.95748138427734,31.145774841308594,122.88712310791016,70.8553466796875,57.8515625
2022-07-11,56.24577713012695,83.82714080810547,50.982215881347656,99.32154083251953,91.66891479492188,33.77061462402344,30.87814712524414,29.821685791015625,82.36869812011719,63.69458770751953,65.86699676513672,31.34204864501953,122.57695770263672,68.91416931152344,56.54771041870117
2022-07-12,54.15393829345703,83.40274047851562,50.80804443359375,99.28251647949219,91.67851257324219,33.705684661865234,30.276138305664062,29.634254455566406,82.11399841308594,62.824527740478516,65.67699432373047,31.190380096435547,121.01663970947266,68.49786376953125,56.53826141357422
2022-07-13,53.65597152709961,83.0505599975586,50.26643753051758,100.06776428222656,91.0638198852539,33.51091003417969,30.227807998657227,29.371835708618164,81.11410522460938,62.65927505493164,65.72223663330078,31.061016082763672,119.84171295166016,69.05938720703125,56.528812408447266
2022-07-14,53.19200897216797,82.23784637451172,50.03022766113281,102.17964935302734,89.94964599609375,32.89411163330078,29.656557083129883,28.809511184692383,80.65189361572266,63.232845306396484,65.77651977539062,31.061016082763672,119.49394226074219,69.00129699707031,55.81074142456055
2022-07-15,54.52390670776367,83.63752746582031,51.15399932861328,104.75973510742188,92.120361328125,33.40888214111328,30.139925003051758,29.784198760986328,81.91590881347656,64.34593200683594,65.99365997314453,31.119007110595703,122.3795394897461,70.11469268798828,57.15238952636719
2022-07-18,54.19393539428711,82.96024322509766,51.373497009277344,103.98424530029297,91.77459716796875,33.487728118896484,30.829822540283203,29.671737670898438,81.42539978027344,63.7237663269043,65.35128021240234,30.68630027770996,119.79473876953125,70.31800079345703,58.11611557006836
2022-07-19,55.757816314697266,85.10040283203125,53.19395065307617,108.73475646972656,94.75208282470703,34.50798797607422,31.778961181640625,30.562070846557617,84.33074188232422,65.66806030273438,66.03890228271484,30.882585525512695,121.83436584472656,72.4721908569336,60.06245040893555
2022-07-20,57.625675201416016,84.84756469726562,53.580474853515625,111.29533386230469,96.19282531738281,34.56828308105469,32.08655548095703,30.674541473388672,84.98162841796875,66.69366455078125,65.59557342529297,30.472177505493164,120.63125610351562,73.66301727294922,61.18678665161133
2022-07-21,58.661598205566406,85.58802795410156,53.39913558959961,113.1633529663086,96.10637664794922,35.059844970703125,31.524097442626953,30.871355056762695,85.59477233886719,67.63176727294922,65.79461669921875,30.55246925354004,122.53931427001953,75.34764099121094,61.290714263916016
2022-07-22,57.4456901550293,86.10276794433594,53.1295280456543,110.60276794433594,92.55258178710938,34.80942916870117,31.26484489440918,30.693286895751953,85.32120513916016,66.69849395751953,66.2289047241211,30.971797943115234,122.03176879882812,74.9119644165039,60.24197006225586
2022-07-25,56.743743896484375,86.22918701171875,53.40869140625,109.91993713378906,92.31245422363281,34.95319366455078,32.411739349365234,30.890092849731445,85.7268295288086,66.275634765625,66.55460357666016,31.359893798828125,122.67094421386719,74.26812744140625,59.46720886230469
2022-07-26,54.98587417602539,86.28337097167969,52.44716262817383,108.26165008544922,90.57395935058594,34.7166748046875,32.1173095703125,30.458980560302734,85.2646255493164,65.20142364501953,66.40081787109375,31.547256469726562,123.30067443847656,71.87676239013672,56.99177169799805
2022-07-27,57.335697174072266,87.00577545166016,53.434932708740234,113.32917785644531,94.2334213256836,35.13405227661133,32.84236145019531,30.927593231201172,86.58525085449219,68.00604248046875,66.8531723022461,31.574010848999023,124.0714340209961,74.5973129272461,58.46569061279297
2022-07-28,58.40361785888672,89.89544677734375,54.45610046386719,114.7143325805664,93.46502685546875,35.7554817199707,33.02691650390625,31.152509689331055,88.39636993408203,69.04136657714844,67.92082214355469,32.70708465576172,124.86097717285156,75.8801498413086,59.627830505371094
2022-07-29,59.05756759643555,90.41918182373047,55.57032775878906,115.67028045654297,93.66675567626953,36.233154296875,34.45943832397461,31.592994689941406,90.2169189453125,70.10099029541016,67.39604949951172,32.98811340332031,124.4473648071289,78.8233642578125,60.100250244140625
2022-08-01,59.003570556640625,89.66063690185547,55.880496978759766,115.90438842773438,93.57067108154297,35.940982818603516,33.7475700378418,31.330575942993164,90.3112564086914,69.9503173828125,68.23747253417969,33.023799896240234,123.5262680053711,79.2154769897461,61.498565673828125
2022-08-02,59.1015625,88.50479125976562,55.4653434753418,115.66539764404297,93.65714263916016,35.57461929321289,33.6684684753418,30.983810424804688,89.35852813720703,69.45453643798828,67.69461059570312,32.95688247680664,123.08450317382812,78.67328643798828,60.903343200683594
2022-08-03,60.99542236328125,88.78472137451172,56.27655792236328,118.43084716796875,95.88546752929688,35.611724853515625,32.701744079589844,31.452411651611328,90.19806671142578,71.30159759521484,68.137939453125,33.16208267211914,124.21240997314453,80.59025573730469,62.65127182006836
2022-08-04,61.103416442871094,88.73954772949219,56.758506774902344,119.63552856445312,96.11598205566406,35.634910583496094,31.48894500732422,31.34933090209961,90.52821350097656,71.62725830078125,67.6855697631836,33.23345184326172,123.60147094726562,80.9194564819336,62.55678939819336
2022-08-05,61.21940612792969,88.99239349365234,57.10685348510742,118.82102966308594,95.46286010742188,35.7601203918457,32.1129264831543,31.574243545532227,90.66972351074219,71.46199035644531,67.53174591064453,33.11301803588867,123.55448150634766,79.539794921875,63.218162536621094
2022-08-08,61.22340774536133,89.70580291748047,57.1092414855957,116.76768493652344,96.06795501708984,35.95954132080078,32.279911041259766,31.55550193786621,90.64140319824219,70.85441589355469,67.49556732177734,33.16208267211914,123.84584045410156,79.89803314208984,65.49519348144531
2022-08-09,60.299476623535156,90.23858642578125,56.655921936035156,111.88060760498047,95.12666320800781,35.78331756591797,32.84675979614258,31.714826583862305,90.3112564086914,70.14473724365234,67.39604949951172,33.5323371887207,123.4698715209961,78.6249008178711,62.981964111328125
2022-08-10,62.58330535888672,91.58406829833984,58.509761810302734,116.41163635253906,97.56632995605469,36.79893493652344,33.084049224853516,32.42710494995117,92.29218292236328,72.05984497070312,67.89366912841797,33.6795539855957,124.81396484375,80.84199523925781,65.08890533447266
2022-08-11,61.873355865478516,91.26802062988281,58.84618377685547,116.38725280761719,97.88329315185547,36.92414474487305,34.22215270996094,32.81135940551758,92.7826919555664,71.77793884277344,67.7308120727539,33.675079345703125,124.0056381225586,80.43053436279297,66.35497283935547
2022-08-12,63.06926727294922,92.73090362548828,59.22554397583008,119.67455291748047,99.58334350585938,37.619781494140625,34.48141098022461,33.32681655883789,94.17877960205078,73.20699310302734,68.31891632080078,34.2237663269043,125.59412384033203,82.25067138671875,67.47932434082031
2022-08-15,63.44524002075195,93.18241882324219,59.15873336791992,120.21593475341797,100.01557922363281,37.596588134765625,33.8090934753418,33.317440032958984,94.40516662597656,73.66875457763672,68.99748229980469,34.50926208496094,126.22386169433594,82.81707000732422,67.5360107421875
2022-08-16,63.08126449584961,92.83927917480469,59.57150650024414,118.86004638671875,100.25566864013672,37.80528259277344,33.72999572753906,33.56111145019531,94.82965850830078,73.4694595336914,69.77558135986328,34.60740661621094,125.88552856445312,83.73197174072266,70.24764251708984
2022-08-17,62.03534698486328,92.45098114013672,58.59566116333008,116.3092041015625,98.09458923339844,37.2858772277832,34.011226654052734,33.39242172241211,94.07501983642578,72.94452667236328,69.5765380859375,34.54941177368164,125.15233612060547,82.83158874511719,68.24462127685547
2022-08-18,61.98334884643555,91.7375717163086,58.889137268066406,117.93335723876953,97.83525848388672,37.40181350708008,34.92522430419922,33.429901123046875,94.45231628417969,73.32363891601562,69.81177520751953,34.67877960205078,124.5977783203125,82.80738067626953,67.76276397705078
2022-08-19,60.60945129394531,90.89778137207031,57.9633903503418,114.6119155883789,96.15441131591797,36.715457916259766,34.91643524169922,32.76449966430664,93.23546600341797,71.99182891845703,69.58558654785156,34.66093063354492,124.93617248535156,81.09856414794922,65.58966827392578
2022-08-22,58.96157455444336,89.0014419555664,57.111629486083984,110.61739349365234,93.4842300415039,36.131126403808594,34.85051727294922,32.0428466796875,91.46208953857422,69.98433685302734,68.87986755371094,34.188087463378906,123.30067443847656,78.84757995605469,63.52049255371094
2022-08-23,58.833587646484375,87.81848907470703,57.168888092041016,111.33435821533203,92.7927017211914,36.48821258544922,36.107269287109375,31.911638259887695,91.63186645507812,69.79964447021484,68.581298828125,33.98288345336914,121.58061218261719,79.07025909423828,63.633880615234375
2022-08-24,59.209556579589844,88.34223937988281,57.36691665649414,111.26119995117188,93.24413299560547,36.56706237792969,36.55108642578125,32.0803337097168,91.9337158203125,69.84339141845703,68.7531967163086,34.08994674682617,121.73098754882812,79.40910339355469,62.953609466552734
2022-08-25,59.70951843261719,89.70580291748047,58.14950180053711,114.99720764160156,95.0306396484375,37.397178649902344,36.83230972290039,32.577056884765625,93.33924102783203,71.02452850341797,69.06986236572266,34.29959487915039,123.07511138916016,80.35791015625,64.1629867553711
2022-08-26,57.591678619384766,87.50243377685547,56.13339614868164,108.60306549072266,91.9090347290039,36.251708984375,36.40168380737305,31.602367401123047,90.1037368774414,67.99147033691406,67.35984802246094,33.77322006225586,119.64434814453125,77.29847717285156,61.933204650878906
2022-08-29,56.74574279785156,86.7258529663086,55.74449920654297,106.58872985839844,91.2463150024414,35.996639251708984,36.95095443725586,31.377437591552734,89.69810485839844,67.09223175048828,67.25127410888672,33.875823974609375,118.80779266357422,76.88703155517578,61.67809295654297
2022-08-30,56.627750396728516,85.46160888671875,54.94044494628906,105.36940002441406,90.33384704589844,35.40767288208008,35.69860076904297,31.208742141723633,88.40579986572266,66.39228057861328,66.55460357666016,33.38066482543945,118.01824951171875,76.03020477294922,61.00727844238281
2022-08-31,56.25177764892578,85.11846923828125,54.541996002197266,104.6524429321289,90.4202880859375,34.971744537353516,35.37343215942383,30.97443962097168,87.66059112548828,65.74581909179688,66.1474609375,33.16208267211914,117.26629638671875,75.27986907958984,59.92072677612305
2022-09-01,55.44384002685547,85.27198791503906,54.766273498535156,102.36497497558594,90.99658966064453,34.51262664794922,34.50337600708008,31.06816864013672,87.7832260131836,65.42501068115234,66.5184097290039,33.6393928527832,119.19315338134766,75.96726989746094,59.77900314331055
2022-09-02,55.08186340332031,84.1702880859375,54.33680725097656,101.36026000976562,89.43097686767578,34.48015594482422,35.136146545410156,30.824485778808594,86.93424987792969,64.57440948486328,65.64984893798828,33.2780647277832,117.48247528076172,75.27018737792969,59.240455627441406
2022-09-06,54.64789962768555,85.13653564453125,54.45133590698242,100.22872161865234,88.28799438476562,34.373497009277344,34.810977935791016,30.749521255493164,87.07573699951172,64.14665222167969,65.27889251708984,33.362823486328125,117.59526824951172,75.11528778076172,58.928653717041016
2022-09-07,55.779815673828125,86.79808044433594,55.04304122924805,101.82847595214844,89.85360717773438,35.324188232421875,34.40671157836914,31.358692169189453,88.4718246459961,65.1722412109375,66.455078125,34.406673431396484,119.51274871826172,77.41950988769531,60.83720779418945
2022-09-08,56.52975845336914,87.05093383789062,55.16472625732422,103.2087631225586,89.82478332519531,35.66737365722656,34.55611038208008,31.911638259887695,88.73594665527344,65.39583587646484,66.28318786621094,34.37990188598633,121.59000396728516,78.14080810546875,60.70492172241211
2022-09-09,58.13763427734375,87.88170623779297,56.17157745361328,105.76935577392578,92.37968444824219,36.205322265625,35.41737365722656,32.202178955078125,89.88677215576172,66.68878936767578,66.93462371826172,34.51818084716797,122.66155242919922,79.6220932006836,62.36781692504883
2022-09-12,58.87558364868164,88.64025115966797,56.80145263671875,106.03272247314453,93.08085632324219,36.54386901855469,36.067718505859375,32.4645881652832,90.42445373535156,67.75814056396484,67.19699096679688,34.84828567504883,123.47925567626953,80.64836120605469,63.444923400878906
2022-09-13,56.12778854370117,85.36227416992188,54.6946907043457,99.72148895263672,88.268798828125,35.24071502685547,35.158119201660156,31.255605697631836,87.01913452148438,64.1612319946289,64.95318603515625,33.92042922973633,119.39996337890625,76.49008178710938,59.77900314331055
2022-09-14,56.155784606933594,84.2425308227539,54.410770416259766,100.80424499511719,88.4224624633789,34.80942916870117,36.15121078491211,31.161888122558594,86.84934997558594,64.39454650878906,64.926025390625,34.19700622558594,119.46575927734375,77.47276306152344,59.684513092041016
2022-09-15,54.34592056274414,82.6983871459961,53.75702667236328,99.00939178466797,87.90379333496094,34.350311279296875,35.219635009765625,31.264976501464844,85.94379425048828,62.91201400756836,64.38316345214844,33.34498596191406,120.13310241699219,77.07584381103516,59.911277770996094
2022-09-16,53.323997497558594,82.63516998291016,51.44984817504883,99.45323181152344,86.91451263427734,33.807716369628906,34.46822738647461,30.983810424804688,84.15151977539062,62.56206130981445,64.53699493408203,33.22006607055664,119.79473876953125,76.45619201660156,59.04204559326172
2022-09-19,53.539981842041016,82.52681732177734,52.33979034423828,100.1067886352539,87.25067138671875,34.36737060546875,34.4886589050293,31.33522605895996,85.29362487792969,63.072242736816406,64.96591186523438,33.665138244628906,119.14925384521484,77.53797149658203,59.78592300415039
2022-09-20,52.7540397644043,80.5130844116211,51.39259338378906,98.72164154052734,85.80034637451172,33.71444320678711,34.248779296875,30.873586654663086,84.23209381103516,62.70191192626953,64.61075592041016,33.175621032714844,117.75259399414062,76.22335052490234,58.22785186767578
2022-09-21,52.02809524536133,79.29400634765625,50.641021728515625,97.89736938476562,83.84097290039062,32.97756576538086,33.746822357177734,30.232938766479492,83.11366271972656,61.722496032714844,64.36489868164062,32.72200393676758,115.7991943359375,74.41876983642578,57.59133529663086
2022-09-22,51.23015594482422,78.50837707519531,49.30490493774414,95.18557739257812,83.16860961914062,32.58114242553711,33.62688446044922,29.72418975830078,81.86256408691406,61.09391784667969,64.27381896972656,32.605247497558594,116.41258239746094,72.70154571533203,56.118770599365234
2022-09-23,50.452213287353516,77.47895050048828,48.157291412353516,93.82481384277344,81.5357894897461,31.914222717285156,31.308095932006836,29.253122329711914,80.32711791992188,60.294795989990234,63.18102264404297,32.227996826171875,115.81806182861328,71.02793884277344,55.4632453918457
2022-09-26,50.14023971557617,75.38287353515625,47.43879318237305,92.7322998046875,80.13345336914062,31.396541595458984,30.539600372314453,28.791481018066406,79.4835433959961,59.875736236572266,63.226558685302734,31.45104217529297,114.71395111083984,70.86785888671875,54.59871292114258
2022-09-27,50.5282096862793,74.3061294555664,47.78355026245117,93.43463897705078,79.85491943359375,31.466501235961914,30.881654739379883,28.669004440307617,79.21814727783203,59.95370101928711,62.13378143310547,30.921092987060547,114.36479949951172,71.09101867675781,55.197235107421875
2022-09-28,51.618125915527344,75.74789428710938,48.88010787963867,94.62468719482422,82.3472900390625,32.27799606323242,32.24983215332031,29.234281539916992,80.96212768554688,60.587158203125,62.880516052246094,31.253429412841797,116.86553955078125,73.01199340820312,57.0973014831543
2022-09-29,50.754188537597656,73.58522033691406,48.02297592163086,91.6446533203125,80.31604766845703,31.802289962768555,32.24983215332031,28.86684799194336,79.55936431884766,59.008399963378906,61.842376708984375,30.00042152404785,115.88410949707031,70.48949432373047,54.45621109008789
2022-09-30,50.022247314453125,74.2969970703125,47.06050109863281,90.28876495361328,79.29562377929688,31.71834373474121,31.992183685302734,28.603057861328125,78.51676177978516,57.877925872802734,60.7678108215332,29.421072006225586,114.28927612304688,69.10211181640625,53.62017059326172
2022-10-03,51.46613693237305,75.68401336669922,48.183387756347656,93.52729034423828,81.58678436279297,32.74904251098633,33.80012130737305,29.375600814819336,80.88629913330078,59.671085357666016,61.8150520324707,30.283357620239258,116.6390380859375,69.17001342773438,54.921722412109375
2022-10-04,53.4019889831543,77.1531753540039,50.12987518310547,97.52670288085938,84.11860656738281,33.952301025390625,35.252708435058594,30.468469619750977,83.70130920410156,61.67376708984375,62.753013610839844,30.925580978393555,119.34741973876953,71.5858154296875,57.44883346557617
2022-10-05,53.613975524902344,75.61100769042969,49.64385223388672,98.49239349365234,83.4062271118164,33.569862365722656,35.98120880126953,30.232938766479492,83.2463607788086,61.87841033935547,62.388771057128906,30.23845100402832,119.74378204345703,71.16378021240234,57.011802673339844
2022-10-06,53.45598602294922,73.47571563720703,49.3302116394043,97.8193359375,82.96340942382812,33.215423583984375,36.62088394165039,29.80898094177246,82.2890853881836,61.37166213989258,61.478118896484375,29.24142837524414,118.21499633789062,70.6592788696289,56.641300201416016
2022-10-07,51.326148986816406,71.75106048583984,47.88889694213867,91.98606872558594,80.67223358154297,32.394596099853516,36.33658218383789,29.10238265991211,80.71570587158203,58.847599029541016,60.558349609375,28.635128021240234,115.71426391601562,68.22894287109375,55.349239349365234
2022-10-10,49.872257232666016,70.94805908203125,47.838619232177734,88.91336822509766,80.28716278076172,32.46455001831055,35.590309143066406,28.970483779907227,81.00006103515625,57.85844039916992,60.776912689208984,28.68453598022461,114.98761749267578,67.8069076538086,55.09273147583008
2022-10-11,48.998321533203125,71.73282623291016,47.36457061767578,86.10890197753906,78.92979431152344,32.21269607543945,35.30601119995117,28.603057861328125,80.98108673095703,56.97160720825195,61.27777099609375,28.58123779296875,115.60101318359375,67.2538833618164,55.70075225830078
2022-10-12,49.0283203125,70.9206771850586,47.7213134765625,85.5919189453125,78.73725891113281,31.970190048217773,35.590309143066406,28.537105560302734,80.34605407714844,56.79618835449219,61.605594635009766,27.629131317138672,115.0347900390625,67.42852783203125,55.558250427246094
2022-10-13,49.710269927978516,72.07958221435547,48.511390686035156,88.2110366821289,80.49895477294922,32.9076042175293,37.042877197265625,29.714767456054688,82.11847686767578,58.56011199951172,62.62552261352539,28.32075309753418,117.71484375,68.16587829589844,56.270774841308594
2022-10-14,48.406368255615234,70.23628997802734,47.97509002685547,84.45061492919922,79.07418823242188,31.79762840270996,35.661380767822266,29.21544075012207,80.31764221191406,56.91313552856445,61.4963264465332,27.91206932067871,116.92216491699219,65.61912536621094,54.46570587158203
2022-10-17,50.25022888183594,72.82785034179688,49.01417922973633,86.45032501220703,81.66380310058594,32.59047317504883,36.1055908203125,29.95030403137207,82.07108306884766,58.64781188964844,62.161102294921875,28.495906829833984,118.80009460449219,68.28231048583984,56.01426315307617
2022-10-18,51.10216522216797,73.64911651611328,49.78990173339844,86.4698257446289,82.28953552246094,33.22940444946289,36.420989990234375,30.4307861328125,84.05201721191406,59.14482879638672,62.97158432006836,29.01687240600586,119.46066284179688,69.223388671875,56.850303649902344
2022-10-19,50.51420974731445,71.81494903564453,49.2559928894043,87.16728210449219,82.02960968017578,32.837650299072266,37.4959831237793,29.93145751953125,83.45487213134766,58.97429275512695,62.680179595947266,28.639623641967773,117.79035186767578,68.44723510742188,55.27323913574219
2022-10-20,50.88418197631836,71.47732543945312,47.776371002197266,87.85986328125,82.3376693725586,32.59980010986328,37.53152084350586,29.450971603393555,81.8151626586914,59.008399963378906,61.805946350097656,27.91655731201172,116.7900619506836,67.1229019165039,54.56071090698242
2022-10-21,51.77211380004883,71.9700698852539,48.71969223022461,90.888671875,82.80937957763672,33.72842788696289,38.615394592285156,30.327152252197266,84.06148529052734,60.587158203125,62.753013610839844,28.433034896850586,119.41348266601562,69.07786560058594,55.900264739990234
2022-10-24,52.218082427978516,71.91532897949219,49.572025299072266,91.17643737792969,83.30996704101562,33.53255081176758,38.79751968383789,30.732267379760742,85.17992401123047,61.425262451171875,63.882232666015625,28.67106056213379,121.71604919433594,69.36406707763672,56.603294372558594
2022-10-25,53.519981384277344,74.78063201904297,50.24958801269531,92.6201171875,85.50487518310547,34.362701416015625,38.837501525878906,31.099699020385742,86.32675170898438,62.599586486816406,64.72003173828125,29.245922088623047,122.6408920288086,71.10071563720703,58.86438751220703
2022-10-26,52.582054138183594,74.92662811279297,50.58477783203125,91.71293640136719,83.03077697753906,34.60521697998047,39.366111755371094,31.175067901611328,86.63005828857422,61.20598602294922,65.14803314208984,29.232440948486328,123.99977111816406,70.5282974243164,58.75038528442383
2022-10-27,52.904029846191406,75.06350708007812,50.33816909790039,90.56676483154297,80.29680633544922,34.51662063598633,39.508262634277344,31.4294490814209,87.64421844482422,60.50918960571289,65.2026596069336,29.46598243713379,123.3486328125,70.25664520263672,59.13039779663086
2022-10-28,53.85396194458008,76.73340606689453,50.95827102661133,94.02477264404297,82.40505981445312,34.86172866821289,39.64596176147461,32.211402893066406,89.68201446533203,63.140445709228516,66.63240051269531,30.274375915527344,125.37754821777344,70.31971740722656,60.0139274597168
2022-10-31,53.51598358154297,76.64215850830078,50.87207794189453,92.28845977783203,81.3172378540039,34.54925537109375,39.979122161865234,32.0135612487793,89.42610168457031,62.307212829589844,66.2408218383789,29.991437911987305,125.27372741699219,69.86857604980469,59.61491775512695
2022-11-01,52.816036224365234,76.49616241455078,51.11868667602539,92.92738342285156,80.63372802734375,34.63786315917969,40.3655891418457,32.09836196899414,89.3407974243164,61.78583908081055,66.0313720703125,30.108205795288086,125.3492202758789,69.16034698486328,59.87141799926758
2022-11-02,50.39421844482422,74.44300079345703,49.63667297363281,90.26437377929688,78.21741485595703,33.737754821777344,39.392765045166016,31.6932430267334,87.7674331665039,59.651588439941406,64.88395690917969,29.816286087036133,123.21651458740234,66.54564666748047,57.36332702636719
2022-11-03,49.13031005859375,74.38823699951172,49.756385803222656,89.20600128173828,76.33058166503906,33.994266510009766,40.121273040771484,31.372909545898438,88.68681335449219,57.897422790527344,64.66539001464844,29.946523666381836,122.6974868774414,66.14787292480469,57.885841369628906
2022-11-04,48.350372314453125,75.41937255859375,50.611114501953125,93.35171508789062,76.68677520751953,35.174198150634766,40.60990905761719,31.94761848449707,90.10853576660156,58.954795837402344,65.43033599853516,30.130653381347656,123.44300842285156,66.70088958740234,57.781333923339844
2022-11-07,48.9923210144043,75.46501159667969,51.26233673095703,95.1953353881836,77.82270812988281,35.44936752319336,41.30732345581055,32.2679443359375,91.0752944946289,59.939090728759766,66.0131607055664,29.555803298950195,124.76416015625,66.23519897460938,58.33235549926758
2022-11-08,49.64827346801758,75.811767578125,51.652591705322266,97.24868774414062,78.01525115966797,36.06031799316406,41.34729766845703,32.45636749267578,91.8714599609375,60.514060974121094,66.20439147949219,29.76238250732422,125.38694763183594,66.07025146484375,58.50337219238281
2022-11-09,48.556358337402344,75.06350708007812,50.6925163269043,94.60517883300781,76.33058166503906,35.47734451293945,39.32612991333008,31.909927368164062,90.59192657470703,58.940185546875,65.4849624633789,29.528858184814453,124.03754425048828,64.05225372314453,56.4417839050293
2022-11-10,52.966026306152344,80.52945709228516,53.702030181884766,104.27201080322266,80.81661987304688,37.440792083740234,40.201229095458984,33.52096939086914,94.39263916015625,63.783634185791016,67.02397918701172,30.921092987060547,127.18941497802734,68.73344421386719,60.859466552734375
2022-11-11,54.321922302246094,80.33785247802734,54.920684814453125,107.69100189208984,83.10779571533203,37.89318084716797,41.3695068359375,33.794193267822266,94.33577728271484,64.87512969970703,66.95111846923828,30.575279235839844,125.6323471069336,70.38277435302734,62.28451919555664
2022-11-14,53.65397262573242,78.49455261230469,54.78181838989258,106.6716537475586,82.76124572753906,37.841880798339844,41.356178283691406,33.3137092590332,93.7575912475586,64.31964874267578,66.4229507446289,30.211498260498047,125.7455825805664,69.26705932617188,61.52450180053711
2022-11-15,54.8898811340332,79.39796447753906,55.15052795410156,110.03211975097656,84.13786315917969,37.785919189453125,41.7915153503418,33.389076232910156,94.40211486816406,65.0992660522461,66.97843933105469,30.543840408325195,125.58512878417969,70.21299743652344,63.11106872558594
2022-11-16,53.75196838378906,78.67705535888672,54.003700256347656,106.07174682617188,83.20407104492188,37.41748046875,40.938621520996094,33.22890853881836,93.71968841552734,64.20756530761719,67.30628967285156,30.81779670715332,125.52855682373047,69.14092254638672,60.764461517333984
2022-11-17,52.60605239868164,78.04743957519531,53.4673957824707,106.87161254882812,82.63609313964844,37.0583610534668,41.027462005615234,33.04991149902344,93.55856323242188,64.29041290283203,67.28805541992188,30.278865814208984,125.471923828125,68.30170440673828,61.1159782409668
2022-11-18,52.37007141113281,79.01469421386719,53.960601806640625,107.06671905517578,82.24139404296875,37.30554962158203,40.70318603515625,33.323123931884766,94.25048828125,64.36349487304688,68.00748443603516,30.921092987060547,126.99124145507812,68.39389038085938,61.70499801635742
2022-11-21,51.73211669921875,79.44359588623047,54.05638122558594,105.19381713867188,81.52902221679688,37.43147277832031,40.152366638183594,33.4267578125,94.55376434326172,63.671566009521484,68.654052734375,31.06031036376953,127.04786682128906,67.40425872802734,61.43899154663086
2022-11-22,52.654048919677734,79.84507751464844,54.2526969909668,108.25189208984375,82.72274017333984,38.280269622802734,41.409488677978516,33.765926361083984,95.2835922241211,64.90436553955078,69.15489196777344,31.325288772583008,128.15196228027344,68.16587829589844,63.10154342651367
2022-11-23,53.42599105834961,79.95458984375,54.55915451049805,109.19322204589844,83.84906768798828,38.42951202392578,40.96084213256836,33.907249450683594,95.64375305175781,65.47935485839844,69.39167785644531,31.675586700439453,128.6615753173828,69.150634765625,63.31057357788086
2022-11-25,53.301998138427734,80.48384857177734,54.698028564453125,107.91048431396484,83.42549896240234,38.41553497314453,40.8098030090332,34.02030563354492,96.0134048461914,65.0992660522461,69.43719482421875,31.859725952148438,129.4259490966797,69.18944549560547,63.27256393432617
2022-11-28,52.4980583190918,78.26641845703125,53.57752990722656,105.36453247070312,82.05848693847656,37.55738830566406,39.69037628173828,33.43617630004883,94.2694091796875,63.70567321777344,69.17312622070312,31.531877517700195,128.4539337158203,68.76254272460938,62.68354415893555
2022-11-29,52.08808898925781,79.57132720947266,54.53520965576172,105.07676696777344,82.04887390136719,37.683311462402344,40.290069580078125,33.634029388427734,94.84757995605469,63.081974029541016,68.9090347290039,31.29833984375,128.13308715820312,68.54426574707031,62.70253372192383
2022-11-30,54.37391662597656,81.36898803710938,55.887939453125,111.07097625732422,85.4952392578125,38.592750549316406,40.48997116088867,34.20872497558594,96.4114990234375,66.24923706054688,70.29322052001953,32.07979202270508,131.19064331054688,70.90667724609375,63.9185905456543
2022-12-01,54.97787094116211,81.26860046386719,55.643733978271484,110.71492767333984,85.89956665039062,38.63938903808594,40.35669708251953,34.01087188720703,96.43991088867188,66.34181213378906,69.97447967529297,32.0528450012207,131.56809997558594,70.89697265625,63.05405044555664
2022-12-02,54.36991882324219,81.01310729980469,55.42824935913086,109.19322204589844,85.99583435058594,39.06379318237305,40.11682891845703,33.85071563720703,96.98963928222656,65.95687866210938,70.29322052001953,31.9001407623291,131.90782165527344,70.80481719970703,63.671573638916016
2022-12-05,52.342071533203125,79.56221008300781,54.04200744628906,107.89097595214844,84.43628692626953,38.28960037231445,38.92634582519531,33.0122184753418,95.36890411376953,64.86051177978516,69.40988159179688,31.72050666809082,130.64329528808594,68.76254272460938,62.13251495361328
2022-12-06,51.454139709472656,78.81394958496094,53.417118072509766,105.52548217773438,82.068115234375,37.94914245605469,37.90020751953125,32.72016906738281,94.2409896850586,63.47178268432617,68.98188018798828,31.918107986450195,129.65240478515625,67.69049072265625,61.685997009277344
2022-12-07,51.1861572265625,78.96907043457031,52.9095573425293,105.50109100341797,81.45199584960938,37.86520004272461,37.811370849609375,32.588260650634766,94.1177749633789,63.15019989013672,69.27328491210938,31.769908905029297,130.71878051757812,67.28299713134766,61.628997802734375
2022-12-08,52.112091064453125,79.57132720947266,53.22319030761719,108.18849182128906,81.35575103759766,38.1450309753418,37.6425666809082,32.61653518676758,94.67698669433594,64.1832046508789,69.64665985107422,31.97649383544922,131.89840698242188,67.93303680419922,62.19902038574219
2022-12-09,51.86211013793945,79.47095489501953,53.04123306274414,107.32032012939453,81.51939392089844,37.76726150512695,36.72748947143555,32.531734466552734,93.89977264404297,63.78851318359375,69.10936737060547,31.81032371520996,130.2091827392578,67.63712310791016,61.0019645690918
2022-12-12,53.100013732910156,80.05496978759766,54.51606369018555,109.23224639892578,82.19327545166016,38.093727111816406,37.69142532348633,32.965118408203125,95.51105499267578,65.18209838867188,69.83788299560547,32.53788375854492,131.59645080566406,67.8069076538086,61.324981689453125
2022-12-13,53.96394729614258,81.55026245117188,54.43648910522461,111.05146789550781,83.43511962890625,38.6207275390625,38.4066047668457,33.04991149902344,95.87122344970703,65.95201110839844,69.73771667480469,32.636680603027344,132.00218200683594,67.8069076538086,60.97346496582031
2022-12-14,53.84796142578125,80.997802734375,54.611976623535156,109.13957214355469,82.56871032714844,38.205657958984375,38.17118835449219,32.63536834716797,95.6911392211914,65.39651489257812,69.69218444824219,32.59626007080078,132.20980834960938,67.30240631103516,60.98297119140625
2022-12-15,51.972103118896484,79.8376693725586,53.2105598449707,104.98410034179688,79.43863677978516,37.03970718383789,37.940189361572266,31.994720458984375,93.37847137451172,62.95042037963867,68.50834655761719,32.20104217529297,129.7845458984375,66.19639587402344,59.206390380859375
2022-12-16,51.58012771606445,77.82122802734375,52.65287399291992,104.16958618164062,79.1588134765625,36.881141662597656,37.47377014160156,31.749767303466797,92.98039245605469,62.117183685302734,68.1714096069336,31.653133392333984,127.89717864990234,64.95938873291016,58.47487258911133
2022-12-19,50.81818389892578,76.90050506591797,51.95576858520508,102.93688201904297,77.52816772460938,36.401893615722656,37.469276428222656,31.664438247680664,92.49090576171875,61.288883209228516,68.12828826904297,31.52726173400879,127.41961669921875,63.916500091552734,57.39558792114258
2022-12-20,51.08416748046875,76.68871307373047,51.28030014038086,102.43374633789062,78.03955078125,36.64128112792969,38.03475570678711,31.797168731689453,92.60517883300781,61.38172912597656,68.07325744628906,31.53631591796875,127.39118194580078,63.1722526550293,56.638362884521484
2022-12-21,51.67612075805664,77.48058319091797,52.140865325927734,104.72254943847656,79.13953399658203,36.960472106933594,38.75729751586914,32.29014587402344,94.34794616699219,62.398170471191406,68.75196838378906,31.97551918029785,129.068359375,64.17916870117188,57.874847412109375
2022-12-22,50.686195373535156,77.16751861572266,51.67451858520508,100.3817138671875,78.48341369628906,36.603736877441406,37.86421203613281,32.005733489990234,93.14802551269531,60.82465744018555,68.59605407714844,31.780826568603516,128.88833618164062,62.530174255371094,56.83007049560547
2022-12-23,50.65819549560547,77.83045196533203,52.09038543701172,100.3718490600586,79.12022399902344,36.857200622558594,39.071449279785156,32.18586730957031,93.70037841796875,60.88817596435547,68.9537582397461,32.10683059692383,128.9641571044922,62.95821762084961,57.88442611694336
2022-12-27,50.34422302246094,77.77519989013672,51.8836555480957,98.57632446289062,78.38691711425781,36.89005661010742,39.48881530761719,32.17638397216797,93.9860610961914,60.31154251098633,69.28394317626953,32.30604934692383,128.63250732421875,61.93672180175781,57.223052978515625
2022-12-28,49.79226303100586,76.45853424072266,50.9630012512207,97.32340240478516,77.22905731201172,36.326786041259766,38.604713439941406,32.0626106262207,92.7575454711914,59.33909606933594,68.42179107666016,31.998151779174805,127.79861450195312,61.416255950927734,56.37956619262695
2022-12-29,51.26415252685547,78.16190338134766,51.75385665893555,100.50010681152344,79.29389953613281,36.72107696533203,39.00862503051758,32.508201599121094,93.90035247802734,60.893062591552734,68.71529388427734,32.22908020019531,129.1915283203125,62.99713897705078,57.778987884521484
2022-12-30,51.16615676879883,77.51739501953125,51.333187103271484,100.10548400878906,79.3614501953125,36.46290588378906,39.25545883178711,32.422874450683594,93.52894592285156,60.80998992919922,68.37591552734375,31.921180725097656,128.72726440429688,62.82688903808594,57.94192886352539
2023-01-03,51.272151947021484,77.65550994873047,51.43655014038086,99.33596801757812,80.2587890625,36.42536544799805,37.87767791748047,32.53663635253906,93.72891998291016,60.23335647583008,68.1191177368164,31.921180725097656,128.3577117919922,62.45233917236328,57.53936767578125
2023-01-04,51.62612533569336,79.3220443725586,52.38364791870117,101.8615493774414,81.74471282958984,37.059051513671875,37.87318420410156,33.05806350708008,94.55748748779297,60.389739990234375,68.38510131835938,32.21096420288086,128.69883728027344,63.35708999633789,59.06338882446289
2023-01-05,49.966251373291016,77.204345703125,51.68895721435547,100.03643035888672,81.66751098632812,36.4722900390625,38.5643196105957,32.81157302856445,93.53846740722656,59.21692657470703,67.69721221923828,31.51367950439453,127.38169860839844,62.768516540527344,58.612892150878906
2023-01-06,50.7101936340332,79.37731170654297,53.568721771240234,104.41178894042969,83.14378356933594,37.7255973815918,39.29584503173828,33.54155731201172,96.10025024414062,60.95170974731445,69.50405883789062,32.1475830078125,128.55665588378906,64.24240112304688,60.14651870727539
2023-01-09,51.7561149597168,79.37731170654297,54.186500549316406,106.685791015625,83.33673858642578,37.96498489379883,39.1567268371582,33.41830825805664,95.67170715332031,61.660274505615234,68.82535552978516,32.36491775512695,126.40570068359375,64.63154602050781,59.8685417175293
2023-01-10,51.80811309814453,79.55223846435547,54.441307067871094,108.07189178466797,84.55249786376953,38.34519958496094,39.434974670410156,33.6079216003418,96.19549560546875,62.04143524169922,68.7336196899414,32.37397003173828,127.46699523925781,65.4438705444336,61.26797103881836
2023-01-11,52.63604736328125,82.44337463378906,55.13840103149414,109.3396224975586,85.50773620605469,38.9460334777832,39.556148529052734,33.9207649230957,97.11925506591797,63.116512298583984,68.77031707763672,32.63658142089844,128.1871337890625,67.2095947265625,62.7153205871582
2023-01-12,53.05401611328125,83.33650207519531,55.76580047607422,110.977294921875,86.23139953613281,39.09154510498047,40.31010818481445,33.98713684082031,97.6906509399414,63.585636138916016,68.22917938232422,32.41471481323242,127.77967834472656,67.32147216796875,63.271263122558594
2023-01-13,53.20200729370117,82.87612915039062,55.551856994628906,111.37683868408203,86.5691146850586,39.33094024658203,40.368446350097656,34.24309539794922,97.57637023925781,63.766441345214844,68.55018615722656,32.2969970703125,128.3482208251953,67.9538345336914,63.2520751953125
2023-01-17,53.381996154785156,82.95899963378906,55.412437438964844,112.037841796875,86.00949096679688,38.9366455078125,40.45371627807617,34.01557922363281,96.74783325195312,64.05474853515625,68.59605407714844,32.25171661376953,127.751220703125,68.00247955322266,63.00288391113281
2023-01-18,52.71404266357422,81.80806732177734,54.85475540161133,111.3373794555664,85.03494262695312,38.3874397277832,39.71321487426758,33.380393981933594,94.92887878417969,63.228904724121094,66.72500610351562,31.477453231811523,125.95088195800781,67.11717987060547,62.05394744873047
2023-01-19,52.31807327270508,81.36610412597656,54.25620651245117,108.614501953125,85.24722290039062,38.09172058105469,40.206878662109375,32.991695404052734,92.97659301757812,62.491004943847656,66.0921630859375,31.160507202148438,126.25409698486328,66.00325012207031,60.89414978027344
2023-01-20,54.00394821166992,82.37893676757812,55.20090103149414,112.14635467529297,88.0550308227539,38.85683822631836,40.6063117980957,33.51311111450195,94.27176666259766,64.18180084228516,66.60577392578125,31.346153259277344,126.88896179199219,67.60359954833984,62.46611022949219
2023-01-23,55.24385452270508,82.6827621459961,55.80425262451172,117.43428802490234,89.56023406982422,38.98358154296875,40.660160064697266,33.90180969238281,95.30029296875,65.64293670654297,66.81671142578125,31.355215072631836,127.3248519897461,68.65913391113281,64.36396026611328
2023-01-24,54.89188003540039,82.93138885498047,55.265811920166016,116.60064697265625,89.17428588867188,39.00704574584961,40.50308609008789,33.9207649230957,95.92882537841797,65.6136245727539,67.09188079833984,31.51367950439453,126.48151397705078,68.58132934570312,63.587554931640625
2023-01-25,54.79788589477539,82.83929443359375,54.79225540161133,116.71902465820312,89.50234985351562,39.08684539794922,40.507572174072266,34.18622589111328,95.39551544189453,65.47676849365234,67.25697326660156,31.08806610107422,126.51942443847656,68.93154907226562,64.13390350341797
2023-01-26,56.153785705566406,83.76004791259766,54.729759216308594,118.81051635742188,90.75668334960938,39.27460479736328,41.786617279052734,34.36635208129883,95.91929626464844,66.52252197265625,67.01850128173828,31.192201614379883,126.75630950927734,70.34219360351562,64.76651763916016
2023-01-27,56.43376541137695,84.61632537841797,55.20090103149414,118.03114318847656,91.40316772460938,39.14787673950195,40.942893981933594,34.36635208129883,96.31930541992188,66.80108642578125,66.82588195800781,31.192201614379883,125.89402770996094,71.93766784667969,65.92631530761719
2023-01-30,55.4698371887207,83.603515625,54.0903434753418,115.20466613769531,90.05233001708984,38.88031005859375,40.00493240356445,34.195701599121094,95.37647247314453,65.52564239501953,66.908447265625,31.051841735839844,124.75694274902344,70.71187591552734,65.41830444335938
2023-01-31,56.3897705078125,85.25164031982422,55.81386947631836,116.955810546875,91.2777328491211,39.734619140625,40.359474182128906,34.66023635864258,96.99545288085938,66.43946075439453,67.63301849365234,31.28275489807129,126.36780548095703,72.33167266845703,67.27783203125
2023-02-01,57.99764633178711,85.8040771484375,57.19846725463867,122.47063446044922,92.6092529296875,39.99748229980469,39.565120697021484,34.66023635864258,97.70018005371094,68.00320434570312,68.17414855957031,31.33709716796875,126.96479034423828,73.70339965820312,69.29071044921875
2023-02-02,59.44753646850586,87.69161224365234,58.92679214477539,125.08992004394531,97.65559387207031,39.87074279785156,38.66305923461914,34.75504684448242,98.4620361328125,69.86014556884766,67.58715057373047,31.40500831604004,126.10246276855469,75.96041107177734,71.3802490234375
2023-02-03,57.79566192626953,85.91456604003906,58.47969055175781,122.791259765625,95.67758178710938,39.15256881713867,38.577781677246094,34.688682556152344,97.94776916503906,69.27861785888672,67.32118225097656,30.74847984313965,125.73294067382812,73.62071990966797,70.50801849365234
2023-02-06,56.89573287963867,85.38973236083984,58.00374221801758,120.74909210205078,94.59691619873047,38.72072219848633,38.40275955200195,34.67919921875,97.70970153808594,68.4332275390625,67.40371704101562,31.01108169555664,125.03173065185547,73.5136947631836,69.12773895263672
2023-02-07,58.215633392333984,85.24244689941406,58.31623077392578,124.37467193603516,96.03459930419922,39.24174880981445,39.65038299560547,35.0773811340332,98.01444244384766,70.14356994628906,67.11939239501953,30.997509002685547,125.83717346191406,73.6839370727539,68.81143188476562
2023-02-08,57.757667541503906,84.88333892822266,58.03257751464844,121.9378890991211,93.23644256591797,38.92725372314453,39.29584503173828,34.868812561035156,97.46208190917969,69.29817199707031,66.60577392578125,30.476808547973633,125.46761322021484,73.05645751953125,67.87208557128906
2023-02-09,57.711669921875,83.89815521240234,56.81385040283203,122.42129516601562,91.14264678955078,38.363975524902344,38.95925521850586,34.480106353759766,96.58592987060547,68.9170150756836,66.31227111816406,30.06024932861328,124.3684310913086,72.92024993896484,66.62602996826172
2023-02-10,56.94172668457031,84.16516876220703,56.518184661865234,120.36433410644531,90.1488037109375,38.504791259765625,40.48512649536133,34.5938835144043,97.27162170410156,68.599365234375,66.92678833007812,30.65791893005371,125.5434341430664,72.06412506103516,66.00302124023438
2023-02-13,57.80366134643555,84.9662094116211,56.849910736083984,122.1746597290039,91.12334442138672,38.70663070678711,40.38191223144531,34.9920539855957,98.15729522705078,69.78683471679688,67.68804931640625,30.843563079833984,126.58573150634766,73.11967468261719,67.53662872314453
2023-02-14,58.44961166381836,84.22041320800781,57.18404006958008,124.80382537841797,91.17158508300781,38.79582214355469,40.3953742980957,34.80244445800781,97.8906478881836,70.08492279052734,67.07353210449219,30.712257385253906,125.83717346191406,73.9952392578125,67.40243530273438
2023-02-15,59.081565856933594,84.58872985839844,57.33067321777344,124.79889678955078,92.72505187988281,38.96480178833008,39.70873260498047,34.840370178222656,98.5001220703125,70.4123306274414,67.20191955566406,30.911474227905273,125.21174621582031,74.86109161376953,69.10858154296875
2023-02-16,57.61767578125,83.861328125,56.631160736083984,121.41007995605469,91.32598114013672,38.5235710144043,39.31827926635742,34.489593505859375,97.48114013671875,69.19066619873047,66.71583557128906,30.676036834716797,123.96097564697266,73.2266845703125,68.02546691894531
2023-02-17,56.94572830200195,83.474609375,56.455692291259766,119.75267791748047,91.04615783691406,38.162132263183594,37.918067932128906,34.49907684326172,98.11920166015625,68.32572937011719,67.5779800415039,31.006561279296875,125.06967163085938,73.24129486083984,68.2746810913086
2023-02-21,55.7938117980957,81.8172836303711,54.77062225341797,116.11229705810547,88.98130798339844,37.53313446044922,37.729583740234375,33.78804397583008,95.8717041015625,66.70333099365234,67.32118225097656,30.427001953125,123.44929504394531,70.79456329345703,64.91030883789062
2023-02-22,56.36177062988281,80.9793930053711,54.43890380859375,115.54503631591797,89.21287536621094,37.814781188964844,37.4782600402832,33.750125885009766,95.63361358642578,66.60559844970703,67.22026824951172,30.30927848815918,123.03235626220703,71.1545181274414,65.39913940429688
2023-02-23,56.857730865478516,81.47660064697266,55.143211364746094,119.63922119140625,88.7400894165039,37.857025146484375,38.04372787475586,33.778568267822266,96.08120727539062,67.70999908447266,67.13773345947266,30.150800704956055,123.36402130126953,71.09615325927734,64.92948150634766
2023-02-24,55.667823791503906,80.08628845214844,54.81388854980469,117.50334167480469,87.42784881591797,38.11050033569336,37.994361877441406,33.807010650634766,95.52883911132812,66.50297546386719,66.68831634521484,30.159862518310547,121.7720947265625,69.97737121582031,63.692996978759766
2023-02-27,55.72182083129883,80.25200653076172,55.998966217041016,118.03114318847656,87.60153198242188,38.237239837646484,38.10655975341797,33.79751968383789,96.37642669677734,66.85971069335938,66.61495208740234,29.95610809326172,121.40253448486328,70.84320831298828,63.750526428222656
2023-02-28,55.787811279296875,80.16913604736328,55.54224395751953,118.09033203125,87.56294250488281,38.410911560058594,37.55903244018555,33.863895416259766,96.15738677978516,66.71310424804688,66.06462860107422,29.430875778198242,120.50234985351562,70.79456329345703,63.692996978759766
2023-03-01,55.33784484863281,79.07344818115234,55.89320373535156,118.16925811767578,86.9646987915039,38.71133041381836,38.299537658691406,33.750125885009766,96.538330078125,66.22444152832031,65.57852172851562,28.946401596069336,120.3033676147461,69.9043960571289,62.609886169433594
2023-03-02,56.679744720458984,80.01261901855469,56.72010803222656,119.21500396728516,87.8523941040039,39.15256881713867,38.6361198425293,33.588958740234375,97.67161560058594,67.04053497314453,66.47735595703125,29.4942684173584,121.04246520996094,69.67091369628906,63.29042434692383
2023-03-03,57.727664947509766,81.32008361816406,56.97490692138672,120.83295440673828,89.51199340820312,39.71114730834961,39.16120910644531,34.1198616027832,98.72869873046875,68.4820785522461,66.53240203857422,29.996858596801758,122.39747619628906,71.16911315917969,64.22018432617188
2023-03-06,57.69567108154297,80.997802734375,56.525390625,119.75760650634766,89.51199340820312,39.06807327270508,39.17916488647461,34.14830017089844,98.54776763916016,68.80948638916016,66.7066650390625,30.141742706298828,122.34063720703125,70.64864349365234,62.830345153808594
2023-03-07,57.119712829589844,79.09185791015625,55.98453903198242,118.42083740234375,88.39273834228516,38.29826354980469,38.497005462646484,33.26662826538086,97.28114318847656,67.95433044433594,66.0462875366211,29.64822006225586,120.36968994140625,69.68550872802734,62.92620086669922
2023-03-08,57.251705169677734,80.0218276977539,56.299442291259766,121.51861572265625,88.28661346435547,38.486019134521484,38.10206985473633,33.14338302612305,97.50971221923828,68.51628875732422,66.15634155273438,29.87460708618164,119.72535705566406,69.55902099609375,62.87826919555664
2023-03-09,55.959800720214844,78.16190338134766,55.14802169799805,119.19034576416016,86.1445541381836,37.49559020996094,37.56351852416992,31.797168731689453,96.07167053222656,67.5340805053711,65.54183959960938,29.634634017944336,118.512451171875,67.90032958984375,61.72805404663086
2023-03-10,54.44591522216797,75.5930404663086,54.092742919921875,117.26162719726562,84.81301879882812,36.697608947753906,37.08332061767578,31.2188663482666,94.28128814697266,66.34658813476562,65.22083282470703,29.16826820373535,117.64068603515625,67.22418212890625,60.31904220581055
2023-03-13,54.777889251708984,76.6426773071289,53.239402770996094,117.18270874023438,84.67794799804688,36.322086334228516,36.32936096191406,29.986419677734375,93.74797058105469,66.70822143554688,65.55101776123047,29.616519927978516,118.73987579345703,67.3652572631836,58.91961669921875
2023-03-14,56.01579666137695,77.40691375732422,53.32353591918945,120.68989562988281,86.68489837646484,36.78679275512695,36.68838882446289,30.593164443969727,94.73843383789062,68.24752807617188,66.14717864990234,30.005905151367188,119.80115509033203,68.50835418701172,59.00588607788086
2023-03-15,55.90580368041992,77.268798828125,52.590362548828125,119.33338928222656,87.45679473876953,35.59452438354492,34.71821212768555,29.777849197387695,92.40518951416016,68.28663635253906,66.57823181152344,30.413415908813477,119.6969223022461,68.40621185302734,58.775840759277344
2023-03-16,57.43769073486328,77.28720092773438,53.443729400634766,124.10830688476562,89.56988525390625,36.00289535522461,35.095191955566406,30.346670150756836,93.5956039428711,70.20223236083984,66.62411499023438,30.617172241210938,120.8150405883789,69.6417236328125,59.40845489501953
2023-03-17,57.22170639038086,75.55619812011719,52.79469680786133,123.47692108154297,88.788330078125,35.444313049316406,34.543182373046875,29.37019157409668,92.06234741210938,70.10447692871094,66.13800811767578,30.32286262512207,119.26102447509766,68.75157928466797,58.0857048034668
2023-03-20,57.25370407104492,76.4124984741211,52.61921691894531,124.71996307373047,89.3962173461914,36.17363739013672,35.23472213745117,29.696983337402344,93.28154754638672,70.29352569580078,67.05499267578125,30.560043334960938,120.77261352539062,69.04918670654297,58.29248809814453
2023-03-21,58.30362319946289,75.97975158691406,53.46054458618164,125.11458587646484,91.2777328491211,36.6120719909668,36.45456314086914,30.44965362548828,94.36209869384766,70.86161804199219,66.99969482421875,29.944284439086914,121.50505828857422,70.95691680908203,59.37929153442383
2023-03-22,57.12171173095703,73.33721923828125,52.33076477050781,124.310546875,89.58917236328125,35.961483001708984,35.67913818359375,29.744619369506836,92.55481719970703,70.15638732910156,66.3822250366211,29.355886459350586,119.66913604736328,69.3760986328125,58.340576171875
2023-03-23,57.993648529052734,72.90292358398438,52.00841522216797,127.6155014038086,91.0172119140625,35.91905212402344,35.184837341308594,29.544544219970703,92.28704833984375,71.2975082397461,66.12418365478516,29.054847717285156,119.44082641601562,69.30290985107422,57.64811706542969
2023-03-24,58.1976318359375,74.7178726196289,52.14353942871094,125.5979995727539,91.30084228515625,36.21134567260742,35.320892333984375,29.52548599243164,92.66957092285156,71.48361206054688,67.24853515625,29.962522506713867,121.09603118896484,69.07847595214844,57.90778732299805
2023-03-27,58.25162887573242,74.61601257324219,52.83115768432617,124.13296508789062,90.91363525390625,36.48006820678711,36.073638916015625,29.935169219970703,93.44412994384766,70.93019104003906,67.60794067382812,29.999013900756836,121.59068298339844,69.21995544433594,58.10014343261719
2023-03-28,58.03164291381836,74.37525939941406,53.02176284790039,123.26972961425781,90.10051727294922,36.65449905395508,36.63142013549805,29.925642013549805,93.9222412109375,70.59716033935547,67.72775268554688,30.081119537353516,120.85822296142578,69.13700866699219,58.6098747253418
2023-03-29,59.06156921386719,76.04202270507812,53.827613830566406,127.107421875,91.32018280029297,37.163658142089844,37.139312744140625,30.363903045654297,95.28966522216797,72.07620239257812,68.1056137084961,30.519001007080078,121.19115447998047,70.44950866699219,58.86955261230469
2023-03-30,59.45753860473633,76.99578857421875,53.979618072509766,128.9276123046875,91.67835235595703,37.418235778808594,37.302555084228516,30.297212600708008,95.490478515625,72.91368865966797,68.29913330078125,30.65126609802246,121.8475341796875,71.06426239013672,59.427371978759766
2023-03-31,60.9354248046875,78.61627197265625,54.97124099731445,129.8253631591797,93.57559967041016,38.02639389038086,37.561038970947266,30.630674362182617,96.75271606445312,73.95683288574219,68.85211181640625,30.87476348876953,123.15076446533203,72.96223449707031,60.99504470825195
2023-04-03,60.497459411621094,77.99586486816406,54.442848205566406,129.08546447753906,93.82728576660156,38.26682662963867,39.261558532714844,30.687837600708008,96.92483520507812,73.83930206298828,69.2115249633789,30.66495704650879,124.53008270263672,72.29380798339844,61.36051940917969
2023-04-04,60.50345993041992,77.9403076171875,53.65389633178711,127.10250854492188,93.88536071777344,37.71524429321289,38.54960632324219,30.402013778686523,94.7541732788086,73.43280029296875,69.07327270507812,30.82003402709961,124.54913330078125,72.17670440673828,60.55263900756836
2023-04-05,59.72951889038086,77.51434326171875,53.250972747802734,124.87781524658203,93.5562515258789,37.6303825378418,39.13005065917969,30.363903045654297,93.5206298828125,72.59532928466797,69.39583587646484,31.618247985839844,126.69901275634766,70.69831848144531,59.26387405395508
2023-04-06,59.93950271606445,77.9865951538086,53.59117126464844,124.50292205810547,94.92110443115234,37.540809631347656,38.536006927490234,30.47823143005371,93.49192810058594,73.0067138671875,69.45112609863281,31.84174346923828,127.01290130615234,70.71297454833984,59.158084869384766
2023-04-10,59.873504638671875,78.36624908447266,54.17021942138672,126.38723754882812,94.863037109375,37.7199592590332,38.8443603515625,30.5449275970459,94.34298706054688,72.96754455566406,69.45112609863281,31.777881622314453,126.9272689819336,71.02523040771484,60.22563552856445
2023-04-11,59.54753112792969,78.78295135498047,54.655174255371094,125.71638488769531,94.74687194824219,38.01224136352539,39.211666107177734,30.811691284179688,94.90716552734375,72.28189849853516,69.65388488769531,31.805248260498047,127.35533142089844,71.137451171875,61.22587203979492
2023-04-12,59.44354248046875,78.39404296875,54.0399284362793,123.48184967041016,93.66272735595703,38.04054260253906,39.2388801574707,30.744997024536133,95.22272491455078,71.87051391601562,69.34053039550781,31.7733211517334,127.39340209960938,70.03477478027344,59.63895797729492
2023-04-13,60.551456451416016,78.17180633544922,54.13885498046875,124.47826385498047,95.62774658203125,38.43183135986328,39.48374938964844,31.02129554748535,95.5765380859375,73.20751190185547,69.72760009765625,31.777881622314453,129.04861450195312,71.58145141601562,59.81208038330078
2023-04-14,60.25347900390625,76.91246032714844,54.375301361083984,124.34508514404297,95.40509796142578,38.153682708740234,39.55630874633789,31.326173782348633,95.46178436279297,72.80103302001953,69.28524017333984,31.42211151123047,128.01173400878906,71.67414855957031,59.850555419921875
2023-04-17,60.52345657348633,78.57923126220703,54.737205505371094,124.25628662109375,94.80496215820312,38.37526321411133,39.089229583740234,31.688213348388672,96.21723937988281,73.06549835205078,69.72760009765625,31.595439910888672,127.9070816040039,72.18157958984375,60.1102294921875
2023-04-18,60.65144729614258,78.43106842041016,54.78063201904297,124.81369018554688,94.2822494506836,38.53554916381836,39.243412017822266,31.78349494934082,96.67622375488281,73.290771484375,69.93956756591797,31.431236267089844,127.03190612792969,72.29867553710938,60.12946701049805
2023-04-19,60.52345657348633,78.81997680664062,55.39105224609375,123.62982940673828,93.68207550048828,38.427120208740234,39.10737228393555,31.859704971313477,96.59972381591797,73.08018493652344,69.89349365234375,31.672977447509766,127.42193603515625,72.23037719726562,60.05251693725586
2023-04-20,60.06549072265625,78.01437377929688,55.26800537109375,123.76795196533203,92.76248931884766,38.38468933105469,38.76274108886719,31.764432907104492,96.42759704589844,72.6002197265625,70.05937194824219,31.66385269165039,126.89874267578125,71.1179428100586,59.81208038330078
2023-04-21,60.16948318481445,78.17180633544922,55.118408203125,122.5002212524414,92.99481964111328,38.045249938964844,38.536006927490234,31.65010643005371,96.20767211914062,72.36514282226562,70.56625366210938,31.755081176757812,127.75486755371094,71.9034652709961,59.869781494140625
2023-04-24,59.75351333618164,77.94957733154297,55.22216033935547,121.84416961669922,92.85929107666016,38.304542541503906,39.125511169433594,31.573890686035156,96.43716430664062,72.04681396484375,70.85194396972656,31.914718627929688,128.46832275390625,71.89371490478516,60.22563552856445
2023-04-25,57.96364974975586,77.12544250488281,52.87458419799805,117.9818115234375,91.41698455810547,37.47480392456055,38.39088439941406,31.030820846557617,94.65855407714844,70.5090103149414,70.75978088378906,31.88279151916504,127.09850311279297,70.46900177001953,58.2540283203125
2023-04-26,58.11764144897461,76.52352905273438,51.605506896972656,118.80558776855469,90.55548858642578,37.03165817260742,37.87846374511719,30.735469818115234,92.87037658691406,71.55708312988281,70.20682525634766,31.134756088256836,125.2911376953125,70.10795593261719,58.379051208496094
2023-04-27,59.07356643676758,78.40330505371094,52.5633544921875,119.95491027832031,95.11470031738281,37.53609085083008,38.01450729370117,31.23090171813965,94.70635223388672,73.07528686523438,70.99017333984375,31.508773803710938,125.94744110107422,71.95714569091797,59.033050537109375
2023-04-28,59.29554748535156,79.33854675292969,53.65872573852539,121.96255493164062,95.74388885498047,37.97453689575195,38.60401916503906,31.602462768554688,95.62435150146484,73.86869049072266,71.3680419921875,31.463159561157227,127.02239227294922,72.14256286621094,59.08114242553711
2023-05-01,59.18156051635742,78.6347885131836,54.49592971801758,122.89484405517578,95.67613983154297,37.9556770324707,38.16868591308594,31.51671600341797,96.1407241821289,73.9127426147461,71.42333221435547,31.517894744873047,127.67876434326172,71.43019104003906,58.74452209472656
2023-05-02,58.33761978149414,77.29210662841797,54.377708435058594,121.82936096191406,93.83696746826172,37.587955474853516,36.50898361206055,30.802165985107422,95.13668060302734,73.22221374511719,71.22980499267578,31.134756088256836,127.12704467773438,71.50338745117188,58.446380615234375
2023-05-03,57.763668060302734,76.9217300415039,54.62379837036133,120.5715103149414,93.4691162109375,37.1730842590332,35.819705963134766,30.44965362548828,94.77330017089844,72.6051254272461,70.64920043945312,31.0480899810791,126.9558334350586,70.93741607666016,58.023197174072266
2023-05-04,57.50968551635742,77.55139923095703,54.020626068115234,120.16703033447266,91.94937896728516,36.932647705078125,35.420654296875,30.059022903442383,93.74054718017578,72.25741577148438,70.47408294677734,31.285268783569336,125.94744110107422,70.39095306396484,57.14799499511719
2023-05-05,58.637596130371094,78.83850860595703,54.93746566772461,122.70740509033203,93.15936279296875,37.55495071411133,36.38201904296875,30.802165985107422,95.15579223632812,74.06947326660156,71.12842559814453,31.4859619140625,127.07947540283203,71.81563568115234,58.831077575683594
2023-05-08,58.8615837097168,78.39404296875,54.89644241333008,123.38813018798828,94.09832000732422,37.43238067626953,36.38201904296875,30.849802017211914,94.81155395507812,74.03028869628906,70.91645050048828,31.390178680419922,126.80363464355469,72.05960083007812,59.177310943603516
2023-05-09,59.04756546020508,78.03289031982422,54.655174255371094,121.48407745361328,93.33360290527344,37.09294891357422,36.3956184387207,30.735469818115234,95.02191162109375,73.46218872070312,70.69527435302734,31.349132537841797,125.95700073242188,72.04009246826172,59.01381301879883
2023-05-10,59.883506774902344,78.78295135498047,54.48628234863281,122.47063446044922,94.2144775390625,37.116512298583984,35.98295593261719,30.563983917236328,94.67768096923828,74.3584213256836,70.58467864990234,31.636486053466797,126.3089599609375,72.40601348876953,58.99457931518555
2023-05-11,59.56352996826172,77.92178344726562,54.09059524536133,121.38542175292969,95.02759552001953,36.75350570678711,35.55215835571289,30.516338348388672,94.10393524169922,74.025390625,70.7966537475586,31.312646865844727,125.9189224243164,72.74269104003906,58.81184768676758
2023-05-12,59.44953536987305,77.9403076171875,54.064056396484375,121.24730682373047,95.06631469726562,36.819496154785156,35.60658264160156,30.392486572265625,94.1708755493164,73.92745208740234,71.0731430053711,31.4859619140625,125.74771118164062,72.1279067993164,58.4271354675293
2023-05-15,60.079490661621094,77.81065368652344,54.257076263427734,124.42400360107422,95.48255920410156,37.13065719604492,35.7879638671875,30.640199661254883,94.6298599243164,74.53962707519531,70.89802551269531,31.089136123657227,125.52892303466797,72.22061157226562,58.94649124145508
2023-05-16,59.899505615234375,75.91239929199219,53.55256271362305,124.3944091796875,95.44383239746094,36.51778793334961,34.908233642578125,30.354379653930664,93.34850311279297,74.61799621582031,70.29898071289062,30.400407791137695,124.48253631591797,71.92787170410156,57.561546325683594
2023-05-17,61.12940979003906,76.89393615722656,54.75891876220703,127.758544921875,96.7409439086914,36.75822448730469,35.579368591308594,30.964134216308594,94.95498657226562,75.61216735839844,70.26214599609375,30.290935516357422,124.63475036621094,73.42576599121094,59.177310943603516
2023-05-18,62.60129928588867,76.55133056640625,55.161842346191406,132.23748779296875,98.28971862792969,36.97508239746094,35.83784484863281,31.19278907775879,95.64347076416016,77.15979766845703,69.92113494873047,30.1997127532959,124.330322265625,74.56747436523438,59.33119583129883
2023-05-19,62.569305419921875,76.449462890625,54.886802673339844,131.5074462890625,97.51533508300781,37.06937026977539,36.11445617675781,31.05940055847168,95.4139633178711,77.12550354003906,69.96720123291016,30.154098510742188,124.91060638427734,73.94294738769531,57.20569610595703
2023-05-22,62.95927429199219,76.93097686767578,54.86749267578125,131.39892578125,98.51236724853516,36.87608337402344,35.964813232421875,31.11656951904297,95.39485931396484,77.27243041992188,68.9073715209961,30.163217544555664,125.03427124023438,73.71363067626953,57.36920166015625
2023-05-23,61.951351165771484,76.10685729980469,54.556251525878906,129.50474548339844,97.31204223632812,36.305633544921875,36.35026931762695,30.75452995300293,94.24736022949219,76.13131713867188,68.4005126953125,30.058313369750977,123.66444396972656,73.04031372070312,57.10952377319336
2023-05-24,61.66337203979492,74.55119323730469,53.59117126464844,127.60070037841797,96.71189880371094,35.890769958496094,36.50898361206055,30.354379653930664,93.0329360961914,75.57301330566406,67.95816040039062,29.862178802490234,122.81781005859375,72.77195739746094,56.984493255615234
2023-05-25,63.193260192871094,74.5604476928711,54.28843307495117,138.57118225097656,96.54734802246094,35.76347351074219,35.86051559448242,30.3448486328125,93.33892822265625,78.4723129272461,67.44206237792969,29.460792541503906,121.5621566772461,72.4450454711914,55.84961700439453
2023-05-26,64.6751480102539,75.4216079711914,54.41630935668945,145.37838745117188,98.20260620117188,35.942623138427734,35.71994400024414,30.592561721801758,94.03699493408203,80.70065307617188,67.67245483398438,29.460792541503906,121.3148193359375,74.14786529541016,56.31126022338867
2023-05-30,65.1611099243164,75.74571228027344,54.50799560546875,146.07884216308594,98.33811950683594,35.74934387207031,35.35262680053711,30.583030700683594,93.8935546875,81.13163757324219,66.89830780029297,29.346765518188477,120.56332397460938,74.64553833007812,56.33049774169922
2023-05-31,65.59507751464844,76.14388275146484,53.854156494140625,142.38912963867188,98.24131774902344,35.367469787597656,34.73136901855469,30.259103775024414,92.6121826171875,80.45578002929688,66.97203063964844,29.615875244140625,121.60018920898438,73.97221374511719,54.66664123535156
2023-06-01,65.6070785522461,76.19017791748047,54.387351989746094,144.5299530029297,99.40290832519531,35.83890914916992,35.16216278076172,30.583030700683594,93.79791259765625,81.27366638183594,66.91675567626953,29.396936416625977,122.39924621582031,74.84558868408203,54.810909271240234
2023-06-02,66.03104400634766,77.89400482177734,55.552703857421875,144.17477416992188,99.85785675048828,37.04108810424805,36.23236846923828,31.249956130981445,96.52323150634766,81.73892211914062,67.83834075927734,29.702539443969727,123.96885681152344,76.60205078125,57.20569610595703
2023-06-05,66.47100830078125,77.37544250488281,55.24870300292969,142.369384765625,100.08049774169922,37.01279067993164,35.992027282714844,31.087989807128906,95.85385131835938,81.26876068115234,67.58950805664062,29.84393310546875,124.41593170166016,76.83139038085938,56.35934829711914
2023-06-06,66.61700439453125,78.04215240478516,55.3355598449707,143.37567138671875,100.6903076171875,37.24851608276367,36.282249450683594,31.47861099243164,96.45628356933594,81.24918365478516,67.24853515625,29.821128845214844,123.37906646728516,77.63156127929688,58.119380950927734
2023-06-07,64.59600067138672,79.26651000976562,56.193424224853516,142.55682373046875,99.98371124267578,37.691673278808594,37.24360275268555,31.602462768554688,98.0053939819336,80.03460693359375,67.02735137939453,30.327421188354492,122.89392852783203,77.10460662841797,59.29273223876953
2023-06-08,65.45600128173828,78.8571548461914,56.40880584716797,144.20436096191406,100.20632934570312,37.55495071411133,37.08488845825195,31.573890686035156,98.1775131225586,80.9014663696289,67.48815155029297,30.459697723388672,123.68345642089844,78.24632263183594,60.04290008544922
2023-06-09,66.052001953125,78.37335968017578,56.16680908203125,144.86537170410156,100.28376770019531,37.243804931640625,36.88083267211914,31.583415985107422,97.91934204101562,81.30305480957031,67.37753295898438,30.28181266784668,124.06397247314453,78.6512680053711,59.01381301879883
2023-06-12,67.62000274658203,78.46640014648438,56.60965347290039,149.14700317382812,101.38729858398438,37.41352462768555,36.52711486816406,31.573890686035156,98.61738586425781,83.07103729248047,67.35910034179688,30.227067947387695,124.51104736328125,80.00279235839844,59.89863967895508
2023-06-13,68.06999969482422,79.04322814941406,57.127525329589844,151.20889282226562,101.94872283935547,38.28097152709961,36.69944381713867,31.764432907104492,99.764892578125,83.57547760009766,67.6355972290039,30.222511291503906,125.13890838623047,80.83226013183594,61.12007522583008
2023-06-14,68.48600006103516,79.44326782226562,57.841407775878906,153.507568359375,101.9777603149414,38.12068176269531,36.323062896728516,31.640573501586914,99.49713134765625,84.43743896484375,68.05028533935547,30.204267501831055,123.85469055175781,80.7737045288086,60.25448989868164
2023-06-15,69.87999725341797,79.86193084716797,58.94005584716797,152.40261840820312,103.51687622070312,38.445980072021484,36.72212219238281,32.05978012084961,100.99842071533203,85.52468872070312,68.73229217529297,30.532676696777344,125.77626037597656,81.30065155029297,61.27396011352539
2023-06-16,69.45800018310547,79.83403778076172,58.669029235839844,151.3174285888672,102.80054473876953,38.540252685546875,36.667701721191406,31.99308967590332,100.83586883544922,84.8194351196289,68.81523132324219,30.69687843322754,125.76673889160156,81.17866516113281,60.26410675048828
2023-06-20,68.80799865722656,78.9967041015625,57.923683166503906,150.78468322753906,102.02616119384766,38.01865768432617,35.84700393676758,31.75383949279785,100.08702087402344,84.24620819091797,68.2917709350586,30.336864471435547,125.62537384033203,81.78682708740234,59.99347686767578
2023-06-21,67.53600311279297,78.6524658203125,57.95514678955078,147.33175659179688,100.76777648925781,38.1418342590332,36.13063049316406,31.715553283691406,100.64387512207031,82.9996566772461,68.53306579589844,30.580554962158203,125.64449310302734,80.8041763305664,60.14813232421875
2023-06-22,67.90599822998047,77.49884033203125,57.9890251159668,148.0618133544922,101.44536590576172,38.051822662353516,35.64572525024414,31.46673583984375,99.9142074584961,83.67692565917969,68.93216705322266,30.3460636138916,126.50415802001953,81.83573913574219,60.21578598022461
2023-06-23,67.34200286865234,76.51264190673828,57.456634521484375,145.54608154296875,101.15497589111328,37.74388885498047,35.3895378112793,31.33275604248047,99.15576934814453,82.76898956298828,68.47738647460938,29.900066375732422,126.08385467529297,80.88728332519531,59.76151657104492
2023-06-26,66.76799774169922,78.2524185180664,58.29634475708008,144.875244140625,100.31281280517578,38.13710021972656,36.02541732788086,31.26575469970703,99.9814224243164,82.17516326904297,68.57019805908203,30.19432830810547,125.36746978759766,79.850830078125,59.88716125488281
2023-06-27,68.05999755859375,79.19207763671875,59.53294372558594,149.47256469726562,101.90999603271484,38.67717742919922,36.107765197753906,31.51457977294922,101.18151092529297,83.79471588134766,68.77439880371094,30.20352554321289,125.08092498779297,81.56683349609375,60.91169357299805
2023-06-28,68.41000366210938,79.31303405761719,60.04839324951172,148.12098693847656,102.7618179321289,38.41188049316406,36.473731994628906,31.43802261352539,101.18151092529297,83.84378051757812,68.31033325195312,29.75752830505371,124.67973327636719,81.88951873779297,60.969688415527344
2023-06-29,68.4000015258789,80.11314392089844,60.05807113647461,147.90394592285156,102.28336334228516,38.895103454589844,36.89459228515625,31.983522415161133,102.16078186035156,83.99101257324219,68.24534606933594,29.75752830505371,125.49164581298828,81.97750854492188,61.31764602661133
2023-06-30,69.18199920654297,80.51319122314453,60.45494079589844,150.20262145996094,103.1762466430664,39.259891510009766,37.132476806640625,32.26106262207031,103.03441619873047,85.32592010498047,68.83936309814453,30.088581085205078,126.78112030029297,83.01884460449219,61.617271423339844
2023-07-03,68.81999969482422,81.20166778564453,60.96796798706055,151.53448486328125,103.6226806640625,39.40675735473633,37.219398498535156,32.44289016723633,103.05362701416016,85.14434051513672,69.377685546875,30.313880920410156,125.74000549316406,84.02106475830078,62.168209075927734
2023-07-05,68.80599975585938,81.48076629638672,60.6606330871582,148.6734619140625,104.1952896118164,38.43556213378906,37.01354217529297,32.37590789794922,102.49679565429688,84.61921691894531,69.25701141357422,30.658716201782227,125.67311096191406,84.0552978515625,61.92656707763672
2023-07-06,68.08599853515625,80.82951354980469,59.89835739135742,146.9075469970703,103.19566345214844,38.15605163574219,36.180946350097656,32.09837341308594,101.72874450683594,84.3934555053711,69.08068084716797,30.286291122436523,124.6701889038086,82.7010726928711,61.14366149902344
2023-07-07,67.94599914550781,80.61553955078125,60.45977783203125,147.045654296875,103.19566345214844,38.48767852783203,36.95864486694336,32.146217346191406,101.95914459228516,84.0253677368164,68.18038177490234,30.065587997436523,123.21832275390625,82.80374908447266,61.73325729370117
2023-07-10,69.12200164794922,80.9504623413086,61.05266189575195,149.1272735595703,103.03067779541016,38.47821044921875,37.24684524536133,32.289772033691406,103.40885925292969,84.24620819091797,68.16182708740234,29.936851501464844,124.19259643554688,83.0579605102539,62.87378692626953
2023-07-11,70.13999938964844,82.0389633178711,62.04725646972656,149.28512573242188,104.76790618896484,38.857208251953125,38.06570816040039,32.67257308959961,104.62815856933594,84.42781066894531,68.26390838623047,30.309274673461914,124.22126770019531,83.752197265625,64.1689453125
2023-07-12,70.52400207519531,82.48555755615234,62.04967498779297,152.42236328125,106.16545104980469,39.36886215209961,38.4179573059082,32.88311767578125,104.44573211669922,85.38480377197266,68.42169952392578,30.75067138671875,123.8869400024414,84.50509643554688,64.09162902832031
2023-07-13,71.69000244140625,83.0623550415039,62.12712478637695,156.08248901367188,107.62123107910156,39.67679214477539,38.271568298339844,32.99795913696289,104.58014678955078,86.49886322021484,68.70942687988281,30.856426239013672,123.93470001220703,85.29708862304688,63.61802291870117
2023-07-14,71.73799896240234,82.94142150878906,61.59716033935547,154.7900848388672,106.57307434082031,39.44465637207031,37.26057815551758,32.77784729003906,104.27291870117188,86.37126159667969,68.94145965576172,30.736881256103516,125.79730987548828,85.51709747314453,63.02842712402344
2023-07-17,72.63600158691406,82.3832015991211,61.522132873535156,157.67083740234375,106.12663269042969,39.4825553894043,37.187374114990234,33.093658447265625,104.66654205322266,87.47551727294922,68.73725128173828,30.382844924926758,125.22418212890625,85.86421203613281,63.38606643676758
2023-07-18,73.31400299072266,81.89942169189453,62.8192253112793,158.1049041748047,107.03893280029297,39.79050064086914,37.562496185302734,33.466896057128906,105.25218200683594,88.46687316894531,68.66300964355469,30.148351669311523,126.15072631835938,86.21620178222656,64.0626449584961
2023-07-19,73.4020004272461,82.80187225341797,63.298370361328125,156.447509765625,107.45626831054688,39.57730484008789,37.78207778930664,33.610450744628906,105.20418548583984,88.24603271484375,69.35911560058594,30.45640754699707,126.7333755493164,86.51933288574219,65.35780334472656
2023-07-20,71.60600280761719,82.55067443847656,63.341922760009766,150.91293334960938,105.447265625,39.672054290771484,38.22582244873047,33.859275817871094,105.67461395263672,86.48414611816406,69.95311737060547,31.012752532958984,128.8347930908203,83.57130432128906,64.45891571044922
2023-07-21,71.79199981689453,82.93212890625,63.274166107177734,151.72190856933594,104.45733642578125,39.67679214477539,38.56435012817383,33.74443817138672,105.1753921508789,86.43997192382812,70.19442749023438,31.477140426635742,130.1338348388672,83.5908432006836,63.83066177368164
2023-07-24,71.56999969482422,83.60198211669922,63.19431686401367,151.85015869140625,104.42822265625,39.79997253417969,39.18650436401367,34.069820404052734,105.41541290283203,86.59212493896484,70.46358489990234,31.394376754760742,129.84727478027344,84.13842010498047,64.22695922851562
2023-07-25,72.11399841308594,83.01585388183594,62.71033477783203,154.2869415283203,104.27294921875,40.51533508300781,39.392356872558594,33.849708557128906,105.28099060058594,87.58349609375,70.44502258300781,31.449552536010742,129.78994750976562,83.94286346435547,63.9466667175293
2023-07-26,71.41600036621094,83.44380950927734,64.40912628173828,152.5999298095703,105.90342712402344,40.37794876098633,39.406089782714844,34.05068588256836,106.02023315429688,86.40562438964844,70.52855682373047,31.449552536010742,129.70399475097656,83.92330169677734,64.91320037841797
2023-07-27,70.86199951171875,81.61101531982422,63.540367126464844,155.34255981445312,106.349853515625,40.11738586425781,39.154476165771484,33.62002182006836,105.10819244384766,86.15533447265625,69.90670013427734,30.893213272094727,128.74880981445312,83.0530776977539,64.19794464111328
2023-07-28,71.89199829101562,81.45285034179688,64.5301284790039,158.3416748046875,108.98966979980469,40.39690399169922,39.2734260559082,33.687015533447266,105.76101684570312,87.3282699584961,70.63064575195312,30.82423973083496,129.13088989257812,84.4610824584961,64.95185852050781
2023-07-31,72.86799621582031,81.91803741455078,64.64143371582031,158.46006774902344,109.30024719238281,40.61008834838867,40.01908874511719,33.811424255371094,106.01063537597656,87.5295181274414,70.30579376220703,30.838035583496094,128.13748168945312,84.9402084350586,65.512451171875
2023-08-01,72.90399932861328,81.75987243652344,63.724281311035156,158.37127685546875,108.86351013183594,40.430057525634766,39.83152389526367,33.811424255371094,106.32746124267578,87.67671203613281,69.92526245117188,30.461009979248047,127.46887969970703,83.97710418701172,65.18383026123047
2023-08-02,70.59200286865234,81.28538513183594,63.16769790649414,152.5604705810547,106.78659057617188,39.927886962890625,39.31002426147461,33.52431869506836,105.2137680053711,85.50750732421875,70.17587280273438,30.461009979248047,127.5548324584961,82.47129821777344,64.57491302490234
2023-08-03,70.13200378417969,80.39225006103516,62.73211669921875,152.1165313720703,106.42752075195312,39.68153762817383,39.708011627197266,33.54345703125,104.55134582519531,85.15906524658203,69.98096466064453,29.766725540161133,126.91484832763672,82.6668701171875,64.710205078125
2023-08-04,69.3479995727539,79.77820587158203,62.3787956237793,152.17572021484375,106.23339080810547,39.591522216796875,39.76290512084961,33.40947341918945,103.91769409179688,84.00084686279297,69.28485870361328,29.421884536743164,126.46588897705078,83.8695297241211,64.49757385253906
2023-08-07,69.79000091552734,80.74578094482422,62.72968292236328,153.81341552734375,107.73770141601562,39.85208511352539,39.80865478515625,33.878421783447266,105.19458770751953,84.23639678955078,69.85102081298828,29.41729164123535,127.9273681640625,84.72997283935547,64.54591369628906
2023-08-08,68.6520004272461,80.20618438720703,62.55786895751953,151.2779541015625,107.50477600097656,39.430450439453125,40.00537109375,33.57217025756836,104.71455383300781,83.58859252929688,69.3498306274414,29.555225372314453,128.9112091064453,84.0552978515625,64.02397155761719
2023-08-09,67.86199951171875,80.2433853149414,61.90447998046875,148.27883911132812,105.91312408447266,39.269371032714844,40.50857925415039,33.32334899902344,104.65693664550781,82.50888061523438,69.45193481445312,29.61959457397461,128.87298583984375,83.0579605102539,63.7823371887207
2023-08-10,68.30000305175781,79.93637084960938,62.12470245361328,147.95327758789062,106.31103515625,39.297794342041016,40.503997802734375,33.352054595947266,104.3689193725586,82.5186996459961,69.31271362304688,29.527637481689453,128.78700256347656,83.25841522216797,63.72434616088867
2023-08-11,68.19599914550781,80.09452056884766,61.63345718383789,144.2438507080078,105.82577514648438,39.1888313293457,41.126155853271484,33.41904830932617,104.54173278808594,81.9101333618164,69.42407989501953,29.68856430053711,129.58935546875,82.97486114501953,63.75334167480469
2023-08-14,69.08399963378906,79.53632354736328,61.836727142333984,148.63401794433594,106.45661163330078,39.274105072021484,40.95232009887695,33.352054595947266,104.58014678955078,83.21559143066406,69.08068084716797,29.45406723022461,129.9810028076172,83.22907257080078,63.90797805786133
2023-08-15,68.49199676513672,78.58734130859375,60.81309127807617,146.8483428955078,105.42786407470703,38.63453674316406,40.1014404296875,32.73957061767578,103.24564361572266,82.39600372314453,68.33816528320312,28.975894927978516,129.50341796875,82.09484100341797,63.23140335083008
2023-08-16,67.9020004272461,77.69420623779297,60.2613410949707,144.5299530029297,104.23411560058594,38.37397384643555,39.753761291503906,32.69171905517578,102.66960144042969,81.61075592041016,68.18038177490234,29.104629516601562,128.51956176757812,81.07794952392578,62.66114044189453
2023-08-17,66.87000274658203,77.15458679199219,59.77977752685547,143.55325317382812,103.02095794677734,38.29817581176758,40.22952651977539,32.529029846191406,101.8055419921875,80.83534240722656,67.52140808105469,29.040260314941406,127.4975357055664,79.70416259765625,61.85890579223633
2023-08-18,67.14399719238281,77.34066772460938,60.118568420410156,144.1649169921875,102.4483413696289,38.29344177246094,40.62751770019531,32.51945495605469,101.99755096435547,80.95803833007812,67.77200317382812,29.19198989868164,127.54528045654297,79.52326202392578,62.66114044189453
2023-08-21,68.33599853515625,76.66150665283203,59.937068939208984,149.00888061523438,102.96272277832031,38.29817581176758,40.371334075927734,32.48117446899414,101.87274932861328,82.50396728515625,67.31723022460938,29.00807762145996,127.67899322509766,80.43750762939453,62.19719696044922
2023-08-22,68.27999877929688,76.91271209716797,59.48696517944336,147.51919555664062,102.82685089111328,38.265010833740234,40.06026077270508,32.174922943115234,101.63273620605469,82.41072082519531,66.93668365478516,29.090835571289062,127.23006439208984,80.55485534667969,60.46708679199219
2023-08-23,69.4020004272461,78.15007781982422,60.09195327758789,150.71563720703125,104.36997985839844,38.32659912109375,39.959625244140625,32.49074935913086,102.67920684814453,83.89777374267578,67.38219451904297,29.205785751342773,127.61212921142578,81.20016479492188,60.96003341674805
2023-08-24,67.8280029296875,77.81514739990234,59.542625427246094,146.81875610351562,102.32219696044922,38.165523529052734,39.685142517089844,32.37590789794922,101.43112182617188,81.9641342163086,66.84387969970703,29.035663604736328,126.50415802001953,79.61126708984375,59.68418502807617
2023-08-25,69.1719970703125,77.95470428466797,59.53294372558594,147.08509826660156,102.39982604980469,38.27923583984375,40.06940841674805,32.529029846191406,102.28558349609375,82.79845428466797,67.21513366699219,29.25636100769043,127.4306411743164,80.50106048583984,59.92582702636719
2023-08-28,69.50399780273438,78.60595703125,59.767677307128906,148.90036010742188,103.65179443359375,38.558746337890625,40.33931350708008,32.71085739135742,103.12083435058594,83.4757080078125,67.52140808105469,29.25176429748535,127.72676849365234,80.82372283935547,60.67006301879883
2023-08-29,70.85199737548828,79.55492401123047,60.5783576965332,152.7183380126953,105.8160629272461,39.198307037353516,40.4491081237793,33.007530212402344,103.90808868408203,85.14924621582031,67.7627182006836,29.362117767333984,128.87298583984375,82.84284973144531,61.62693786621094
2023-08-30,71.48600006103516,79.85264587402344,60.907466888427734,153.49769592285156,106.26250457763672,39.28832244873047,40.650394439697266,33.02667236328125,104.37852478027344,85.79215240478516,67.87409210205078,29.228775024414062,128.77745056152344,83.19974517822266,62.03288269042969
2023-08-31,72.00599670410156,79.39676666259766,60.44768524169922,154.11923217773438,106.18486785888672,39.269371032714844,40.67784118652344,32.902259826660156,103.90808868408203,86.20931243896484,67.53069305419922,28.94830322265625,127.23966979980469,83.4588623046875,62.119873046875
2023-09-01,72.34200286865234,79.44326782226562,60.60255432128906,154.109375,105.62196350097656,39.709957122802734,41.51042938232422,33.19893264770508,104.45533752441406,86.47432708740234,66.95526123046875,28.801172256469727,127.58348846435547,82.95040130615234,62.44850540161133
2023-09-05,72.69400024414062,78.45709991455078,59.27885437011719,154.47438049316406,105.37934112548828,38.975643157958984,41.73000717163086,32.86397171020508,102.69841766357422,86.78352355957031,66.37981414794922,28.359773635864258,126.26533508300781,83.00908660888672,61.085670471191406
2023-09-06,72.7979965209961,78.29893493652344,58.79729080200195,152.67886352539062,105.0105209350586,38.8903694152832,41.74831008911133,32.84483337402344,102.25677490234375,85.86578369140625,66.3055648803711,28.42414665222168,125.5776138305664,82.27083587646484,60.612064361572266
2023-09-07,72.6259994506836,78.81063079833984,58.53108596801758,149.29498291015625,104.55439758300781,38.71507263183594,41.7071418762207,32.75870895385742,101.92076110839844,84.6241226196289,66.46334838867188,28.796573638916016,126.14117431640625,82.50061798095703,60.22544860839844
2023-09-08,72.75800323486328,78.41059112548828,58.499629974365234,148.35777282714844,104.69995880126953,38.75297546386719,42.109710693359375,32.82569885253906,101.41191101074219,84.80079650878906,66.54688262939453,29.04945945739746,126.14117431640625,82.50061798095703,59.90648651123047
2023-09-11,73.3479995727539,78.41059112548828,58.906185150146484,148.46629333496094,106.0004653930664,38.918800354003906,41.55616760253906,32.97882080078125,101.44073486328125,85.24249267578125,67.12232208251953,29.16900062561035,127.0103759765625,84.7201919555664,59.92582702636719
2023-09-12,71.23600006103516,78.50362396240234,58.499629974365234,147.3514862060547,105.25314331054688,38.82878494262695,42.5351448059082,33.19893264770508,101.07588958740234,83.6965560913086,66.54688262939453,29.205785751342773,126.8479995727539,83.95264434814453,59.838829040527344
2023-09-13,71.38600158691406,77.66629028320312,58.37379455566406,148.54522705078125,105.25314331054688,38.601375579833984,42.21492004394531,33.19893264770508,100.40383911132812,83.9075927734375,66.75105285644531,29.555225372314453,126.86711120605469,84.6175308227539,59.53920364379883
2023-09-14,71.73799896240234,79.10835266113281,58.94005584716797,149.35418701171875,106.55365753173828,39.14619445800781,42.708988189697266,33.50518035888672,101.39270782470703,84.51614379882812,67.4286117553711,29.987428665161133,127.2682876586914,85.44864654541016,60.931034088134766
2023-09-15,70.38400268554688,78.68968200683594,58.664188385009766,144.8357696533203,105.17552947998047,38.71034240722656,42.09140396118164,33.33292007446289,100.80707550048828,82.89168548583984,66.87174224853516,29.858684539794922,126.26533508300781,83.98685455322266,60.14813232421875
2023-09-18,70.35600280761719,78.07563781738281,58.08098220825195,145.31919860839844,105.2919692993164,38.5494499206543,42.44810104370117,33.42423629760742,100.91890716552734,83.29006958007812,66.84837341308594,29.836435317993164,126.07353973388672,83.07344818115234,59.1895751953125
2023-09-19,70.2699966430664,77.72211456298828,58.054359436035156,144.06626892089844,105.37934112548828,38.51612091064453,42.05177688598633,33.38578796386719,100.49474334716797,83.24579620361328,66.68952178955078,29.67420768737793,126.17902374267578,82.65715789794922,59.034507751464844
2023-09-20,69.63600158691406,77.80584716796875,57.83414840698242,141.6985321044922,103.96236419677734,38.11148452758789,41.660057067871094,33.15508270263672,100.09951782226562,81.93756103515625,66.75491333007812,29.702016830444336,126.1885986328125,81.8343505859375,58.75343322753906
2023-09-21,67.99800109863281,75.06129455566406,57.050086975097656,138.86712646484375,102.46776580810547,37.34506607055664,41.088623046875,32.60713577270508,98.46075439453125,80.68832397460938,65.895263671875,29.39145851135254,125.08564758300781,79.60106658935547,58.026527404785156
2023-09-22,68.11399841308594,74.60542297363281,56.67983627319336,140.05099487304688,102.22513580322266,37.306983947753906,41.157745361328125,32.357200622558594,98.12336730957031,80.8604736328125,65.5401840209961,29.335840225219727,124.8266830444336,78.81741333007812,57.755149841308594
2023-09-25,68.0999984741211,74.46586608886719,56.96538543701172,141.0375518798828,102.29307556152344,37.60213088989258,41.673885345458984,32.43410873413086,98.61499786376953,81.12113189697266,65.30656433105469,29.294124603271484,125.5076675415039,79.30227661132812,58.03622055053711
2023-09-26,67.01799774169922,73.09210968017578,55.97349166870117,138.80792236328125,101.19636535644531,37.059452056884766,41.43424606323242,32.00152587890625,97.1111831665039,79.6604232788086,64.82068634033203,28.418081283569336,124.44305419921875,77.85748291015625,57.17363357543945
2023-09-27,67.47000122070312,72.5651626586914,56.03666305541992,140.08058166503906,101.55547332763672,37.0546875,42.46653747558594,31.953460693359375,97.83416748046875,79.78337860107422,64.28805541992188,27.871135711669922,123.81964111328125,77.5587387084961,57.512847900390625
2023-09-28,67.98600006103516,73.28026580810547,56.81180953979492,142.3496551513672,102.69283294677734,37.454559326171875,42.51261901855469,32.18416976928711,98.24868774414062,80.34896850585938,64.48429107666016,27.26856803894043,124.41429138183594,78.42560577392578,58.57897186279297
2023-09-29,68.25199890136719,73.52491760253906,56.804527282714844,143.03038024902344,102.42991638183594,37.392669677734375,41.65544891357422,31.886171340942383,97.7281265258789,80.62438201904297,64.29739379882812,27.314916610717773,123.47437286376953,78.84192657470703,58.986045837402344
2023-10-02,68.62999725341797,72.16996765136719,56.28938293457031,144.26356506347656,103.03363800048828,36.8975944519043,40.82593536376953,31.61700439453125,96.77379608154297,81.49000549316406,63.85821533203125,26.044889450073242,123.30171966552734,78.90557098388672,58.49175262451172
2023-10-03,66.90799713134766,70.76797485351562,55.76207733154297,141.05728149414062,101.68984985351562,36.79762268066406,40.79828643798828,31.11713409423828,96.09901428222656,80.10799407958984,63.40036392211914,26.346172332763672,122.2083511352539,76.9857177734375,57.396541595458984
2023-10-04,67.98999786376953,71.53955841064453,55.983211517333984,143.25730895996094,102.59546661376953,37.23081970214844,39.517154693603516,31.34784507751465,96.407470703125,81.10636901855469,63.90494155883789,26.318359375,122.72626495361328,78.50398254394531,57.59038162231445
2023-10-05,67.90599822998047,72.08528900146484,55.7645149230957,143.25730895996094,102.51754760742188,36.778587341308594,39.27290344238281,31.492034912109375,95.83873748779297,81.21458435058594,62.64347457885742,26.1653995513916,123.39762878417969,78.11216735839844,56.69871520996094
2023-10-06,69.73999786376953,72.23583984375,56.330692291259766,146.35507202148438,104.34823608398438,37.12609100341797,39.507930755615234,31.761199951171875,97.14974975585938,82.73429107666016,62.297733306884766,26.536211013793945,124.69241333007812,78.66071319580078,57.00885772705078
2023-10-09,70.2040023803711,73.15795135498047,56.393863677978516,145.9801788330078,105.53619384765625,37.17369079589844,40.82593536376953,31.780426025390625,98.67283630371094,83.16219329833984,62.353816986083984,26.800416946411133,125.12403106689453,78.74396514892578,57.367462158203125
2023-10-10,70.52999877929688,73.3931884765625,57.086395263671875,147.78558349609375,105.9938735961914,37.56880187988281,40.87662887573242,32.011131286621094,99.27049255371094,83.29006958007812,62.98921203613281,27.166593551635742,125.71863555908203,79.6059341430664,58.404518127441406
2023-10-11,70.9260025024414,74.7481460571289,57.227325439453125,149.38377380371094,106.7826156616211,37.659244537353516,40.35127258300781,32.0592041015625,99.86815643310547,84.06222534179688,62.55937576293945,27.606935501098633,125.16239929199219,79.89000701904297,58.16221237182617
2023-10-12,70.63200378417969,73.58139038085938,56.55424499511719,150.1434326171875,105.53619384765625,37.097530364990234,40.397361755371094,31.857328414916992,98.96204376220703,84.14091491699219,61.877262115478516,27.180498123168945,124.08820343017578,79.01822662353516,57.14454650878906
2023-10-13,69.85600280761719,73.506103515625,55.582271575927734,146.38465881347656,104.16320037841797,36.959476470947266,41.28677749633789,31.924619674682617,98.08479309082031,82.93595123291016,62.419219970703125,27.486413955688477,124.86505889892578,77.85748291015625,56.82470703125
2023-10-16,70.65799713134766,74.35294342041016,56.5615348815918,148.07167053222656,105.8088607788086,37.321266174316406,41.56328582763672,32.26108169555664,99.12590789794922,83.73270416259766,63.063961029052734,27.769161224365234,125.8049545288086,79.11617279052734,58.365760803222656
2023-10-17,71.01599884033203,74.14595031738281,56.84827423095703,146.32546997070312,106.43206024169922,37.68781661987305,41.99647521972656,32.41488265991211,99.43437194824219,83.34416961669922,63.33494186401367,27.694997787475586,125.6323471069336,79.30227661132812,59.37372970581055
2023-10-18,69.947998046875,72.52753448486328,55.006370544433594,143.39541625976562,104.47482299804688,36.711944580078125,42.37897872924805,31.857328414916992,97.03407287597656,82.48838806152344,63.56855773925781,27.453968048095703,124.5389633178711,77.44120025634766,58.6759033203125
2023-10-19,69.51000213623047,70.79618835449219,54.649169921875,142.41873168945312,104.45532989501953,36.283504486083984,42.305240631103516,31.434356689453125,96.1375732421875,82.01624298095703,63.101341247558594,27.180498123168945,123.31132507324219,75.46255493164062,57.71638488769531
2023-10-20,67.75399780273438,70.33514404296875,54.77553176879883,140.18911743164062,103.28681182861328,35.84556198120117,41.595550537109375,30.953712463378906,95.14466857910156,80.62931823730469,62.8583869934082,26.897750854492188,122.8221664428711,74.29202270507812,57.415924072265625
2023-10-23,67.75800323486328,69.66708374023438,54.10000991821289,140.68240356445312,103.63738250732422,35.44568634033203,40.92272186279297,30.761451721191406,94.70122528076172,80.72274780273438,62.73691940307617,26.670629501342773,122.05488586425781,74.38016510009766,56.67932891845703
2023-10-24,68.3759994506836,70.4950942993164,54.138893127441406,142.32994079589844,105.10775756835938,35.864593505859375,40.3466682434082,30.972942352294922,95.41458129882812,81.27851104736328,63.269535064697266,27.356632232666016,122.42894744873047,75.17359161376953,56.74716567993164
2023-10-25,66.54199981689453,68.95197296142578,53.0454216003418,136.81507873535156,100.46289825439453,35.44568634033203,40.272926330566406,30.857580184936523,94.1903305053711,80.3194580078125,63.484458923339844,27.50959014892578,121.3355712890625,73.65532684326172,56.59209060668945
2023-10-26,65.86599731445312,70.31632995605469,51.8863410949707,135.61151123046875,98.27195739746094,35.69321823120117,39.95955276489258,30.7902889251709,93.79509735107422,78.78497314453125,63.07332229614258,27.74598503112793,120.1366958618164,72.50439453125,56.795631408691406
2023-10-27,65.83799743652344,69.27188873291016,51.32259750366211,136.4500732421875,98.06746673583984,35.67893600463867,39.00101089477539,30.232742309570312,92.96607971191406,79.24234771728516,62.213645935058594,27.222211837768555,118.10340881347656,73.26351928710938,56.12688064575195
2023-10-30,66.71199798583984,69.591796875,52.5837287902832,136.10479736328125,100.044189453125,36.045494079589844,39.13004684448242,30.77106285095215,94.12285614013672,80.09323120117188,63.18544006347656,27.430795669555664,118.76519012451172,73.93450164794922,56.4564094543457
2023-10-31,67.48999786376953,70.88088989257812,52.93364334106445,137.0814666748047,100.80372619628906,36.20734405517578,39.25907516479492,31.107519149780273,94.8169174194336,80.66373443603516,63.409706115722656,27.667186737060547,119.44615173339844,74.49283599853516,56.88286209106445
2023-11-01,68.0459976196289,71.36075592041016,53.08186721801758,140.4949493408203,101.94303894042969,36.226383209228516,39.166908264160156,31.309389114379883,95.12540435791016,82.2228012084961,63.34429168701172,27.98237419128418,119.69551849365234,75.41358184814453,56.72779083251953
2023-11-02,69.23200225830078,73.6095962524414,54.36973190307617,144.13534545898438,103.77369689941406,36.9261589050293,40.35127258300781,32.049583435058594,97.082275390625,83.61465454101562,64.16658020019531,28.506147384643555,121.59452819824219,77.38243103027344,58.47236251831055
2023-11-03,69.96199798583984,75.30330657958984,55.239646911621094,147.4994659423828,105.74069213867188,37.50691604614258,39.94573211669922,32.47255325317383,97.94021606445312,84.47534942626953,64.2413330078125,28.673015594482422,122.19876098632812,78.46969604492188,60.168479919433594
2023-11-06,69.7979965209961,74.305908203125,55.11572265625,147.93353271484375,105.33171081542969,37.321266174316406,39.49409866333008,32.37643051147461,97.67993927001953,85.0311050415039,64.3441162109375,28.59885025024414,123.01399230957031,78.56763458251953,59.65480041503906
2023-11-07,71.20999908447266,73.65664672851562,55.27609634399414,148.86090087890625,105.76017761230469,36.597686767578125,38.61851501464844,32.32836151123047,97.43893432617188,85.96065521240234,64.50298309326172,28.390270233154297,123.1003189086914,79.4443130493164,59.62572479248047
2023-11-08,71.69200134277344,74.01421356201172,55.351417541503906,149.3936309814453,105.77964782714844,36.711944580078125,38.13462448120117,32.36681365966797,97.66065979003906,86.44756317138672,64.25067901611328,28.18168830871582,122.92767333984375,79.23372650146484,58.549903869628906
2023-11-09,71.08399963378906,72.84745025634766,54.82170104980469,149.1272735595703,105.37066650390625,36.39775085449219,38.019412994384766,32.232234954833984,97.44856262207031,86.04427337646484,63.989044189453125,27.81087303161621,120.38606262207031,77.754638671875,57.52253723144531
2023-11-10,72.85399627685547,73.57197570800781,55.516658782958984,155.1649932861328,106.51970672607422,36.82619094848633,38.43878173828125,32.597530364990234,98.85598754882812,88.29190063476562,64.43757629394531,27.959199905395508,121.10540008544922,79.04762268066406,57.99745178222656
2023-11-13,72.9280014038086,72.96977233886719,55.511802673339844,154.2178955078125,106.1496810913086,36.773826599121094,38.71528244018555,32.549461364746094,98.94274139404297,87.77548217773438,64.64313507080078,27.625471115112305,121.80552673339844,79.38555145263672,57.59038162231445
2023-11-14,74.9280014038086,76.89348602294922,57.42901611328125,158.9237518310547,108.35037231445312,37.859188079833984,39.060916900634766,33.164695739746094,100.92853546142578,89.53128051757812,65.30656433105469,28.728633880615234,122.6303482055664,82.05966186523438,60.43986129760742
2023-11-15,74.51000213623047,77.10990142822266,58.05350112915039,159.04212951660156,108.96385192871094,38.025794982910156,38.987178802490234,33.34733963012695,101.14060974121094,89.6444091796875,65.82984161376953,28.640567779541016,122.72626495361328,82.15760803222656,61.75798034667969
2023-11-16,74.54199981689453,77.02521514892578,57.885841369628906,159.63406372070312,109.16832733154297,38.140052795410156,38.2267951965332,33.4819221496582,101.1598892211914,90.09195709228516,65.01689910888672,28.793529510498047,123.2537612915039,81.3152084350586,59.645111083984375
2023-11-17,74.78199768066406,76.8746566772461,58.262481689453125,160.38385009765625,109.28518676757812,38.21145248413086,39.028656005859375,33.65494918823242,101.80575561523438,89.90506744384766,64.93279266357422,28.872325897216797,123.00438690185547,81.85884094238281,61.30245590209961
2023-11-20,75.93000030517578,77.47686767578125,58.64398193359375,162.68251037597656,110.36605834960938,38.278099060058594,39.08396530151367,33.78953552246094,102.1142349243164,91.20838928222656,64.8860855102539,28.784255981445312,123.75248718261719,82.28004455566406,61.68043899536133
2023-11-21,75.9020004272461,77.1004867553711,58.631832122802734,160.28518676757812,109.93761444091797,38.4256706237793,38.99639892578125,33.77030563354492,102.03711700439453,90.47066497802734,65.08232116699219,28.844512939453125,124.50060272216797,82.06945037841797,61.5059814453125
2023-11-22,75.88600158691406,77.39218139648438,58.967166900634766,159.93988037109375,110.86267852783203,38.44947052001953,38.977962493896484,33.9048957824707,102.25883483886719,90.87396240234375,65.54952239990234,28.983566284179688,125.0952377319336,82.31922149658203,61.47691345214844
2023-11-24,76.13400268554688,77.67447662353516,59.1761360168457,159.58473205566406,110.57056427001953,38.6160888671875,39.13926315307617,34.0106315612793,102.50946807861328,90.6968994140625,65.79248809814453,29.05773162841797,125.76661682128906,82.39759063720703,61.92273712158203
2023-11-27,76.0999984741211,77.95674896240234,58.56865310668945,159.486083984375,110.09339904785156,38.5684814453125,39.00101089477539,33.8952751159668,101.93109130859375,90.69198608398438,65.6055908203125,29.104084014892578,124.98014831542969,82.52982330322266,61.554447174072266
2023-11-28,76.54000091552734,78.41779327392578,58.67800521850586,158.56858825683594,110.3563232421875,38.6446533203125,39.01022720336914,33.88566207885742,101.69007110595703,90.86412048339844,65.90460968017578,29.196786880493164,124.33753967285156,83.0048828125,62.13597869873047
2023-11-29,77.76799774169922,78.99178314208984,58.87968826293945,160.0286865234375,109.60652923583984,38.844581604003906,38.71989440917969,34.1259880065918,102.07567596435547,90.9329833984375,65.37198638916016,28.965028762817383,124.37590789794922,82.77960205078125,62.552730560302734
2023-11-30,78.39399719238281,79.5939712524414,59.42399215698242,158.3219451904297,108.95410919189453,39.23017501831055,38.977962493896484,34.51050567626953,103.19388580322266,91.06576538085938,66.02608489990234,29.090173721313477,125.93925476074219,82.66205596923828,62.61089324951172
2023-12-01,79.48400115966797,81.45703887939453,61.08363342285156,158.9632110595703,109.54811096191406,39.67763900756836,39.18073272705078,34.770050048828125,104.8230209350586,91.2723388671875,66.29705810546875,29.44708251953125,126.43797302246094,83.79341888427734,64.98545837402344
2023-12-04,78.5,81.94631958007812,61.69355010986328,156.64480590820312,108.56460571289062,39.21589660644531,39.00101089477539,34.731605529785156,104.99653625488281,90.16082000732422,66.38115692138672,29.33120346069336,126.67777252197266,83.47505950927734,65.7026596069336
2023-12-05,78.48799896240234,81.44761657714844,60.894100189208984,156.64480590820312,107.93165588378906,38.67797088623047,38.318965911865234,34.55856704711914,104.14822387695312,90.70182037353516,65.85787963867188,29.122623443603516,126.51471710205078,83.62198638916016,63.948394775390625
2023-12-06,77.68000030517578,81.09007263183594,61.29017639160156,155.38201904296875,107.5519027709961,38.597042083740234,37.74752426147461,34.38554000854492,104.6109390258789,89.93456268310547,65.68968200683594,29.511972427368164,126.6106185913086,83.74443817138672,64.3070068359375
2023-12-07,78.08999633789062,81.3629379272461,61.829627990722656,158.93362426757812,109.73312377929688,38.85886764526367,37.489444732666016,34.54895782470703,104.70732879638672,91.02642822265625,65.97000885009766,29.44708251953125,126.45716857910156,84.43498992919922,65.00482940673828
2023-12-08,78.73799896240234,81.19357299804688,61.68626022338867,160.2950439453125,110.44396209716797,39.00167465209961,37.894989013671875,34.731605529785156,105.03509521484375,91.80350494384766,65.51214599609375,29.39145851135254,126.66816711425781,84.82190704345703,65.01451873779297
2023-12-11,79.54199981689453,81.38175964355469,62.19411087036133,164.14260864257812,109.66495513916016,39.27777862548828,37.94107437133789,34.943092346191406,106.03762817382812,92.60517120361328,66.13821411132812,29.58150291442871,127.50259399414062,85.04719543457031,66.09034729003906
2023-12-12,79.68399810791016,81.4382095336914,62.44682693481445,165.87893676757812,109.8986587524414,39.50626754760742,37.420318603515625,35.19301986694336,106.5196304321289,93.21994018554688,66.3531265258789,29.460988998413086,128.0492401123047,85.3116683959961,65.45067596435547
2023-12-13,80.61000061035156,84.47743225097656,62.90365219116211,167.83230590820312,111.28138732910156,39.98707580566406,37.94107437133789,35.76019287109375,107.70531463623047,94.04129791259766,67.55852508544922,30.573423385620117,130.40867614746094,86.42832946777344,67.6023178100586
2023-12-14,79.52999877929688,86.81096649169922,64.23526000976562,170.93008422851562,112.11883544921875,40.64876174926758,39.056304931640625,36.11586380004883,109.09342956542969,93.81011962890625,66.56803131103516,30.17479705810547,129.77565002441406,87.58906555175781,69.2305908203125
2023-12-15,80.302001953125,85.72889709472656,64.27900695800781,171.7390594482422,111.50535583496094,40.54403305053711,38.84893035888672,35.90438461303711,108.94883728027344,94.28227996826172,66.56803131103516,29.65102767944336,128.67269897460938,87.770263671875,68.6684341430664
2023-12-18,80.91600036621094,85.59718322753906,64.01170349121094,172.03977966308594,113.05364227294922,40.606834411621094,39.166236877441406,36.024173736572266,108.94400024414062,94.56423950195312,67.26097106933594,29.584121704101562,128.88270568847656,88.31488037109375,68.89823913574219
2023-12-19,81.41999816894531,86.171142578125,64.44422912597656,172.61544799804688,114.37052154541016,40.98073196411133,39.63615798950195,36.29467010498047,109.78723907470703,94.9240493774414,67.39279174804688,29.7525577545166,129.74972534179688,89.00668334960938,70.30033111572266
2023-12-20,80.25399780273438,85.04859924316406,63.110557556152344,167.81175231933594,113.39434051513672,40.35276794433594,39.26860809326172,35.64741897583008,108.01350402832031,93.48970031738281,66.08409881591797,29.148990631103516,127.87113189697266,87.38267517089844,68.97611999511719
2023-12-21,81.3479995727539,85.85515594482422,64.12464141845703,171.96038818359375,114.819580078125,40.77940368652344,39.422142028808594,35.99519348144531,109.1281509399414,94.53958129882812,66.54544067382812,29.20046043395996,129.43182373046875,88.71231079101562,70.33928680419922
2023-12-22,81.49800109863281,86.13980865478516,64.40498352050781,171.98025512695312,114.819580078125,41.03347396850586,39.53845977783203,36.07247543334961,109.65154266357422,94.66280364990234,67.0538558959961,29.298715591430664,130.0773162841797,88.05974578857422,70.14456939697266
2023-12-26,81.75800323486328,86.79456329345703,64.60731506347656,174.35231018066406,115.21004486083984,41.2252082824707,39.87810134887695,36.21738815307617,110.42694854736328,95.05713653564453,67.3363037109375,29.476511001586914,130.36631774902344,88.43264770507812,70.79692077636719
2023-12-27,81.69599914550781,87.25001525878906,64.60975646972656,174.54087829589844,115.27838134765625,41.325870513916016,39.70130157470703,36.333309173583984,110.59171295166016,95.05220794677734,67.6469955444336,29.457792282104492,130.9154510498047,88.73683166503906,71.1961441040039
2023-12-28,81.66799926757812,87.73394012451172,64.63900756835938,174.50119018554688,115.59075927734375,41.167686462402344,39.0964469909668,36.4395751953125,110.62079620361328,95.16557312011719,67.67523956298828,29.668338775634766,131.2526397705078,88.275634765625,71.18640899658203
2023-12-29,81.12799835205078,86.73762512207031,63.973506927490234,173.55831909179688,114.91719818115234,41.004695892333984,39.0080451965332,36.32365036010742,110.485107421875,94.87476348876953,67.81647491455078,29.63091278076172,131.38751220703125,87.73102569580078,70.41719055175781
