Date,IGV,IYR,IYT,SMH,VOX,XLB,XLE,XLF,XLI,XLK,XLP,XLU,XLV,XLY,XRT
2018-01-03,0.012083725417439028,-0.0016142859815964996,0.00107617247089093,0.014048498943290104,-0.015840044877280218,0.006980165180600877,0.01486542492290946,0.005358171000695729,0.0053716786945547336,0.008306477826516787,-0.00035362942026403174,-0.007886904747085206,0.009522607179159023,0.004580954389531512,-0.0006521087489544855
2018-01-04,0.00774530716803338,-0.015782034781143033,0.0034763078035744137,0.005095531669803912,0.006409956622467645,0.008697133283872935,0.006017629734782803,0.009219808316612047,0.007290792676244934,0.0050425271528099554,0.002826715681502204,-0.008339016656609239,0.0014206591490779261,0.0032735178867484083,-0.005889422286474623
2018-01-05,0.01017264115776628,0.0010095469108867385,0.00478561133448383,0.00643035093855576,-0.002205800334189746,0.007985970863066665,-0.00039996842582251305,0.002819871164313751,0.0068518860031965695,0.010461833758284805,0.004400986573568699,-0.0003897581771791388,0.00848162452235328,0.00789088482725174,0.008712597780501692
2018-01-08,0.00557278390015508,0.005659376135094937,0.008043059026151005,0.006871543303670524,0.005834960579447077,0.0014308764737680567,0.005984453032136306,-0.0014090988066754412,0.00411403609288463,0.003763308983174611,0.00245624857246227,0.0093081330034479,-0.0036429206813228874,0.0011780495860957254,0.0041118807927797195
2018-01-09,-0.0001234645874265453,-0.01160458827454846,0.0019126653340972464,-0.009399773163605846,-0.00815617868322307,-0.001590180318454887,-0.002522326493728106,0.007724963050356278,0.006394865381138492,-0.002557882161592206,-0.0014027840481776836,-0.009892525144593413,0.011704208641330616,0.001961146141592008,-0.01063936725554931
2018-01-10,0.0,-0.012254521116860572,0.0009548779663691801,-0.013329598500134165,-0.009116173860679349,-0.006064280524907446,-0.001196930417312728,0.00835939551765886,-0.00012751077363175737,-0.003470291511865924,-0.0049253827603927755,-0.010976164801510062,-0.0017470499105196593,-0.0006860446905353566,0.007177944563408766
2018-01-11,0.009770880386610973,-0.0034738829335866778,0.023435996747857884,0.004724968994901413,0.009005434368810196,0.013040927779523454,0.0202877823301949,0.004844435745549769,0.01266950399147552,0.004073207270491679,-0.0014113593401730337,-0.003751712551473179,0.0043035827055216335,0.016138872916455518,0.024407022370295586
2018-01-12,0.010584709456114878,-0.008152511323491247,0.007626760885049845,0.005093374430308968,0.007388229830921963,0.0015787782417515212,0.009604323814590972,0.00893488498640852,0.009273145456885953,0.005854213198067883,0.00035311064200525897,-0.0057535474790552845,0.0076311207603269515,0.012840335493769886,0.011356582171317289
2018-01-16,-0.012849650770915674,0.0027252055533781776,-0.01382957573959925,0.0045815667909774,-0.009049492616196088,-0.011742601460351613,-0.012739100563570348,-0.00274088469757677,-0.009021460498698806,-0.0038992467951013687,0.004579127748494052,-0.002190902400930839,0.004940617793121884,-0.007166333491569014,-0.02156092048837545
2018-01-17,0.013878069695795617,0.007101214879660832,0.003155491464636016,0.029421058477609386,0.0021040543260782527,0.004618280236991902,0.008726946129646234,0.007518803766570226,0.005522748737699531,0.014914658593470222,0.011356666166396688,0.00616256835164538,0.009581201827581837,0.004783178544973404,0.010415656034488166
2018-01-18,0.002595929181050332,-0.009826420433038838,0.0005907755339204743,0.00733906841879074,-0.002880584841639238,-0.000635554808893319,-0.008203753014410326,-0.001362705005927224,-0.0053970954770997375,0.0017750317436979364,-0.002957837822714602,-0.006361943662720473,0.00022720307931027066,-0.0008591544454162457,0.0027454420166588413
2018-01-19,0.006789518938511382,0.00647548642865274,0.0036338280719855833,0.0009370070710870731,0.006634891258468285,0.006022876366941176,-0.0013085676300089667,0.007134290533091179,0.0028905155906334425,0.001919071945658682,0.011090150355772108,-0.0029961019390560275,0.0037384417213780527,0.008654556142825717,0.01838740524910617
2018-01-22,0.008230233025893189,0.00810047089054415,0.004499454053651983,0.009786231398758713,0.019320554381516197,-0.0023729769255317686,0.021372514541624567,0.008091794000326344,0.0,0.00968747689462963,0.007553510137409434,0.0013993705018512574,0.006536691733171337,0.01101854756253849,0.012550332866283574
2018-01-23,0.004208225380924172,0.01373567908282118,-0.001660727539416814,0.006471375438115017,-0.012181850284441973,-0.000158693813250883,-0.0015389034214080303,0.0010067269255664515,0.0005018848277494096,0.004372635821406634,-0.0032547702415676276,0.009542759125308565,-0.004842144241470103,0.008394242443183304,-0.0012276819447662056
2018-01-24,-0.005753505041686234,-0.0035429199443226702,-0.014524217671175007,-0.02048122417620708,0.004803205035747404,0.004268670404094678,-0.00269907282449037,0.006686949729147439,-0.0008784638194772353,-0.0077377965764494575,0.0020569279735441416,-0.006152783983684747,0.002930529245637354,0.0042631561148545015,-0.006984261707656378
2018-01-25,0.000416179462588753,-0.0019031276281009676,-0.015896030133369928,-0.016309778631615302,0.004997763670690249,0.006603769856316047,-0.007881713282040155,-0.002001475893417131,0.0010040056033447109,-0.0017603896126758732,0.0005134086670898118,0.015409169912448627,0.008516864000521368,-0.0017587843772967667,-0.0033037351844404502
2018-01-26,0.016862534864458028,0.0003808302747899878,0.010226593318113309,0.03133923880297054,0.007664400388267312,0.004378362498708465,0.005433351640141045,0.007318922631968653,0.011471309438905165,0.015731909007282944,0.004780983636763119,0.000588004284139617,0.02130955690969946,0.00977248985132058,0.010083339770519149
2018-01-29,-0.011821221318597065,-0.012905143410497219,-0.0011979025032802248,-0.0018545714518022724,-0.009183018495759518,-0.011455625019688415,-0.015209841204537538,-0.003985450451178663,-0.006717285999026571,-0.009146426634493414,-0.00392553515325155,-0.012817038473328535,-0.002734748314784516,-0.002755988420199113,-0.0016391208024324408
2018-01-30,-0.009689936836801588,-0.005415840911410044,-0.013624629745224805,-0.019780460611510158,-0.000542571409883122,-0.007286383367589299,-0.02037899232427272,-0.013063272563079674,-0.007894438942630711,-0.009084522212561895,-0.006691265432938373,0.0017845511936120417,-0.02125595850567873,-0.004980336998299426,-0.02260803604654864
2018-01-31,0.01635288811196053,0.01565145116715156,0.0005565783967851857,0.00839112686330619,0.0010848485956618055,0.0007946308543406895,0.0006679181502124889,0.002693518633547855,0.003014873718884777,0.007478461594971004,-0.004658757480639616,0.011032487279716537,-0.014312927198615995,-0.0032412554213810357,-0.009484852774648755
2018-02-01,-0.003178232378966363,-0.01681577015774751,-0.005631342565334083,-0.006121405133504753,0.00842542483252271,-0.013756031537224142,0.010234820776697715,0.009370774539474283,-0.0017577000161918843,0.0008762102021086804,-0.004332930980590926,-0.015797762391850864,0.0003405475322435878,-0.011193162188184424,-0.010431175610386468
2018-02-02,-0.020008191873893227,-0.010279559171956849,-0.021704398512108092,-0.028262612784360007,-0.021856779019283224,-0.026602955173576637,-0.04268607976957489,-0.02223053730927372,-0.020307499862440556,-0.030078433958362752,-0.01929225537728955,-0.007191803143407963,-0.01416997301957765,-0.00961354925229324,-0.026893720643690253
2018-02-05,-0.03146531861405766,-0.03270225732828462,-0.03056669318354958,-0.04613602389362517,-0.03581418372125692,-0.03895602450942429,-0.042859729507832366,-0.05172389209368609,-0.04645295245844149,-0.042716614382356355,-0.03697770862924781,-0.01657602815474387,-0.045320434908983284,-0.034296814475282024,-0.03284844380160288
2018-02-06,0.015948195739081145,0.003507272495945394,0.01632355394505149,0.036174993009271454,0.0023900003423309416,0.03215160461368585,0.007891759127268489,0.01812779116164058,0.018102371531737084,0.02832356143469207,0.010964691655036893,-0.014991214066533354,0.011017865784650825,0.025258938590976197,0.02866262226209314
2018-02-07,-0.0018343261722043275,-0.0039130442995056495,0.002791282980383,-0.02675596723368829,0.002497671169160568,-0.009032983177070901,-0.01686282924082724,0.0007040655995084101,0.0018450296300795593,-0.012901722184460663,-0.004371112786760498,-0.0047705321594122795,-0.0011918011231623123,-0.0030628006678066443,0.009884975818929378
2018-02-08,-0.04653753520963545,-0.029914201078612052,-0.03871171460068524,-0.040632867605431625,-0.03496171623622722,-0.03575177607846571,-0.03069905990630999,-0.04499604456076483,-0.039341827130744494,-0.042310751166018186,-0.02177647611679521,-0.01129006426616147,-0.03531687154815393,-0.040693764869344756,-0.02927680333142483
2018-02-09,0.02012067935358027,0.0205425113806046,-0.0015864253762544426,0.02580594931390845,0.0019942408792307724,0.017265432076637482,-0.0007498256625335116,0.018965000311922883,0.01076082421633767,0.024216370178003696,0.002050244100311318,0.02080796951051456,0.014106416381767817,0.006666688618666576,0.0069532025594316454
2018-02-12,0.015401651534966006,0.002997980983332424,0.015807665193113985,0.020957386350512384,0.0110715731807054,0.019997481095372607,0.016216713373011966,0.013991364767916122,0.015993864403874083,0.01778538592855016,0.01018819942806361,0.0075907207190843455,0.009334760505490933,0.013495630804565182,-0.0002237493861776446
2018-02-13,0.0061686732277306915,0.0075899485566005885,0.007463838861172814,-0.0020056828772571493,0.003355734247285478,-0.0025199834783234207,-0.004140576421494385,0.004265739658890405,0.0022641647299800408,0.002470948980513755,0.004596906892695145,0.004486005453476818,0.0007240466044485541,0.005172978096125892,0.004906539726830147
2018-02-14,0.018341301274418593,-0.0048730153698057594,0.009159159012337775,0.021059651961798265,0.002768561878943477,0.013367071088424843,0.014418460839764188,0.023489237339550446,0.01255873425277703,0.018189273505987116,-0.000550601745440782,-0.011253533341103449,0.011271299986614688,0.015838051834335492,0.018077719372691505
2018-02-15,0.02457198030205813,0.009856621228049886,0.007341154954951154,0.0125038661029146,0.022664738237687852,0.007440849624465058,-0.0024861795633521378,0.005528750069952002,0.014994647926259904,0.018905385984929482,0.016384837349363034,0.02197893325903111,0.011027243361139841,0.00887103999010921,0.011513084195645954
2018-02-16,-0.0018872294778738564,0.008428527199258498,-0.0036898963142778314,-0.002138133925048111,0.004494291243667942,-0.0036308698051459426,-0.0024926955648532424,-0.0013793052611347602,0.000259059924708469,-0.001487174350687821,0.003964378498520106,0.008817626157910265,0.007167512731214055,-0.004855100215560234,-0.0019455173691374746
2018-02-20,0.0053571711292703895,-0.012467298028436645,-0.015595776234276907,0.019651941442233506,-0.012975955246288154,-0.0044742189440919195,-0.005446210698838011,-0.0031102560762286935,-0.010142974754632123,0.000892090482874599,-0.02292229800027503,-0.013053551993960662,-0.011066220219722676,-0.0030585670660359,-0.019889451586788755
2018-02-21,-0.006892752869806404,-0.016731798535204692,0.003320524741605388,-0.01093440363350147,-0.01625877672511234,-0.0034937242988746712,-0.016970110894780545,0.0013834448203187666,0.0002609455982183987,-0.006415394425608884,-0.01203413139166218,-0.013226203411865627,-0.0041524126636472035,-0.001436957192861656,0.000882873288528213
2018-02-22,-0.0031379931136587356,0.009284687208169906,0.006289275005002219,-0.0033810674727716926,-0.007066117163050927,0.006644304080681857,0.010899960333241959,-0.00833037904391353,0.006642473494886617,0.0011969107322104997,0.0026047240241161987,0.005107809574438174,-0.001546741809692233,0.0012455401475499656,-0.0017661451020276155
2018-02-23,0.02001998435563401,0.016845596801252426,0.014557839558751473,0.02220202360909671,0.021278262322665737,0.014627570667605278,0.02144952416614381,0.014876381673692925,0.008272327194706568,0.02071383389006798,0.009613681401071099,0.02575074897016464,0.015828732947360504,0.013881232111248271,0.015347895768679048
2018-02-26,0.009257118804160172,0.00346818276527899,0.017801480647416705,0.019958479976458474,0.012777824544533396,0.004395771026890368,0.005941324010901489,0.014996816905924856,0.013681013980910579,0.015546852487314121,0.006235972836707547,-0.002983587087320488,0.01257742916486354,0.0083681599902888,0.0032584642079668573
2018-02-27,-0.008560063944307207,-0.021265680514917725,-0.022735811304276942,-0.003717952869000062,-0.013574667567057917,-0.013903961000159374,-0.013089259748429468,-0.00951721934476563,-0.012651317235407007,-0.010143350639070113,-0.013252755473679564,-0.01606463998772952,-0.010470602117504313,-0.021387869268007426,-0.020596626476414328
2018-02-28,-0.003316242883145522,-0.002451867511037198,-0.01420330667010319,-0.0079465884246061,-0.01007349009135554,-0.017949754698298202,-0.023251546925964286,-0.014101949187098358,-0.014377621983236671,-0.007162586095208781,-0.010430265761653481,-0.0069064873305332295,-0.01615089368625201,-0.004506219374298747,0.002431999927652204
2018-03-01,-0.00848626343558484,-0.003141195321063851,-0.003582866109796941,-0.016085168192627328,-0.0011511445824127142,-0.01028232960597098,-0.0014996009858216095,-0.01747068088093832,-0.019763538878554913,-0.01671509737229515,-0.002249319715778686,0.00020396543541856344,-0.016053877999144317,-0.010820474043453036,-0.009541741413440056
2018-03-02,0.019844170694055537,-0.0017799268009302432,0.0002143694743193541,0.015521917052868298,0.0058570990954826645,-0.0010170737148718677,0.004641137086240637,0.0024645822173436655,-0.00026573803938589424,0.009501449054840521,0.00840889908380714,-0.0026526794853879636,0.010093645829687914,0.0009711328323996889,0.010204214159765248
2018-03-05,0.00951923423463686,0.01117458469984861,0.0018191623700652417,0.011485154795096127,0.011612180245950527,0.01314255265594368,0.010549165448332653,0.013966653114002166,0.01190787032803445,0.010143476657744769,0.008707698183186256,0.020226825100983625,0.009045200347144025,0.011865234599759114,0.004844074261645393
2018-03-06,0.003589448180061788,0.0063493866371178145,0.008145970502053004,0.01456243676767636,0.0028257036697274854,0.010987224668861142,0.0005909856096860106,0.00415223908331968,0.004461958340177669,0.0021914652420155713,0.0007376940703539459,-0.013506660002622827,-0.0014229531930020829,0.006880764712873762,0.013958292340968676
2018-03-07,0.016245626981236473,0.005104253957262678,-0.0032928338892034333,0.004291481029553446,0.006749081496917622,-0.003649086255691289,-0.007561659217413103,-0.001727927707799462,-0.00013073759726017919,0.0055310287119374165,-0.009072941491369203,-0.007537838532621551,0.005089139771889447,-0.006784935189878542,-0.013739232627829069
2018-03-08,0.0070253853512007285,0.005078141299840125,0.005464379268643702,0.0004553490704535262,0.002798908764947902,0.0008303072636161768,-0.0002978135429818034,0.0031084155200565016,0.005224211086869626,0.004344412118139424,0.009072941491369247,0.007334901871848918,0.006706499270526311,0.003159128095026511,-0.01705251696735762
2018-03-09,0.012698367008060674,0.006245290076524335,0.02626606786164995,0.019121902099597504,0.0008939163075469303,0.017935830065660466,0.018876886905229498,0.023851194853728327,0.021778173978430893,0.018753530659222906,0.00643103936919147,0.002837972942914386,0.014319883648908342,0.015366191975184582,0.015074594463584966
2018-03-12,-0.00159226466558483,0.005021422548923903,-0.00258036944242316,0.010133650287120493,-0.005151389645351763,-0.0024494332862726137,-0.00029241023917670004,-0.003372896760622147,-0.012441806551263231,0.003115454949719631,-0.0018331111827593624,0.00424201456728892,-0.00428562525877545,0.003288842343339473,-0.0033061458317217352
2018-03-13,-0.010605898149638854,0.001580060278675639,0.0043309687289479395,-0.014072234543837403,-0.007437125672963945,-0.004095078799908507,-0.00718608571147232,-0.011211369664737802,-0.004916520963499588,-0.011518158302424942,-0.0007340465557140517,0.0022146242387340604,0.0012762168162082333,-0.007061235492885575,-0.002431116147477608
2018-03-14,0.00033315263411453017,0.0007893152951931714,-0.017228146719422417,0.0005379472550678766,-0.005899179979667416,-0.012387799400881486,-0.005904959111074346,-0.01133833693819542,-0.010954673276024203,-0.0008585329267477935,-0.01015094545453915,0.01020529335685822,-0.004881531878715183,-0.0012288599479699832,-0.005769887644498021
2018-03-15,-0.0010554533603756207,-0.00026305687542705855,0.002509124681183895,-0.0008968375911757463,-0.00559077321285476,-0.01321617372282019,-0.005195618300524287,0.0003456355458978763,0.0028807467460403003,0.0005723583270710191,-0.007073902917139622,-0.0005972921751519071,-0.001632691830996467,-0.0010413162533073194,-0.006251622849144785
2018-03-16,-0.0028381792041242346,0.005901386431621992,0.008836734161666544,-0.0003590191846251649,0.012847045540317844,-6.774113618739788e-05,0.008879044684903041,0.000866144414185332,0.005328561597751364,-0.0010337486208955304,0.0003573793358278528,0.008734201563809291,-3.0708995465517064e-07,-0.0010449854059050904,0.0048395689737939784
2018-03-19,-0.011547221426450595,-0.009326742641336474,-0.003785073767002634,-0.016379747642882803,-0.012500581391666016,-0.014474661410702505,-0.015571516679405687,-0.007300555675304197,-0.007733796231393988,-0.020023792517384797,-0.009813462613405434,-0.006188198135738773,-0.016293138389330566,-0.012533224347620307,-0.007628044205949733
2018-03-20,0.00022531420942005582,-0.0007923596513230963,0.004043750582956295,0.006729166262176855,-0.009975101744031368,-0.0010295725380792648,0.008414923200482878,0.0024395742416824235,0.0034157005035657917,-0.00043994549928118136,-0.0028483996257325224,-0.0046160467369798334,0.0014277237170635866,0.005951240365898033,-0.00791451125363306
2018-03-21,-0.003670516122112411,-0.007690320096964679,-0.0041997175146091465,0.00208236091489841,-0.004087491391723428,0.011268404014803404,0.025848622442933556,-0.0003484116466604372,0.0011793985062293082,-0.006029676770416277,-0.01243945122312837,-0.0034255865878075505,-0.004288570525546004,-0.0007656221763436741,0.00022705060242238746
2018-03-22,-0.02412529966971375,-0.005814559323718428,-0.028937419083378088,-0.027321179823865158,-0.01438199920908739,-0.03033644885495141,-0.02062533025067492,-0.03760631508660043,-0.03356734262004731,-0.026154217682482675,-0.008314703737039488,0.004431022060952175,-0.02919062411709665,-0.02149195540780778,-0.015784729939319862
2018-03-23,-0.024526131218203996,-0.01605729921656272,-0.019344341378814457,-0.03297562714141201,-0.017850200013921576,-0.019795572272289366,-0.006121771643663481,-0.030839465811978908,-0.014738383443834328,-0.027011988683977306,-0.012505138929991425,-0.014167429457226342,-0.02099096021168905,-0.019865446373669507,-0.009497993893576962
2018-03-26,0.037883162967522074,0.012541122501415845,0.021113783032381556,0.038999050375732,0.008185817676242903,0.020320636608264997,0.017812571869311636,0.031923554725454564,0.0239078687876362,0.03725591329684688,0.014251091654858949,0.010341840041427897,0.02049879312672147,0.029118951500612722,0.03116626820471521
2018-03-27,-0.0364586949480504,0.002706050341865322,-0.019091448810529522,-0.035068274131376205,-0.005771490767578551,-0.010196991181101674,-0.009460720404374887,-0.01969457501984644,-0.013921820944172906,-0.03259966310663896,-0.0005816456017007389,0.0142216701358817,-0.011875478667804343,-0.019779353597340586,-0.020515853957242425
2018-03-28,-0.011873800174287984,0.01913499894875739,0.0009277121545240071,-0.022448933471365503,0.009839755783338929,-0.012804948273956515,-0.01964776923463187,0.0018401957124164108,-0.0034091216011186386,-0.0066808139980257435,0.01367628056609701,-0.0003980110820254371,0.005336594623128277,-0.012238345721084424,0.01031058766511861
2018-03-29,0.018436207999369885,0.0002647235162131997,0.020090390962336193,0.02024569402343245,-0.0009561544657916066,0.018970538817040382,0.02083544602209618,0.013511518325325591,0.014508337573613608,0.019603940003396783,0.006863965561815047,0.005357499117701191,0.007522117058667233,0.013918039020979702,0.009754167106792385
2018-04-02,-0.02294843396243579,-0.013875990878807745,-0.020090390962336096,-0.03731988683108621,-0.020649180730293173,-0.022018038480689422,-0.020230139108969203,-0.022374351240918508,-0.02081039736311214,-0.024134921069644866,-0.024816046743431776,-0.007747821648347305,-0.022989625605582917,-0.02864215845211483,-0.026766037375360072
2018-04-03,0.00930267813452581,0.006562069127134413,0.019555621345415025,0.018247708313004464,0.007172980297095435,0.014083618811935155,0.02111969166039779,0.013630984800519214,0.013785638046981527,0.009817143945669002,0.013157796555281945,0.003384663281335212,0.015096017599507081,0.01261944351985839,0.012900462215685827
2018-04-04,0.018407755958082438,0.011149197536797991,-0.0010167519752984956,0.012143736144402962,0.016459504583962538,0.006528656424007772,-0.0013347059244553376,0.01055507052178453,0.004328620530110631,0.013859056187512632,0.01545110522759488,0.0021841534439350904,0.01413952110784492,0.01819238001818334,0.0273188656081143
2018-04-05,0.0017576231157613502,0.0009240663144185588,0.006618200637083424,-0.01106908207875368,0.011492852204253003,0.018470548169423957,0.017798615657445314,0.007933643512727668,0.010071973188538976,0.004120618977026479,0.0024575073816937762,0.007901831911260643,-0.0007328482487246034,0.013308700121209523,0.007985528302250735
2018-04-06,-0.022138774290870945,-0.009008027581637964,-0.029859349610086502,-0.029326513521806204,-0.010896940863733584,-0.024645077212917137,-0.01824372662614492,-0.024360249878044957,-0.02804849694884722,-0.024825780917687376,-0.010248516680452291,-0.007901831911260553,-0.024363041978631268,-0.021518733383562843,-0.01715915063044618
2018-04-09,0.007156696619364053,-0.0017317005226873434,-0.0027993320333577322,0.0068138524902397295,0.0015470369493180093,0.005470668748222491,0.004739662632777227,0.005505435912212487,-0.003028119043029516,0.007776004132965447,-0.0005724333322979655,0.001981003705388013,0.0098412842309399,-0.0023865369858099075,-0.005861190574952947
2018-04-10,0.020703324028250248,-0.0038731167234664857,0.010225736187571083,0.03009951650719468,0.02883114725534037,0.020382079263474115,0.03256609228086408,0.01489590008321952,0.015183661711985258,0.024333588243770358,0.002287679734737123,-0.007749459710545124,0.016718373590958874,0.01207331814545644,0.020587177902986607
2018-04-11,-0.003849427791226797,0.00227221642576558,-0.0029969455986174737,-0.00048452142390834253,-0.001734075205793591,-0.007442761357529623,0.010387701341949678,-0.011971900617566814,-0.00735742276364881,-0.005914057294800554,-0.0019060512096556294,-0.001397219910964979,-0.008200746625335457,-0.003054233907092886,-0.002661398984552982
2018-04-12,0.01502137814891463,-0.009524513791843159,0.016130365684169475,0.016441708958546287,-0.004058874559919658,0.010542048969386722,-0.0001418075942561499,0.017366455591267163,0.014257519956092318,0.011943839897068194,-0.0015279314038850495,-0.013271953509679598,0.00673697903079248,0.004331991445144675,0.0013313461308167309
2018-04-13,-0.009950319787654356,0.0034982876881308653,0.0011268522011286335,-0.009389699081552204,-0.004308588716569009,-0.0010321833877601464,0.010983339037663405,-0.01517923517295469,-0.0024297983478035984,-0.0033119889297459617,0.0049563201121695455,0.007863723753676895,-0.0004884346439528333,-0.00561521842890803,-0.013395934474297346
2018-04-16,0.011330674749041241,0.004824073072967879,0.023167544301299442,0.002019485719628404,0.015631662316919443,0.013333628542818832,0.010170608515963018,0.004360946640460242,0.009951997922512133,0.007660502668276654,0.010780288551898614,0.013565092497340678,0.007908289120849885,0.007480107462624106,0.007166996229488026
2018-04-17,0.022283969596486104,0.012882606328006231,-0.0020985845606374255,0.018088836146150054,0.008465699713960556,0.011312889366995062,0.0038738226986894885,0.0,0.008394980422740426,0.018384597614786485,0.002254670264825063,0.010054266159745983,0.0077255814854213815,0.018459754560777107,0.0064507525193764756
2018-04-18,0.004319401689802311,-0.0017172923448223148,0.017542775590119162,-0.011386259935432304,0.0012525079734464046,0.007193807672321102,0.015618954727384103,-0.0047249894584726155,0.010296890818734385,-0.0026478297302098804,-0.007535630307283622,-0.0037339646330278855,0.0008413528331188164,0.004705910390524353,0.00044338556575235655
2018-04-19,-0.00871409102071389,-0.01437875434162631,-0.008914706106970779,-0.045588916509158195,-0.006162848535524607,-0.011231492833461674,0.0012225682484624497,0.01518448118533473,-0.002761954549973934,-0.011108696526363874,-0.02936039254819395,-0.0005907889281318122,-0.008445977091283148,-0.003166893879237386,-0.012264588113362646
2018-04-20,-0.01284333851411141,-0.008619617566642264,-0.00983639991416629,-0.011552719124186069,-0.004015108242525694,-0.00540916752046197,-0.004763342719440048,0.0003587968056322625,-0.004355834266657878,-0.013948411007064591,-0.01688943556878211,-0.009103524886880055,-0.005345803292432342,-0.010240626762588325,-0.013325726167989143
2018-04-23,-0.001030067635084693,0.0006761117054308394,0.004302201963240358,-0.013017532984683862,0.0016078637808073825,-0.002885517795872799,0.006120538387518085,-0.0010764577784789257,-0.00119071905008079,-0.003631423088838797,-0.0011892776575999967,0.0005963851010676636,0.0038909105584165556,0.0021340167726866224,0.01062974350868988
2018-04-24,-0.017209002504760245,0.002430300959446145,-0.020522353357333677,-0.005131323498886888,0.0030937888242775777,-0.027398645789844064,-0.010769825496939339,-0.0064841582178173,-0.02834108227140404,-0.017586056169098023,-0.006365553168546836,0.006732482262564078,-0.007551725452708236,-0.015920578457194773,-0.002027155845937592
2018-04-25,-0.006779536930311453,-0.00215974033210796,0.010366670552463797,-0.005054527076515435,0.009110520334751885,0.005401009597691899,0.00791820113619998,-0.0007231713513968068,0.0028571373352106856,0.00015421149329530832,0.001794529037999016,0.0001974150638751363,0.004513342567928034,0.0041266048948638695,0.005620250973975075
2018-04-26,0.02204012796992824,0.012088538623060046,-0.0077515620864916325,0.02077537559378956,-0.018420654244051655,0.006235937385576413,0.014444875390401289,0.0003615707311215406,-0.003674708824697386,0.01803755099720096,0.005958455398336777,0.010012620872739679,0.01257875959950282,0.016048472882674872,0.014465491960453814
2018-04-27,-0.0022972237421554987,0.012867353118268664,0.012658008756036043,-0.006503490567095034,0.009767536722865502,-0.0025935247832788435,-0.010644952899533197,0.0014451374083118062,-0.0020475139126505727,-0.0018194089520278728,0.005332282598477999,0.01010722333742718,0.0040783126274658126,0.0045248296696222285,0.010112198388277184
2018-04-30,-0.001323562809693356,-0.0030360419010211593,-0.012231582348119895,-0.009526121801013058,-0.03065358932444256,-0.013069804140657275,-0.00013525926542931065,-0.009066198782707374,-0.013341839770897167,-0.0065471138019800295,-0.00632306826109495,-0.0029052227226005574,-0.015440738546445938,-0.0039460741890101556,-0.011881331638976266
2018-05-01,0.008770216249382809,0.0069827716150359775,-0.0034158857284149265,0.01592847289789555,-0.014130791785378833,-0.0008775867865191033,-0.006115548933236512,0.00036404281801235243,-0.004579623131196209,0.012448642928761248,-0.008759630744563596,-0.003107726579361492,-0.0004862496405756705,0.0013491546975961271,-0.002659343290001415
2018-05-02,-0.005493765265097745,-0.0034193437945226664,-0.010047091141929016,-0.007218123134978572,0.0004778309035046491,-0.0022847838354509644,0.0040812342403838565,-0.011353467549987489,-0.008802406299797795,-0.00105640340731296,-0.019790668277318117,-0.0009735307203280632,-0.01383928155701728,-0.00686090283519595,0.003986653128415615
2018-05-03,0.005322606315617774,0.0003950286494052495,-0.00227015430056287,0.0024458225946586806,-0.0068363472210917755,0.0045646737226812395,-0.002310653988550093,-0.008507305458725037,0.0023825902995273343,0.0022630929286454964,-0.001020313047591028,-0.0013643841311236676,-0.009042963351852456,-0.004470388886952127,-0.011784594735242977
2018-05-04,0.015238236197197065,0.010479479111414065,0.011622342888875401,0.025623090620653727,0.008508647314031339,0.012359599988016242,0.004886920213350134,0.012917773516024855,0.011552932127414968,0.01880913872781298,0.01439151220324731,0.00447541869807791,0.007932634707262113,0.013063452443418127,0.006243018913180611
2018-05-07,0.0105133067705936,0.005458167707195678,-0.001445370986974528,0.005342769211352268,-0.003706055184072534,-0.0003459119397053831,0.0013528646473116317,0.00657895667467541,0.006620710367990441,0.00692638245980141,-0.006258104898092926,-0.005255397265957452,-0.0014825026292385893,0.0033589336493165902,-0.0046786545303718246
2018-05-08,0.004994302999047677,-0.004937130421010302,0.007525249978069953,0.006981683703372977,-0.01241384478891801,-0.0020788441961844773,0.007812538599694325,0.006897869506258456,0.007123458076467573,0.0022005562196223604,-0.004058386515930712,-0.02529755541943621,-0.00757087924975576,-0.004225074755992507,-0.0006701559851958547
2018-05-09,0.01619714133648831,0.006103060723820312,0.006307646255836959,0.014108673428787398,-0.0055936437822356085,0.01429212935755203,0.020189463292217585,0.014724626965910325,0.010725848748300362,0.012234168730081152,0.001422189430113101,-0.007030415486747809,0.005714330115309505,0.0034580982604356762,0.010005677136267883
2018-05-10,0.008946236066455946,0.00914821868299485,0.009988959702070668,0.016481854901223995,0.017288299259354267,0.0071549302927594914,0.007467183847846582,0.008166217209309639,0.0067292150476973315,0.012944662451137576,0.005870993550995006,0.01401135900894657,0.013289187094651388,0.003637064827532059,-0.0013283900310004835
2018-05-11,-0.010636076039647635,-0.00411270687032895,0.010459907711624443,-0.00772790943119657,0.007998917191264242,-0.00033969776215656136,0.0014343277273314297,-0.0007075670120433796,0.0021437734982973447,-0.0014302453312014364,0.0,0.0013901843738323852,0.014802792509207961,0.002099832945320189,0.009041743585561106
2018-05-14,-0.011412323892558304,-0.0073687950234155785,-0.005398400353111411,0.01728106567802144,-0.0057238036918365355,0.0038979427972435656,0.006883566368940169,-0.0007078320163009216,-0.001741363317006003,-0.0001429483813706947,-0.0004036463539431939,-0.003778226207128854,0.0066021343019241965,0.0019047997560896713,0.011134566802984419
2018-05-15,-0.004368916771950857,-0.014902202988917016,-0.004172348639334556,-0.011265324467046176,-0.006237974765496703,-0.0030491811164694506,0.0002591918465917339,-0.0017722085746707675,-0.0033574761167762574,-0.00949125487609286,-0.0038441317147066448,-0.008403639304226213,-0.01300570568960541,-0.00582139335888744,0.003034793778760134
2018-05-16,0.0011078282972853363,-0.002901266643428268,0.008586770501133812,0.014085408446806825,0.0034834135025020663,0.011806508297930061,0.0034876189898985182,0.0017722085746708922,0.003625620626854126,0.004469216930896986,0.007069797671277242,-0.007866599438279907,0.005560085731612874,0.008292494742692773,0.016103799433076074
2018-05-17,-0.0020505122490769643,-0.005164838456051496,0.0038785835579447565,-0.006592429294284522,-0.001199975647361264,0.002344726162327887,0.014974088329255088,-0.0021269801875672353,0.0038798622077295146,-0.005191801972688789,0.003416222053640763,-0.008133299887760202,0.0003614305123880156,-0.0033276358427731926,0.001063951440747449
2018-05-18,0.006635077801476362,0.002254563736265273,-0.000671056094581227,-0.012168723222122056,-0.00011966722935198146,0.0013371436838912859,-0.007779246119475753,-0.008195156449064463,0.005858122278866161,-0.0042018834108795595,-0.006238241656268331,0.00020422591463456746,0.0025274130646690436,-0.0012390627667367906,-0.010479970625671913
2018-05-21,0.0009363469570329289,0.010672596138699397,0.012575526552245093,0.014245192857718782,0.00872750382344873,0.005331661350987818,0.010190456273362397,0.007130085807276344,0.015020372209842908,0.00867444231642687,0.004229905882094649,0.005089847827261121,0.0009608164086760005,0.0055151982777028345,0.005574202573344078
2018-05-22,-0.0062409038831794375,0.0013098683616214629,-0.012110721368214087,0.007140779808102686,-0.00023828761050859236,-0.008343091218626315,-0.013395837691458171,0.006726838379620595,-0.012368902392454051,-0.0014402775344069742,-0.001810394912298355,0.003648770811543506,-0.001922872349913777,-0.0044668899453301145,-0.017688003099460482
2018-05-23,0.012880665742032123,0.008471991134098097,-0.0007231236690998095,0.0011228610296173506,-0.005013318799499685,-0.002348358356374723,-0.00012865684011704318,-0.0063718465569193835,-0.0009275446780599028,0.007324506928114948,0.0036180880120268836,0.00906469226655611,0.003243196883358365,0.007213396911947463,0.007156221504142892
2018-05-24,-0.0004921562177905668,-0.0024688571976113033,0.011455671475700424,0.0028949912168467714,-0.0015566567040839745,-0.003533704367561711,-0.016578317113131267,-0.007843134599203423,0.004891786720004092,-0.0011453403275903226,-0.0008030685572163327,0.008187713974903775,-0.003965373028620439,0.002172872892540034,0.008177266720118802
2018-05-25,-0.0022462748503979664,0.003377089876401373,0.004281096708346531,0.009928170942528508,-0.010360344300058702,-0.005407873790095551,-0.026333240613048044,-0.0032263008347883887,-0.0018477934388097454,-0.0007163567337516597,0.0016052080437673256,0.00436604681589934,-0.001445813404334423,0.0015088412861628273,0.0
2018-05-29,-0.006657817798466688,0.002977556412212757,-0.014084854881102588,-0.008064904596883452,-0.003639470096378195,-0.017436506210168908,-0.003088671474624539,-0.03396355040318829,-0.01611573233590773,-0.0054628098667729875,-0.0022076714498848126,0.0,-0.010301241782305001,-0.007756450923554883,-0.0006431456996499141
2018-05-30,0.010871895764651283,0.012590265011568706,0.015609600176119327,0.006031655154341686,0.015317326944738327,0.011657951072816433,0.0298135070994912,0.01803842170586194,0.01399928373277324,0.007324506928114948,0.013966642059647257,0.008085692592099911,0.014872690451823123,0.0090745799452727,0.01342031653014733
2018-05-31,-0.0008740310937209362,-0.0017890721984049017,-0.014423932933390263,-0.008361261950712648,-0.011677856848360074,-0.008386736429638171,-0.007600682491891374,-0.008426265570896516,-0.014536274494076922,0.00028618918078327334,-0.016179198108340367,0.0015702189774513316,-0.010981779893406726,-0.004810459672826215,-0.019011579191109098
2018-06-01,0.016210864419006394,0.0034476566995734884,0.013153899956268679,0.0215955473045349,0.007720100222616579,0.015181512309990885,0.004724451621515033,0.010976951911579396,0.01095537623605904,0.016881287734326927,0.0,-0.015415299915872028,0.011461401818312539,0.007347840677763054,0.005376450145930641
2018-06-04,0.007447915815902472,0.00875583898373885,-0.007246645554971572,0.006824072056726184,0.004914786117690403,0.0057392342109394996,-0.008678664472261951,0.003269911449922071,-0.0014631409335698962,0.007985982901228325,0.008222053224223855,-0.007998313601718371,0.0037120330116474473,0.01110769722046178,0.021643415304036615
2018-06-05,0.007604496769445802,-0.001264509072203808,-0.003643111093257126,0.005606265189074526,0.0034612767921022402,0.0075459114277307586,-0.0023800261152739227,-0.004362289305766761,0.0011970002354551382,0.0034826441894022534,-0.004603965212196913,-0.005233629042733655,-0.002033961679692782,0.005830955419999058,0.017685075733746572
2018-06-06,0.00649519332862576,0.001137589979594306,0.005945209466745145,0.006381825831343285,0.004399660280218988,0.018373653254699505,0.004754757061386353,0.01805117801650235,0.008338431080471179,0.0065148529308616835,0.001202968073376794,-0.024102415537605667,0.011195047109742997,0.009277647254967047,0.006987058907801909
2018-06-07,-0.01709346692520142,0.0006319754710614567,0.0005618862071564174,-0.008006230199508038,0.0031978345218518878,-0.005097719704575428,0.01503758520118613,0.0032146173971922373,0.004208945274388014,-0.008045676400807722,0.006193563988749847,0.007004438018267692,0.0013016807047603626,0.0029217305288196985,0.005921255000685623
2018-06-08,0.007201905219726433,0.002900076254712351,0.008745603375648756,-0.006796935693742326,0.0024807972612538942,0.0027989576352779435,-0.001948687351720182,0.0014259623395038083,0.003275760078432805,-0.001673084336378672,0.012272290596763491,-0.00041074156757684355,0.005778460061359548,0.002094333168754489,0.008716074276196554
2018-06-11,0.002760389137661301,0.0002516119652131292,0.011126348482949605,-0.0010917292411125085,0.005294216866539032,0.0014783452717437723,0.00518806135872753,-0.00213919139705835,0.001960659657805958,0.0011156622411993063,0.008228995537469145,-0.0020557374145643353,0.0018797045306348105,0.003995067206871113,0.01043966104855213
2018-06-12,0.010179297213994526,0.005022499762801715,0.0028495379851288033,0.0029997081160039367,0.006316690286783981,0.001312358702117658,-0.007661740488675174,-0.0025013883396378025,-0.0010451154581192128,0.004865540157627606,0.0019490587421690385,0.011459173469364769,-0.0005867908201689161,0.004790886108301368,0.0035886365285049283
2018-06-13,0.0037710090929240843,-0.02037099834901216,-0.0077177335981124225,-0.002089739251451121,-0.01326425182467959,-0.010878650996232605,-0.003787493479641202,-0.003584357804014252,-0.008004954251650319,-0.00514419545123361,-0.0031206898814572673,-0.002648730677862015,0.00023463449524142613,0.0015318908033875574,-0.012414978193115711
2018-06-14,0.005422063173494226,0.00992093311993884,0.0007542480181141176,0.00154487816025686,0.018961377834477457,0.0014904900992804481,-0.0014404330127891674,-0.009379825748111428,-0.0038280186680047824,0.007083733793429866,0.0017567015931680542,0.012367097927053152,0.00515287795043809,0.01039043939260278,-0.008498763443638615
2018-06-15,-0.0026032345952095963,0.0010123073187191195,0.005414813288344253,0.0016333221491264343,0.00578060975210236,-0.007007158375895474,-0.021712285875496375,-3.6154342327662385e-05,-0.0024994443600981193,-0.0038271950488881178,0.012770389451052078,0.0070900254811536575,0.0019441397621225325,0.0016427709744753708,0.006443280685428409
2018-06-18,0.006080671276262097,-0.0008857203607935477,-0.0019520597802590671,-0.012131337092445965,-0.003002027375357527,-0.002514428735490552,0.009927340902250009,-0.0018218088816193906,-0.004135000731567288,0.0011151102933342684,-0.014658764710093268,0.003224741820201204,-0.009641211179595616,-0.0016962677972428854,0.009476308825910159
2018-06-19,-0.007332458525217632,-0.00012658695792555104,-0.016976193787385574,-0.012001609264865817,0.005764425018403209,-0.01846394020198517,-0.0022719421027298063,-0.002556315337278469,-0.021346663988090524,-0.005166461332330433,0.005302130746234255,0.009810841497711586,0.002595813878455031,-0.0012516440704548695,0.004405628103661151
2018-06-20,-0.0036077925674239133,0.00969834710842793,0.0005094651640731505,0.006203380219138513,-0.0005745476145768725,-0.003254145639519663,0.004405636536550473,-0.002562461415577422,0.0006822849402437041,0.0020977140091332455,0.0009786963563021475,0.0007965904993765934,0.002118651701780165,0.004730092166093786,0.010138314182791422
2018-06-21,-0.01074395281781214,0.005126421896866103,-0.004133979021445979,-0.012539034427240758,-0.008316241628099083,-0.010691559126209348,-0.01868930595625318,-0.0029370433051902497,-0.012634077352305862,-0.007713496636674004,0.0019545238516653425,0.0033788099776518314,-0.005778184803096851,-0.0071482997439560325,0.0009884022822008428
2018-06-22,-0.017250475853246378,0.006339657598503265,-0.005178037005148226,-0.003745652095463348,0.00612839159963007,0.014458337705097475,0.019754448353622285,-0.004790792468750907,0.00344916688563244,-0.003243218793785251,0.008168265480596206,0.006920394934884255,0.004484072117088884,-0.0017055499883827836,-0.0033646974286327025
2018-06-25,-0.020188431550304888,-0.0034756358986614802,-0.02324695466659895,-0.036788148978692134,-0.012644335805812605,-0.015672533428393486,-0.020297794540136645,-0.010770728212458225,-0.012751340550739936,-0.020981691435116436,0.00502304459693535,0.016416162707352598,-0.009226439921344812,-0.021978708328948257,-0.01578612420400188
2018-06-26,0.005198718898182547,0.003947052704327776,-0.004749458809264937,0.009203992355051382,0.001283000939981332,0.0038115753759003983,0.012550043956671787,-0.003366162877615333,0.003759245450728329,0.004030718409372096,-0.004249015911046637,0.0011623888712999182,-0.003094425382141396,0.007137119271689461,0.004019971717798729
2018-06-27,-0.02279246060504494,-0.005392528168839495,-0.01393393713889885,-0.02480117335831884,-0.010077378257480271,-0.003117247773339717,0.013321281479727094,-0.012441351812958704,-0.008092879806980894,-0.013741371719653318,-0.002130933120639128,0.004828467803367483,-0.0084994632742487,-0.013031708773093873,-0.015159389723821907
2018-06-28,0.017967523091999425,0.010631264088560076,-0.002637906888518377,0.010033622231218063,0.013187534387148791,0.0038084717695099795,-0.0013243415731965546,0.008687463367798425,0.0013997386319962726,0.012159959928989971,0.0,-0.00038507194006616284,0.0013215301182461087,0.00782109464206282,0.00020370835797747005
2018-06-29,0.0040041431557578805,0.0024854287760745393,0.003819810003167155,0.004881981004050332,-0.0039958225073661304,0.0034502018488461045,0.006208229449767337,0.0,0.002096396383635334,-0.0004319756856001531,-0.0005819773881946602,0.0015405219334555984,0.002038765011758228,0.001739764601953418,-0.011262419555666519
2018-07-02,0.017096253952998842,-0.005974946540116244,0.009725370388224576,0.0003894957132724439,0.0031746509196086954,-0.0053524700252716014,-0.014858354841743185,0.004876981457835694,0.0022314921624754843,0.008885263972933531,-0.005838936889162637,0.007095784979055665,0.0031105523581567763,0.001371355632513531,-0.001855317887217299
2018-07-03,-0.0064244080979899395,0.007462917669790488,-0.007418901109237509,-0.017680391681484612,-0.005178273813921235,-0.0017327550881666542,0.0062622096595161695,-0.009022600092535823,-0.003209117768954171,-0.011912669965365708,0.002339484595004366,0.00286202640233708,0.0023858625857715063,-0.0050376253751252525,0.005144666696018063
2018-07-05,0.008467189208949295,0.012926938474935926,0.005715688495920426,0.026597649993023803,0.019165928409540706,0.008633983004642154,-0.001063232019255657,0.0022632934287943702,0.004879263511741243,0.014050329492994213,0.01373251103351032,0.005321221640433408,0.010313860046593432,0.0049463702227291895,0.011428472616915559
2018-07-06,0.013654320631568911,0.004150949551423025,0.003987207275660605,0.012657198811160293,0.011280086450440962,0.00497394156433403,0.006097653823348998,0.004886396572454755,0.0034701704934784403,0.01160691495037162,0.003068370868666124,0.007740911485161029,0.014285917912824606,0.007827343802085652,0.0110987848419772
2018-07-09,0.005125381518722664,-0.008932984420946364,0.0206366069297595,0.00749930414890448,0.004340033880679077,0.008856927026883865,0.014822786718340163,0.022614543942625926,0.018399873686652374,0.007570447573454045,-0.00383732064395699,-0.031329804028803816,0.0072978544170430055,0.011896601318120849,0.0028057092471006316
2018-07-10,-0.00015822940318228356,0.0030682674069939498,-0.002966870606892334,0.010723471099413403,0.003185840779449077,0.008443216974852933,0.007394625878171949,-0.0036724708503220447,0.0031244872475884957,0.0023714021522262237,0.011848053719046897,0.009464162951337847,0.003801745614838897,0.002147567554077851,-0.00723005431858929
2018-07-11,0.006724503815277543,-0.003068267406993944,-0.021017742992698447,-0.02789293200193303,-0.009702739148110024,-0.016958176547196332,-0.02142464038568276,-0.004794570828811997,-0.016548091105665706,-0.003908597654492581,-0.0032345852012058696,0.008994092898600438,-0.0079654532533653,-0.0023269790612684047,-0.009315772169958223
2018-07-12,0.02655676060795068,0.002945957088271585,0.004991183672079331,0.012049426704359769,0.010611024701635724,0.0023915702674358243,0.00171503669630053,0.0018467871671947662,0.011653158319089772,0.015682320831378615,-0.0013349877553123291,0.0007618841957339569,0.011065257815038492,0.006608766026506634,-0.00407734134377831
2018-07-13,0.0005094239622500509,-0.003437601997324185,0.005388553365991784,-0.0020934210272496,-0.0024999372461027877,-0.0005119218209925365,0.005259062954798815,-0.004437786528362912,0.005165792317968204,-0.0011021726111322837,0.0064673418432536385,0.00019049607902259062,0.0018322643937095755,0.0022231127265939553,0.005500457404918331
2018-07-16,-0.005980113639040514,-0.004560285900163215,-0.010167235877243058,-0.003052806361926007,-0.0026202745493444464,-0.00805579338986398,-0.011606694224048593,0.01763443365747513,-0.004075943796862268,-0.0023459736605445512,-0.004751639607386396,-0.0009523802747567388,-0.006082253397215965,0.0024838204058842063,0.0020294788647977242
2018-07-17,0.008372694944982917,-0.005325702171102663,0.00271098965469476,0.01309931816944866,-0.0018272057790361632,0.012994085171237929,-0.0039874889261690685,0.0010919399892476483,0.003940582161185095,0.007433805900817457,0.008536584291467298,-0.0007620942510251047,0.005509557766292642,0.0009739635552163993,0.011892104741101204
2018-07-18,0.0016254045794020639,-0.004730939623222054,0.022515430997574346,0.010133485097160597,-0.005960279166027366,-0.009386470151967648,0.0006654366373946985,0.01587923193929185,0.01092448322349257,-0.0016473005807130742,-0.008155656921067752,-0.005161224178985259,0.0008015426162304301,-0.0006195728040234355,0.0034001952636106016
2018-07-19,-0.0057008555982174984,0.01005664179432475,0.004194642911124175,-0.003272857267337024,-0.007848606158678377,0.003594189050003064,0.0002661792561946736,-0.015151772979000106,-0.0004024807802681639,-0.0035783179236194155,0.0005713873009536351,0.00915679404968974,-0.005620830978693654,-0.0023053141249739497,0.010922535749314498
2018-07-20,-0.00045963486332958474,-0.00843556845227729,-0.0009820937396308328,-0.0010306946479680234,-0.0038315326920410845,-0.0041088868862865936,-0.0034652957679802508,0.0018156934457208734,-0.001073841089265414,0.0002755535456803642,0.006071903785800245,-0.007050884031988641,-0.0019574036445257717,-0.004448509085058609,-0.011122298100483126
2018-07-23,0.0033139783864728654,-0.002494804667017768,0.006702147360159994,-0.0006565200021538078,0.0022078526745226684,-0.005505013565189765,-0.00441667869990162,0.013693828342163985,-0.006199004262753545,0.0050869078910551375,-0.006262151124900603,-0.00710113955184545,0.002072302068485251,-0.001070687135744939,-0.0009988960153628256
2018-07-24,-0.012033757133624822,-0.0048827321441852695,-0.015431068315383266,-0.012556323642618323,0.007976269330590728,0.012854898244412567,0.01252864334501895,0.0028593659304091525,0.004181765854389952,0.005470403180443162,0.001901828265287732,0.0034610210063656635,0.009045933502013158,-0.00294979963403661,-0.01652931910968055
2018-07-25,0.01574271333309764,0.008124848109910444,0.02310953824752026,0.005022665132714275,-0.001959054332730794,0.00780324770532515,0.008309583209900788,0.0021391914112482563,0.015096050936448188,0.012469717586734777,0.00757161431032389,0.0028747361199764096,0.012685597044929066,0.007314233305446056,0.00950715413311062
2018-07-26,-0.002996446002662078,0.0027349450440961984,0.008378247646527299,0.014638390284938976,-0.016048816321458735,0.0057286184529296465,0.010843539757827076,-0.0003562799339025202,0.007660912777004618,-0.015474639916481157,0.005266056966211534,0.010661028392565391,-0.002817848435545653,-0.005257280428254968,0.009218608941565414
2018-07-27,-0.025917909275186998,-0.009730918101890982,-0.003089224329788305,-0.004949342627177102,-0.007649534591542295,-0.0037030746255436726,-0.004297488696729733,0.0021351489836985366,0.00013167987212102982,-0.01724748709385705,0.00131195063394146,-0.0032244601566745463,-0.007249782571663017,-0.0025945305346741572,-0.01588452706208846
2018-07-30,-0.035546197405719036,0.0013778900360784017,-0.0019296703177351202,-0.006857482784385017,-0.005092453839976635,-0.0018566545966612739,0.008187968475353661,0.0007107568334212907,-0.009915759466256155,-0.015710987878936534,-0.0011244866197879172,-0.006097463476159673,0.0005683291188251585,-0.00800368098444397,0.004449456171234595
2018-07-31,0.0034554794462524365,0.01700546281073765,0.012725815377155484,-0.0018867672032287493,0.002372043337317754,0.009081807440666907,-0.0018136320724047785,-0.007130087511341676,0.021816674307607455,0.0026831188538978396,0.004677670120193299,0.008942843648773735,0.01039905695590624,0.004684075261057889,0.0014110047803016152
2018-08-01,0.005751098756890054,0.0033174358164833294,-0.008718663361318175,0.004334701270354118,-0.002609547636224181,-0.010265160320670621,-0.01397159971849005,0.0,-0.013613304999506751,0.008983175410948832,-0.008435765859282879,-0.006461251821717606,0.00022491023390827194,-0.004955022324310054,-0.01175538198077952
2018-08-02,0.01679385682155237,-0.003317435816483426,0.006709627701010584,0.010010764993130259,0.007572103474123078,-0.0066184958491195605,-0.005537830186045886,0.0003576510781582677,-0.0013181181202593245,0.01249852261331827,0.01011429052910496,0.004944600310167197,0.003703392871905504,0.00684053273088479,0.010344377200477931
2018-08-03,-0.0012129246456734043,0.011746069816707947,0.004564810432882123,0.0015813113273033563,0.004586602985198957,0.009490078060933804,-0.005170243340412333,0.005706190314571043,0.0009228077635333007,0.003581656116710311,0.011672132223873229,0.011131102657842309,0.005918264662367326,0.0034028721051989827,0.00863858683080732
2018-08-06,0.006993081778610535,-0.0006078080511869774,0.005987892105665971,0.005283949907282759,0.01409682944428263,-0.00033753850368991537,0.0037146485684836834,0.005320132755261191,0.0014495855800992954,0.005349050925613879,0.0009208413918466058,0.000750310221018617,0.0017805571959363267,0.006682514966891908,0.00598332144707937
2018-08-07,0.002825432038226266,-0.003536382384844117,0.004765161649884203,0.006726606385465804,0.0013873952285431935,0.0033686918642370552,0.007387873684666802,0.004587898826160314,0.007084050973102047,0.0038224912684845513,-0.006091334295013555,-0.0015010925265060582,0.0001111130900105144,0.004607103914721849,0.008316822460374546
2018-08-08,0.0021400259063971477,-0.00600316597005952,-0.004118649081555637,0.003117606041945769,-0.00231323680211917,-0.004212508975399892,-0.007255569105690927,0.002461764029074225,-0.004454642629488128,0.002721703733981918,-0.007620430285038935,-0.0052708595796715696,0.0015544815738059575,0.0010602093700061307,0.0005912692906349493
2018-08-09,0.0045256475931773465,0.0012281581397862993,-0.0031868430553493882,-0.009751748351740397,0.008417465617956556,0.005389051534780726,-0.009311026318062661,-0.005989071245741573,-0.005530224632546745,0.00040768433078675786,-0.0029894299722517587,0.004519787293506478,-0.001110249373851745,0.0037014362325232648,0.004326616683221407
2018-08-10,0.00046692451082006227,-0.008999816329030075,-0.004649672672173044,-0.023761695272475767,-0.006797924091357033,-0.014549505144454146,0.006128380455073004,-0.011729312385815475,-0.0088849712742333,-0.008046660620387001,-0.003749464849669267,-0.004330909098179842,-0.004341818210434533,-0.008392173982708532,0.0005884536475502632
2018-08-13,-0.004679686081573935,-0.0004952432281450635,-0.006182231829261989,0.0011353974552381282,-0.001967084534725417,-0.010105522187626172,-0.012832564607169578,-0.009700193632048174,-0.004807348217913086,-0.0013705864878968508,0.0,0.0013200496371390752,0.0003345664592975365,-0.0050698028625576425,-0.005506339621406321
2018-08-14,0.007218620718061532,0.0054366668926174,0.009384154142842787,-0.002366880795454641,0.00933887479247277,0.00839995667194645,0.002418574960273795,0.009342591338538504,0.006936114946193854,0.006151780656782969,0.006925957981253426,0.0020706535145743965,0.004673278591194141,0.00967213000014803,0.022424323177163405
2018-08-15,-0.014227415669542201,0.007488795304170389,-0.00024967421072433536,-0.016726748530262334,-0.011658186240037992,-0.016002988974877834,-0.03551809332601044,-0.007899698804956702,-0.00479686854229375,-0.009035463807366105,0.004094869542471425,0.009173765301349881,-0.001666625850427522,-0.012261417639025175,-0.02756477217352377
2018-08-16,0.0046081994268619845,0.008039845697815734,0.006821716380791504,-0.0015432554194282327,0.0005802606110847094,0.0060525605297336044,0.007205495853306687,0.0132505094868291,0.012608837108273981,0.004390775285291845,0.0142028826142448,0.010750707443524844,0.009737992948712035,0.0049048679280693395,0.00336411675265135
2018-08-17,-0.0035590288669378376,0.008938520666926244,0.003714868298822159,-0.007363721823195049,-0.001393421450778697,0.00738642235005001,0.002482088613401136,0.0021317207233562266,0.006048679394167213,0.0015050487577605166,0.007662968616002824,0.005149178221117295,0.003078488309513291,0.0008891090215256858,0.011392682946939297
2018-08-20,0.002670483573011802,0.0015623620272628,0.01252782259602607,-0.0013623463922708243,0.0010454394629174839,0.006992485765865446,0.006725472248649812,0.003189906649904761,0.006663627572566879,-0.0015050487577605183,-0.0005454544813532778,-0.0034911471802101424,0.0032881356859158183,0.007085353554376424,0.014157103117898988
2018-08-21,0.00308036062906275,-0.006746619655042724,0.006569393614908659,0.020434337499414017,0.004169909606176607,0.0039012026370987695,0.005048788839627914,0.0038849286477485646,0.007395497184068488,0.001641779525326247,-0.007117514134649557,-0.007204589822610264,0.0,0.007911445208325997,0.007864371663733605
2018-08-22,0.010320928255054866,-0.0055759733751623705,-0.010580875581032231,0.0037140785844743097,-0.0009252828385796905,-0.005091750625309058,0.011906644288835724,-0.003531043633049896,-0.009742105093362615,0.0030029089967482277,-0.006246250271063497,-0.007442776724499035,0.0009845264808472504,0.0010503327971521609,0.0005730247943088741
2018-08-23,0.004787174383391541,-0.002189616957105493,-0.005061674470811248,0.0012350707778724707,-0.005219806061880528,-0.006829200164260834,-0.004718710549051482,-0.004609201906451103,-0.002875599892277287,0.0021780503413182774,-0.002398934876812964,-0.0007474152918417753,-0.00032819477602276983,-0.0009627449386717939,0.002479292834568369
2018-08-24,0.025951777616848234,0.005103036311570569,0.0022144124652807053,0.015169731478219232,0.013515744958733391,0.012936272714355134,0.007271057748926861,0.0035473275924213917,0.004310474876143052,0.01001202313824027,-0.001293934685636603,0.00428962176807593,0.004799918472657478,0.005848977433399007,-0.01110925180184737
2018-08-27,-0.00035028442934164836,-0.0018196066123937341,0.01100032013144152,0.015495558297536025,0.007317008461537859,0.013605665325361291,0.0073512219214884175,0.013366515148352699,0.012564109006699853,0.009112793955218315,0.0005547484616020247,-0.006160789790343495,0.0035849268046699483,0.006420121598930456,-0.007151755694747383
2018-08-28,0.003896321228773727,0.010627838998754559,-0.0017518583110123138,0.003767783611119719,-0.0028518009665442472,-0.003844394377661639,-0.004270523870434958,-0.0010489589455612135,-0.002061851664890945,0.0017328677357351836,-0.0033332906120057447,-0.0020620904988385173,0.0005422715627526729,0.0019868986226789535,0.0048377772922756045
2018-08-29,0.011500753478619345,-0.0009614207378838569,0.00014603077461537134,0.00567095107469004,0.004786671760597496,0.007507927683391651,0.006133354697360226,-0.00034984604151927837,0.0007737907104066438,0.009015043837800813,0.0011121868223455216,0.007291874517555215,0.006481143328957335,0.011158090592789707,-0.0009656020184306658
2018-08-30,-0.009209690999660847,-0.0034931036733756807,-0.006988511828304837,-0.01072860844390619,-0.005472221613339328,-0.011872041256911528,-0.002795477627122902,-0.007727429629073246,-0.006983960799270733,-0.0030400218105777537,-0.003154661573701214,0.0003726149943930473,-0.000753924049794919,-0.005735116628820821,-0.00678619910443238
2018-08-31,-0.0008960066709587064,0.0037334607059571864,-0.000686961624762483,0.004323626987267381,-0.007688464323006755,-0.0030323253703190313,-0.007761517236184398,-0.0010583466621032996,0.0006488078707738453,0.0007939500254650735,-0.000371879115371578,-0.004292113816360847,-0.0002154844951007932,0.003940958701626448,0.01333447468150239
2018-09-04,0.004074326613728145,-0.01063543171792627,0.0012753753549045721,0.007225551247525611,-0.00960693827797859,-0.006941579416666939,-0.0021512664329499313,0.004929603299168683,-0.0007784845330894257,-0.0038435688949773807,-0.001302623327785493,0.004478278722061376,-0.008007827609326742,0.001879680678050714,0.004597103090329518
2018-09-05,-0.027039607057552883,0.004606489184998688,0.005474413992929356,-0.005482976691956291,-0.012287467898388214,0.006604153086984082,-0.0013473566376585606,0.0007022716546655929,0.007113637461586467,-0.012560080276408508,0.011477384249620186,0.013867278357427907,0.00401183520806079,-0.010811772514610303,-0.00998685090966208
2018-09-06,0.005487139195721066,0.003862626561265127,-0.0019028073774303865,-0.026274587928647838,-0.0070897007033358765,0.002023153157135727,-0.01864130416357651,-0.004573528291730969,0.003088407129501452,-0.007287891618989658,0.0027570063561504566,0.005676126108646624,0.0,-0.0027649344450780136,-0.012624950094164008
2018-09-07,0.005708864589866512,-0.012243259151999034,-0.0010752149861110109,-0.004431089449557604,0.002486955900865863,-0.006590534117960677,-0.00013710007707921172,-0.0010583466621032996,-0.0030884071295013203,-0.0033915392521787144,-0.0020210841613099695,-0.012308256147322063,0.0015138247666306621,-8.619440310898546e-05,0.0025378570391225252
2018-09-10,0.00857786406446548,0.00632240644260273,0.01744726435396173,0.009685478623253503,0.0027172357842422416,0.0011860843560226064,-0.0004125929682971128,-0.0010594679465729612,0.00514209604416623,0.003120763617394423,0.0034888560351449926,0.004978149497045548,-0.0025965464306538545,0.0037133310684947457,0.011051577583477253
2018-09-11,0.01048376703516206,-0.0020629281791503234,-0.0017792080714516896,-0.012619251903199126,0.00892510672909506,0.0020300741495548977,0.00943748336391752,0.0010594679465730393,-0.0002563551189194504,0.008499371970858491,-0.003672785816819521,-0.00257855759041453,-0.000866889979324332,0.007984557129402464,0.006917785188768382
2018-09-12,0.00660127023839884,0.0008504533684581034,-0.0014445690051254235,-0.011533222089328452,0.0010519143637207783,0.0005069695592547493,0.0051594414313125905,-0.009219852009834287,0.0030731555217196325,-0.0041732984010306095,0.011522776650292964,-0.0009222386649982304,0.00497506692807503,0.0018794904140438276,-0.003644983647098647
2018-09-13,0.00392037567674919,0.005928241653937222,-0.00468676740616778,0.012196319642002155,0.0060551461097309595,0.0038775249215871137,0.0004062521025612943,-0.0014261537039577832,0.00599192216150406,0.011668123609467219,-0.0014558589473097655,0.007539238478731592,0.012330585284685442,0.0017057076404520092,-0.007136499767789138
2018-09-14,0.005171111846151202,-0.008115048506480847,0.009543022835872854,0.010270208671059135,-0.0005809130224117526,-0.00033659293108839175,0.0052659519834353,0.0071098891369501,0.004944250529137015,-0.0008001945430885835,-0.0027352149245350984,-0.005326576456515498,-0.0033088481468035607,-0.003756236113690399,0.0023201590302693595
2018-09-17,-0.022636580388219224,0.0035203571281704894,-0.0088167200119801,-0.013590413516129931,-0.008398610602905454,0.0035285878459494816,0.001614191484229519,-0.00425945536718356,0.00037932480201093065,-0.012622813951555035,0.003645492622068764,0.003309215452291545,-0.0036419008096583282,-0.012479249106291312,-0.01028829611647957
2018-09-18,0.004667670080710022,-0.0035203571281705206,0.0040568341317493515,0.007572960392453513,0.008050073170752979,0.001005960107823668,0.006566313493146362,0.004967617079623041,0.009060894648662094,0.006330992944128706,-0.004193709134816311,-0.0018371207719501143,0.005777972280543901,0.012650287165486131,0.003700355193152793
2018-09-19,-0.012211473448236644,-0.01334395610820448,-0.000144517481221475,0.002260819274888008,-0.00011591872596651764,0.010832502332197232,0.0030674984834515202,0.016848305920349617,-0.0008771080498260003,-0.0025544989472622228,-0.0018286162893209092,-0.021937872246683178,-0.0013881227105267484,0.00042736189719940626,-0.00019431353881276816
2018-09-20,0.00824040719637956,0.009933079904832215,0.00043332856925307195,0.012808104622703848,0.008678010045896068,0.01071619588308734,0.00026614265181666995,0.00866428977612262,0.0015035163863802296,0.011777350743884434,0.012551095141856358,0.0020651186048040674,0.009675346149514995,0.006814950389764368,0.0032998693645060586
2018-09-21,-0.0017921662697515217,-0.0004886785361847006,0.0013483739565449294,-0.005028885724099819,-0.004272025089415257,-0.0021605841591244212,0.006586436711839085,-0.00388935203254433,0.006445650291089483,-0.003959352371111718,0.0016008875613863734,0.004249745952879774,0.0013481726735897715,-0.004429127256340514,-0.0017705776581518776
2018-09-24,0.007248159852465517,-0.017736087488582627,-0.01458908402605122,0.007070361355982493,-0.00034792947256824964,-0.014134882643988786,0.014541098761840511,-0.011196929835817174,-0.017273120476205293,0.004946609410260061,-0.015385172478450691,-0.008897325822506208,0.002013301186139107,-0.006521321853688357,-0.007427607199229791
2018-09-25,0.008030597365671579,-0.0016169238079185955,-0.0050413591612192025,-0.016073604407904365,0.0016235570593912396,-0.005205485634033884,0.006409362822307085,-0.0038779546791447126,-0.003056898970195633,-0.001200562678525499,-0.005923600576104907,-0.013785591057506374,-0.003074670387468579,0.004209492565470507,-0.0011776982146610975
2018-09-26,-0.0021615128520321917,-0.009192744470847287,0.006247457463143773,-0.008894820293460762,0.001389973897491338,-0.009982414567442132,-0.009695793368179075,-0.01208262614600822,-0.000638261970334548,-0.003746046731734458,0.0011132863344327458,-0.009880837423334196,0.0022271345000949715,0.0023118292882179344,0.008605305413890894
2018-09-27,0.0056884356259397474,0.0026603553930424455,0.0004886218107375784,0.006253581058070886,0.009216784273668831,-0.008709835638926185,0.0,-0.003581824686539756,0.001403528677735966,0.005880002884580894,-0.0012988680072900764,0.01026654649831759,0.005073468012412794,0.0034153863455411515,-0.0017543554743283392
2018-09-28,0.002246785572004953,0.012322726147425673,-0.0005372523351971477,0.005463445868891367,-0.00229622071109146,-0.006366476611793398,-0.0027689335575627736,-0.01045964615552805,-0.0006376631841789713,0.00372369084705886,0.0014845547271713474,0.014540095311910545,0.003052339278464714,-0.0008526139101661612,-0.004692797104546788
2018-10-01,-0.00258919813643046,-0.008282495777972477,0.0028310703762432343,0.002627020693195534,-0.004954806475429008,0.009961982169458731,0.01376793479713674,0.003980234559116393,0.00876248785377279,0.004767858715400258,-0.0007422615040736054,-0.0034248232327855855,0.004927463020633183,-0.0030759338096135406,-0.005897199138678947
2018-10-02,-0.014783007117283463,-0.0013870512412600942,-0.011127723796916499,-0.0007498624253691683,0.0034594731561757314,0.004263781302042102,0.0010411923268048807,0.0,0.002273000481141892,0.0001321285775167031,0.0057361882106365504,0.013440988988827446,-0.001151183385030686,-0.013612759326528357,-0.0332765481361966
2018-10-03,0.004111922244068533,-0.006964144116981423,0.005456808864612534,0.0038369715611385052,0.0014953333192532067,-0.007173452998212907,0.008033672662322489,0.009345991517032148,0.004154484693263241,0.0030337176758694494,-0.01075882862729878,-0.012107443970584832,-0.0018863117844883364,-0.003388613866283104,0.0018326926886341399
2018-10-04,-0.022296363064668586,-0.010088559353499017,-0.003979143451367595,-0.022767936688792952,-0.01156096081787797,-0.0046385710889038255,-0.004138396488364215,0.006774689071294526,-0.0032716183791342535,-0.018207873601719143,-0.002427558090726599,0.005315098819398891,-0.009803479218691308,-0.015791278293568436,-0.009608529427824804
2018-10-05,-0.006135810980324784,-0.0012845312979391913,-0.007856882583642972,-0.02300515266725145,-0.011460653040985857,-0.007432426101634456,-0.00012971350256318396,-0.004987653421371813,-0.005180865240628879,-0.012687212477341498,-0.000935113326756432,0.015218519946016942,-0.0011659776956938345,-0.007544489161403738,-0.007422600929609901
2018-10-08,-0.025552697658281127,0.013150493813543477,-0.0004965281849863376,-0.01180288043167595,-0.0034165289259678326,-0.000520540454305841,-0.0007778741404695673,0.00676294655973966,0.002530471285151175,-0.011338249043865127,0.013752200860009655,0.008355856344609851,-0.000424396120697687,0.0025804933429985056,0.0008274790770389545
2018-10-09,-0.0030834593237482003,0.0021538598793050417,-0.018838923534216696,-0.0018819134611930085,0.001415091969429318,-0.0337162623517896,0.008909809862186714,-0.003909578213375102,-0.015537761833381718,0.003565295046000429,-0.002217110847483059,0.0040595431470827935,0.0016964129958541416,-0.0029371051667118234,0.0
2018-10-10,-0.04940796337408798,-0.015175718548957204,-0.04093573552851421,-0.04646320652977725,-0.03611883703707234,-0.02656159967443109,-0.031869360633689954,-0.03147316946645626,-0.03274680230901131,-0.04967313686053185,-0.012096490705814558,-0.005539998423733575,-0.02390411518521129,-0.034270083252953006,-0.024914823032748865
2018-10-11,-0.005514427136073997,-0.027620519457390393,-0.014703829493305154,-0.00886579278199196,-0.013779815571654128,-0.011682928154017601,-0.034427683437006376,-0.03022039383516182,-0.02674734105426939,-0.012741028212799533,-0.025025123307796562,-0.0185032656377753,-0.02738372907492578,-0.017773954421221188,-0.011728607474714945
2018-10-12,0.0349922507800847,-0.001983063774405712,0.008890359619510462,0.01960734994782005,0.017682393522537157,0.0027938856114485787,0.0027435629681238152,0.0011357436499698547,0.006652978478864095,0.03155277944130281,0.005552008595217236,-0.001132647440630103,0.015269361079312743,0.018327051884862586,0.01701449924042601
2018-10-15,-0.01506395450506019,0.005411752321121367,0.005707839627667266,-0.010949461795857639,-0.0006091313752044626,-0.003353650430294955,-0.0083911925002114,-0.004550650950508333,0.0018924990026253233,-0.016512818665811852,0.00609046278919035,0.004710274940690817,-0.006941811569172771,-0.002307135940896338,0.0027379562196336877
2018-10-16,0.037764609184099705,0.021489412551247516,0.018535165474718535,0.03329911295868199,0.024065451896797905,0.015923273068877197,0.008253922797303038,0.01658524918490733,0.01674151929111539,0.029696960899569604,0.011133279504742015,0.010285217484653062,0.027052151280169672,0.019851387827602894,0.017304192675069587
2018-10-17,-0.0015149513203827295,-0.00490839309803766,-0.0058106949433713246,-0.004934737070930608,0.0039160209360980715,-0.006449624346272956,-0.006322002914241904,0.010042837618439252,-0.0073317987397635695,-0.0046086175468241924,0.004680213253910209,-0.0018621066781118764,0.005259501430587177,-0.008276873367222961,-0.013735489905417729
2018-10-18,-0.027237932987590537,-0.0011656573690161326,-0.026467128526946576,-0.026392638173574193,-0.017682508122095316,-0.01134165915018412,-0.004975829713859325,-0.01679453656410419,-0.017410272029828217,-0.019791450414765502,-0.001308179997479963,0.0014900164536440633,-0.011413063307003505,-0.019366393434186096,-0.01797288923354934
2018-10-19,-0.017722375999578942,0.007618995335776011,0.0029340526604396387,-0.014513638451163675,0.0012045301885619207,-0.007130853539182443,-0.008907518344317827,0.0037564968753001585,-0.0036826072145193334,-0.0004285984260298252,0.022559971879083755,0.01551279894369828,-0.009136972542904936,-0.009825414041732348,-0.013748989554823735
2018-10-22,0.011038950574142208,-0.013209230885513576,-0.0002662391679328093,0.0053496190169258365,-0.0007227420479505308,-0.007941040122013687,-0.011105718685794937,-0.021603753179514622,-0.003422325093954059,0.008250454221438476,-0.007525014521505179,-0.006434476041556073,-0.00822968044991986,0.004035454409145307,0.01097171232669207
2018-10-23,-0.0040100208307725,0.006367471304200791,-0.018771804451856118,-0.00398318115427289,0.001565100166211745,-0.009920014065504523,-0.02650032901823178,-0.008078784936034969,-0.01659103623626718,-0.003832454684182831,0.004411747150715958,-0.00554846229908744,-0.005413772282306919,0.00018727483649196564,0.003417100479173782
2018-10-24,-0.04554580789229334,0.007227712991067129,-0.0335120214333529,-0.06947316381711685,-0.05108426204753319,-0.032144611896723595,-0.040283748067688724,-0.025426634195601344,-0.034464001783133254,-0.04582950977018377,0.004210178504329434,0.024004808650769715,-0.0335691923108635,-0.030326928026540866,-0.019593627396164746
2018-10-25,0.034517123011542916,0.012270438845790826,0.01835835625246807,0.027867577682759232,0.025744886815896522,0.012786863222025786,0.012167116918139865,0.015333497562564535,0.007045540645449218,0.03381229827527943,0.0023714163685833985,-0.015693705841863182,0.012862228287076146,0.02976507499366054,0.01959362739616467
2018-10-26,-0.027269349470422467,-0.02378162517377007,-0.01259209391048047,-0.01823169847231887,-0.026758377677722073,-0.005881332373727297,-0.007493287464510177,-0.014541400697299397,-0.00993584599809247,-0.020208347149714707,-0.019318154170885615,-0.018563726362063583,-0.011373955223597592,-0.0316007165665144,-0.013307793112661616
2018-10-29,-0.007133975408182648,0.011511186327979242,-0.006440355937344012,-0.011551683394505192,-0.013267286845203966,-0.002361989646949354,-0.0188282414038739,0.008671732873975853,-0.016782556173091944,-0.017033625751479178,0.011452165919726162,0.013954957543131414,0.0025132231401239877,-0.00883890872152335,0.004527417386020776
2018-10-30,0.016343983510062946,0.01493427008150359,0.02786828859269386,0.04164740526441157,0.02297807297922965,0.022603872607971587,0.022881654449903616,0.01712116295421517,0.020393916090337173,0.0111415801234934,0.01964045009765035,0.0038730294330922106,0.010668897607174465,0.014912778747975116,0.028206644831681803
2018-10-31,0.024134585171717873,-0.010443267428748031,0.001037541963787327,0.011190085893806868,0.023933031763788346,0.013587581077562583,0.0061233650222403836,0.013793457139928685,0.007613438911543896,0.0235063288399069,-0.009408486230199365,-0.011849999617050105,0.0013536639408577536,0.012797200846337472,-0.014322367336909041
2018-11-01,0.010314561658382486,0.0037061745640623173,0.01817369070416457,0.04712783981386527,0.0036695451677139683,0.027743183886725066,0.0084515320853649,0.004555582663761956,0.01744829914297852,0.011620717652467185,0.007064860825534309,-0.004479979106600825,0.012547705044215693,0.020197116991019805,0.01620262735183006
2018-11-02,-0.010587373161958335,-0.008583130626572287,-0.0004290547336979858,-0.016051311531477742,-0.004404730158482058,-0.0024064517027167823,-0.002513105178480124,-0.0007580466459857687,-0.001688808775710422,-0.01973412536170289,-0.005248895976276255,-0.0056284366617378985,-0.006254074853601182,0.004083721624226098,0.007900138208723035
2018-11-05,-0.005363493541175356,0.014559970773049215,0.00010703484755208768,-0.009274447877398583,-0.0023326514069274577,0.002960775737992436,0.01658738506466282,0.015795762156766483,0.005198390435728375,-0.001018641366425221,0.012442989060955508,0.014012224493417881,0.008811496673162942,0.0013881166201857508,0.004751756974150028
2018-11-06,0.00016472372851957702,0.004301103697417454,0.011355715710192227,0.010310950153209455,0.005637991480571555,0.016311153677841753,0.0046482640851593475,0.005210399616348254,0.010455201699637807,0.006241802039810862,0.006074527656237013,0.006656699031942035,0.005095113973808264,0.004429596627902558,0.0014417204316885326
2018-11-07,0.038109949503021885,0.012546180749581574,0.02222773766986752,0.012254930146088939,0.016965953632969325,0.01783681618388622,0.01624159384974159,0.01290812611561368,0.01609511379782971,0.028954872735551244,0.005683874786324859,0.01136212421568587,0.028965813200956342,0.026711855389824922,0.00942225396435423
2018-11-08,-0.004446053690590111,0.0003736739871517759,-0.0049374989814224245,-0.0046164558986445375,-0.011845775844216191,-0.004294849687683608,-0.0219093920799248,0.0029272534320263994,-0.0016387577712008627,-0.0008443516344796612,0.0005314944433815626,-0.0016418048595858345,0.0005362420286173031,0.00026896151289147177,0.01155393304778701
2018-11-09,-0.026829058064584275,0.0013699493678873778,-0.013480795386333615,-0.01826358735002954,-0.01679862488354703,-0.014087400612789956,-0.0017502948154128227,-0.009175858680535061,-0.01016634757159652,-0.017458065702786157,0.005824587205718102,0.0014590369403887278,-0.002900491679789348,-0.013990220908391946,-0.01974229240957273
2018-11-12,-0.029362636042618503,-0.001120717478497362,-0.0137184492327448,-0.04476106695709981,-0.014322814569022532,-0.014842200216422526,-0.020947800704126215,-0.020112774006088987,-0.01994360059039864,-0.03585870705054961,-0.0052938701929429845,-0.0005468344886584778,-0.013648335258663867,-0.020291701542588175,-0.009292467391748133
2018-11-13,0.0028020229459800386,0.0008718807541078001,0.00640433291492431,0.012840204341783613,-0.003770128346332856,-0.002957956317182267,-0.02322536981684456,0.005627602399123273,0.0044975315956991314,0.0011864630747791317,-0.0023027756028079277,0.004185271751907139,-0.007004365427803865,-0.00046351777538459484,-0.0006229163446163498
2018-11-14,-0.009784766503472334,-0.001744406177028383,0.0025500625263306974,0.005176247511995557,0.0025149975539896295,-0.001111544746445995,-0.001679634503715883,-0.013559499417692559,-0.0033714031211436162,-0.012079856030691147,-0.006761608298020722,-0.010404278681360306,-0.008050120298464051,-0.007545109533845245,-0.01548134248710013
2018-11-15,0.02588287701269642,-0.006254863834967251,0.01506167151989593,0.031133513136641262,0.0058857523300807684,0.013623262083126478,0.014565514476834152,0.01468106487521197,0.01313966830756826,0.02474739564963899,-0.0016082642179256112,-0.008291105637759576,0.00881849770288844,-0.0014973202792349755,-0.006769431417454365
2018-11-16,-0.00535573665684763,0.01197497890900024,-0.0022501643797290887,-0.01714129348991107,-0.000499605750941086,0.01000643162759445,0.011829178987973893,0.001120719970486053,-0.0002776340715460746,-0.00161106596841117,0.0025006557038979318,0.0152397149750684,0.010045920417866127,-0.0039406944555504765,-0.013894001364570398
2018-11-19,-0.05554794215621434,0.0,-0.0049362896628654595,-0.03827085015457754,-0.02453363964642265,-0.014404545947462358,-0.0002978714512319848,-0.0003736804836952695,-0.015962234307595358,-0.038862972034520674,-0.0016066618504603561,0.0043633232392994385,-0.012793195321296467,-0.024746407108969345,-0.020659589065225907
2018-11-20,-0.008640045994373367,-0.01072073225686847,-0.03117345517218367,-0.000881788878286621,-0.01457234433066959,-0.018349336716016358,-0.03330594396762308,-0.022277346624743986,-0.02096652426322576,-0.02172508727456264,-0.01675583705773857,-0.004181466747454557,-0.00939815553688206,-0.022906911963833782,-0.0337422053028715
2018-11-21,0.021144489175276466,0.0013776702264962878,0.01445088963497354,0.004402178868908252,0.011623312852341739,0.008011489785950596,0.015580031899005833,0.000763207647335857,0.0070383764875272025,0.007294390371264227,-0.008026407713731263,-0.014866746719442669,-0.005681467502473359,0.010397261657656177,0.016901805913955195
2018-11-23,-0.0012146153670496175,-0.0033847995143233695,0.0010166467841729527,-0.0014285768153814832,-0.00786325487234459,-0.010821075427377569,-0.03187588615714513,-0.008044489751905724,-0.0020061187036195375,-0.009165255095998102,0.003473694237783653,0.0005544280189905446,0.0014510975307326095,-0.0044987981582752775,0.0029006974619118745
2018-11-26,0.023165734892877557,0.0035098952089037466,0.01042727908718903,0.019709847598942752,0.01897254795317779,0.011377373672001284,0.014908951268371419,0.020179743115071314,0.007287369808498745,0.02237576436367432,0.0012768538698623582,0.005896474258949059,0.00965856014431221,0.022198518249073033,0.019418153683310107
2018-11-27,-0.006068349638157127,0.0031235956075507977,0.0025899411578382066,0.0015085777887753286,0.0036760133842844937,-0.012315547850111654,-0.002778354006091001,0.0007533473967621257,-0.0017097440067464337,0.001982026166636787,0.008892279453992666,0.007504385541802402,0.010332147526953061,0.002967559060571339,0.002400841592101153
2018-11-28,0.041997585912298574,0.008818494493106916,0.024816214287774616,0.026140967863371296,0.02165118023912183,0.015278681276427604,0.0170134982795072,0.019026971610065568,0.023676234288996408,0.03442954962173182,0.008276470882643655,-0.0007294315386405,0.023772017487736923,0.029107941727861214,0.016218323138011977
2018-11-29,0.001090295670726015,0.0013592841079578643,-0.007598193506780093,-0.009484749021978687,0.002967249666402574,0.007185555689075869,0.006513642224476046,-0.008535985301128545,0.0005568404692360296,-0.00975910367293997,0.0016112645188068534,-0.0003652233202610558,0.0033046377587855726,-0.004653166308974192,-0.005808160024659967
2018-11-30,0.01148519346995227,0.0098303533969763,0.013144068117802119,0.024165691015965565,0.0,0.0025669483348416703,-0.0018139166981364205,0.005204588606114302,0.009696607887038503,0.009464364914195401,0.006419386953867971,0.01467842261109454,0.02012431782513092,0.007248851623819925,0.0
2018-12-03,0.006871161234164875,0.004636276079058279,0.002301712923484944,0.017418437443972864,-0.00012368809085643023,0.01742649239663877,0.021992433264483763,0.0062833318037237625,0.011513318577873062,0.02183858188807786,0.0008885106994305998,0.010023221763906996,-0.0048097449870963625,0.018532759659007844,0.013500388216003438
2018-12-04,-0.0294788810240807,-0.01557850791564332,-0.04477223784662134,-0.05041153397345054,-0.03135039415570018,-0.030142129846872368,-0.02912697765100701,-0.04445176257083381,-0.04344870703288267,-0.038610634778677905,-0.01701474321865104,0.0007122433782898362,-0.0225776699100042,-0.03666039717190688,-0.03751911635455373
2018-12-06,0.00866784472324335,0.02478572080580832,-0.001122940696510399,-0.005892878293919529,0.007993895937653813,-0.01363094014855867,-0.018605828641567287,-0.013964511189787145,-0.005565801288393886,0.0022427417827793786,0.0010830534946416625,0.0010672862797417044,-0.003759470175675827,0.004797471651221085,-0.005762475647039128
2018-12-07,-0.03230591684310683,-0.014210466864832082,-0.04094451833198668,-0.038670715108497636,-0.019138449027355377,-0.024359074170615395,-0.005603218936842109,-0.019326000855705492,-0.026688081976192757,-0.035881136070997965,-0.012710966354293226,0.003725959486370414,-0.025833759064367624,-0.030393626280819885,-0.03805652017021588
2018-12-10,0.015283827391441865,-0.0056428162473384285,-0.007214422062391876,0.011549402860111972,0.00436987624919286,0.0026934555160366175,-0.01573103970591574,-0.014036861121789099,0.0024958865342374708,0.013683238745399898,0.0,0.0019467345694953563,0.0038575718471164588,0.0007736700448143771,0.004147210410685733
2018-12-11,-0.00022212321693278157,0.000737972158948997,-0.0038241517151986265,0.004956190794433883,0.002050355623466459,-0.0032714716963672574,0.0003170159698841614,-0.009740285820670514,-0.005882571458675891,0.0012208697655173802,0.00818996303944081,0.004057537790888137,0.0030750745410312707,0.00038668980322763356,-0.004378577141024071
2018-12-12,0.013577828338484354,-0.01660911002206144,0.0002253000703673308,0.01504773353175172,0.007141751645092165,0.008636461001367036,0.003954916401371066,0.005693334514182886,0.005589361661794434,0.007747442034386377,-0.0012699281236380072,-0.006358243482904818,0.008517155126358951,0.010477371205901467,0.008967028285902323
2018-12-13,-0.0020854866944915004,0.005981002724969485,-0.016413734689120222,-0.003360637618276146,-0.005663304283468008,-0.011724754706131655,0.003152676246734993,-0.007325754454451277,-0.0027910939067858687,0.0016634482438741562,0.006151885046493363,0.008644045163967355,0.000978104169088458,-0.004984604392642717,-0.02714476624553896
2018-12-14,-0.025876958719421014,-0.0019895408857141415,-0.016163663625197573,-0.015649936934729637,-0.010827636691656258,-0.007764626170054681,-0.023084780165963985,-0.009852423811310327,-0.013921616266965768,-0.024779444644249953,-0.01710058162284813,-0.0019339888381316108,-0.03425350046862546,-0.016764808691491006,-0.01182895742587049
2018-12-17,-0.03217300369612518,-0.03761419379438131,-0.01216893746067566,-0.009531401342908894,-0.02174852261234456,-0.017295875817166736,-0.01836712701960452,-0.00995046076884947,-0.016542086582460768,-0.021445625491450324,-0.023391007073089328,-0.03273658801378404,-0.020097369407121472,-0.025736403041963583,-0.021894013269166086
2018-12-18,0.010322386329542877,0.008931567486391822,0.004245446379597671,0.011954993033833643,0.005284237901423844,0.005535761779285796,-0.02390546938213043,-0.0037570407034801397,0.004991545473461665,0.007880325566287804,-0.011903489377333749,-0.006751552698558009,-0.008754619799255528,0.007790665877848941,0.00364198090199681
2018-12-19,-0.006250215794134286,-0.011013813271221376,-0.03180180020156359,-0.044321654167983386,-0.01808080920650524,-0.013697490444781028,-0.0118305208211859,-0.012626527041079874,-0.019039525309981896,-0.01997862004729977,-0.009741433356436274,-0.0016492735491577155,-0.013160224856482427,-0.01999765714308,-0.014157054728722872
2018-12-20,-0.017629055780952214,-0.014700420768582155,-0.013514340718741202,-0.008027393288398214,-0.01691199042425067,-0.013482113667667894,-0.028102943692243712,-0.008934153186670506,-0.018468660974723924,-0.01809993091560706,-0.018011559075707277,-0.0005501565317702217,-0.01416819659903399,-0.022687529425211704,-0.01760738735389561
2018-12-21,-0.03695441995019591,-0.012506742420075517,-0.01738819125317925,-0.01740407458120847,-0.032307722297221286,-0.009033542792674718,-0.009754269943564117,-0.020198378201968067,-0.019062280566396358,-0.030853576374049382,-0.010427718126830503,-0.0042836648993284905,-0.012500086214363802,-0.022921958357828193,-0.030690152979835666
2018-12-24,-0.024265074172718525,-0.036680364863961916,-0.026920888042129505,-0.026811408717547204,-0.01992656545088742,-0.026267910580819287,-0.04129725829282409,-0.021286815787610238,-0.03116318059318089,-0.02705174768268919,-0.02932168791950904,-0.04271303737937149,-0.02423922236006782,-0.019167313479914273,-0.003893324618479799
2018-12-26,0.06310840564409596,0.03225223411055422,0.0520976634972333,0.05467821754421826,0.05277992649649748,0.043808645332037384,0.060361882949659974,0.04427612230617841,0.04551764811996405,0.058641952339347526,0.02752682936359137,0.01348491938561731,0.04269379760054718,0.057563230477738404,0.055640209274735425
2018-12-27,0.014926991067034094,0.0016122729343176507,0.006211486478600363,0.008732699236634545,0.0058468346158272195,0.018231389153996,0.0052324292398172,0.011935728967938323,0.012432325623826603,0.007175581608059795,0.009536998202606445,0.008384276800980023,0.01098201971739564,0.00532290979748586,-0.0024631730286881984
2018-12-28,-0.0016281810226685765,0.0030832114367516585,-0.00560105350293169,0.00681638883786531,0.00040648312255386605,-0.005374585231438523,-0.007683026015298169,-0.0004238916132748045,-0.002662345348271551,-0.0022774387469109924,0.0,0.002463680721834726,0.0011737019171842546,0.00010217455695043738,0.005165318710796613
2018-12-31,0.009845046247792484,0.0030740434027557804,0.0073602150258148,0.004938773953813995,0.003787555239361907,0.00834822552769392,0.005244589415205254,0.00970249644743791,0.009986213195282676,0.009401897998408563,0.004143988225287184,0.0017019722298375725,0.014672009149183053,0.01066125423743532,0.005627278148611674
2019-01-02,-0.005258175446548764,-0.021854447403168803,0.002723319647559061,0.007306098690159754,0.013011016785495442,0.005133571112661831,0.01951205272930154,0.00836123084505384,0.005110301904481541,0.0006451622666844916,-0.005925541362133272,-0.01734535418983336,-0.0152585865548266,0.00754671318612833,0.014050134508487109
2019-01-03,-0.031961601207502556,0.006389981930844839,-0.03524475116344997,-0.061933476346461985,-0.01355087075035369,-0.02876765628913343,-0.009967316209421604,-0.022737780403430555,-0.03090229337178535,-0.051785747174102184,-0.0057612132594823395,-0.0001920571773903081,-0.02051401982969251,-0.021889835699279044,-0.014050134508487034
2019-01-04,0.044854748657886384,0.010648892060996817,0.0379606744791233,0.045534901126835746,0.04063261034355398,0.038565737573859324,0.03345779366002821,0.03268003995616128,0.03721524989651285,0.04336592956250432,0.021094773400681,0.014699179567840262,0.02939470356519819,0.032558353320159265,0.030275883132666975
2019-01-07,0.01970610991410055,0.010006039093284892,0.007864991877362103,0.01912464744144664,0.009294943800230254,0.003503770946838189,0.014756311958221895,0.0012357820056652583,0.008102083911447185,0.00890323572328614,-0.0013665568008721014,-0.006845716291911856,0.0038316209261402543,0.022360597974239328,0.030534878520400672
2019-01-08,0.015744208090231512,0.018023440609145607,0.015840791121726823,-0.005801824179735455,0.016820293285370762,0.01043918537185897,0.007705891513811416,0.0008233671731462708,0.013609653798597457,0.008345432139322253,0.0091397142491247,0.012326106473210476,0.007734577792091043,0.010995474888660975,0.008685873415186939
2019-01-09,0.0066564911958681755,-0.0013049959047896353,0.014724151711682025,0.02523513040758381,-0.00240358567828511,0.00038432821116886416,0.015717530207881365,0.00492377740595125,0.0067362172975208795,0.012862364906602338,-0.009334831188760823,-0.006049185715731806,0.004474469250897255,0.005070997855595365,0.00838506408244636
2019-01-10,0.005304382320331624,0.01374329285968569,0.0042827842930280215,0.01029277600998444,0.0029086941155163533,0.0088039903835805,0.002889681249450269,0.0004091404614404016,0.013484857079764724,0.004408075084366147,0.005844461907841529,0.012998184744438538,0.0019439945642333984,-0.002867349710750239,-0.016153002120930425
2019-01-11,-0.003277790330672771,0.0034711917242507746,-0.0006353497802613116,0.008224216210609847,0.0005050602864005332,-0.004009520982735467,-0.005949175811636103,0.0024519589778612045,-0.0010309578922743287,-0.0018867320897758238,0.0029096057798537684,-0.003750283699524959,0.003308327154041236,0.0009566970493467065,0.0052614014840041455
2019-01-14,-0.010727579273921001,-0.0032135843539557976,0.0008659715693345325,-0.017293935194380366,-0.004808403130385956,-0.007681985302892526,-0.0024217278529462503,0.006914848367341934,-0.00014751134511284986,-0.009328640950482444,-0.004853906948497039,-0.02280158122382975,-0.011107978452307104,-0.006138501305132109,-0.007327501653010094
2019-01-15,0.018087712827663277,0.00986365731594026,-0.007475617414750978,0.002662975160349038,0.014606536603558833,-0.006576538150647993,0.0035500620603120397,0.008878215385628432,-0.003098897874491358,0.014978573999482938,0.009877208043537094,0.012225594012016271,0.01780481240303035,0.009002957518912951,0.003212189343701032
2019-01-16,-0.0007065356507709254,0.006226576385452737,0.004874197424179828,-0.007899067579173375,-0.004259343940460379,0.0038734563541526585,-0.0012894584529873816,0.02107012845448726,0.0010338005119202368,0.0009383686656872902,-0.005410873170368453,0.0036006968579068276,-0.001811779267344678,-0.00229103290937887,0.002288440053002611
2019-01-17,0.007365465353168554,0.00530656369091581,0.015338741843172316,0.012321986238417546,0.00300812800778608,0.01743880694478343,0.009151337184362441,0.005492366442737685,0.016983983069951237,0.006389919016511255,0.004253805178142352,0.004153431265644594,0.008800733342008335,0.00676233672353481,0.00660647216990518
2019-01-18,0.01733132074668611,0.0037732357796428826,0.025719903721825338,0.02441275870291328,0.006238546491137988,0.016391832340829266,0.02009416847715309,0.01706788071713121,0.01884059391674577,0.01510962020074438,0.011891237253267265,0.0011297173475650047,0.011836838300014143,0.01376359304644839,0.018448449566947033
2019-01-22,-0.014045302123905968,-0.002891403770273888,-0.019185256839666077,-0.029389964756270925,-0.018579856233260746,-0.013925466449481639,-0.022013814037499458,-0.011605430501920519,-0.020875204992801315,-0.01697571207354137,-0.009194025142801817,0.0018803000146772838,-0.006906140405350799,-0.015093272501594661,-0.02482650179719373
2019-01-23,-0.0002690600847220203,0.0,-0.009160547196660363,-0.003999392101112915,-0.00012646152367895395,-0.006845250115513691,-0.010300728980114159,0.001166495121220161,0.0014537159154159526,0.0034181230088956033,0.011859572213697349,0.010091357017567684,0.0011168975627416952,0.001994166252961896,0.000913741953386454
2019-01-24,0.001934773632900989,0.0035189913547369173,0.011253945107873043,0.057220308092006025,0.0020256127354156216,-0.005356885288880974,0.005324627134746657,0.002329255472490469,0.005071583157882778,0.008341338828117462,-0.012436692608949935,0.005193093535167329,-0.00840929131707321,0.004165009850589419,0.003646156828852965
2019-01-25,0.015080468208778368,0.011599262362731325,0.008105888609972854,0.01843692431166609,0.008939122928865981,0.018812964920360845,0.01263325975808924,0.008109679908209913,0.012638411555509502,0.014052304713318408,-0.004051339797982886,-0.013783146339223503,0.001237728131798006,0.010991630235549948,0.016022158539861366
2019-01-28,-0.010153032368064798,0.009012273713313,-0.0007290550977878159,-0.01885769483158799,-0.01020444246484215,-0.0015072387951647085,-0.010061802636664336,-0.0030815233872248586,-0.009607576093268233,-0.01343701512403641,0.004243779926498389,-0.004699596869724885,-0.011423357824087545,-0.005809433859550927,-0.0029145940872275385
2019-01-29,-0.012634773125830593,0.007956361002846487,0.005203621612876356,-0.013340536976392441,-0.010821978462014409,0.010316215861570928,0.00304518961301951,-0.0034784411901634515,0.013737950764911548,-0.01081963364943114,0.0023071963762661004,0.0028224794709823925,0.004879216675431242,-0.006505542545681821,-0.01424556706109536
2019-01-30,0.02236458833046856,0.007893780734608844,0.011653066020169835,0.029821693506828097,0.012972370264246457,0.010579935384711475,0.013983836073636765,0.005790473503257425,0.01551303530607934,0.030606754971473357,0.006699407401809995,0.00767421021544304,0.013604234631830891,0.019483415257770958,0.0038642845939191816
2019-01-31,0.01689357694234343,0.010468281062317265,-0.0023749835562677786,-0.0007245397408347095,0.03415834011378271,-0.015068429928870765,0.006449289277994206,-0.001540592038960512,0.004328664198731383,-0.001055278077658704,0.018335123876554303,0.020851271010920734,0.012429338106862047,0.009049853925387208,0.0018131114119739283
2019-02-01,0.009011267303284007,-0.006846517854710042,0.006778396262440464,0.012653773466560192,-0.0012221204392026737,0.00299415441126833,0.017253740970354665,0.004231308282466412,0.0015316661268733685,0.005866907981156347,-0.0031890580776347817,-0.003842111041084498,0.0008820213548781467,-0.01472460059552546,-0.007272448081296408
2019-02-04,0.016972064464522933,0.006727228671758198,0.008477425916248659,0.004895120429895712,0.008522053814196816,-0.001682989764364578,0.002309102020538555,0.0042134797243229645,0.01285475855182735,0.015921628274098237,0.006368064671622862,0.0016483519494314442,-0.0028692991451151843,0.006509156027932249,0.01088893461301479
2019-02-05,0.009283712071774104,0.006086946048431846,0.004130602320647724,0.005579431566161777,0.006163604494329929,0.00727420073700073,0.0015362553160920835,-0.0026792198761058598,0.00861597002925849,0.008379140798006283,0.00018670633684123147,0.0020111731788883393,-0.0014376472509358255,0.009318094332264798,0.01032564364771036
2019-02-06,-0.01060248981015615,-0.006925475968361573,-0.0017917149178869665,0.024482915893574684,-0.014563348982077824,-0.005964670425793873,-0.007396004031965804,-0.001150474146617117,0.0002718871195766003,0.003361487415703424,0.00018684399245252225,-0.0005481325172042587,0.004527211311409479,-0.004140788314842598,-0.006497230055345694
2019-02-07,-0.006364750949115505,0.007639079756002262,-0.0031563749909401923,-0.021755181041398668,-0.009087395485815412,-0.013930955590543448,-0.022363727134721137,-0.010027036736680841,-0.006830180612362712,-0.013809706817097369,-0.0007471539319364951,0.013072099714674624,-0.011077924003869017,-0.00824054546036849,-0.0067654804987701675
2019-02-08,0.016615610280229565,0.00023782820679737424,-0.0014179761661242756,-0.0027277348521760002,0.004063023011822897,-0.0009482935344267469,-0.004597387904901654,-0.005051347315101851,0.0015069982731258135,0.0057532771337073536,0.004658882745323073,0.004319609870509415,0.0018918301046817214,-0.004005618411663537,-0.006129130881923212
2019-02-11,-0.0003516576992899919,0.002848876674056093,0.011882521860801633,0.004340687233414807,-0.004803908383974255,0.0015168717806640993,0.00475537804353923,0.0031114876034237012,0.005323182339236863,-0.0004414741567908288,0.0025994012180263044,-0.0003590839543467349,-0.0012234904163162768,0.001771733538675201,0.0054497112566103964
2019-02-12,0.016201300683513015,-0.005825471160413079,0.013926575235172415,0.02201599212062989,0.012758127172345254,0.02211060536034429,0.01257080814418976,0.014649447608801849,0.01539934230345117,0.013155734557657674,0.00775748141265698,0.0023329862389450287,0.013599550262465423,0.015257901167009053,0.016395651383764774
2019-02-13,-0.00014846110222990408,0.004639480342689121,0.00493414073817531,0.0023620055012706347,-0.0012194846208897856,0.0012965156174571553,0.012414498453093083,0.0026754578605053974,0.00588131947423591,0.0013064884012189632,0.0018383206877661572,-0.002872326530646581,0.0021938374580651753,0.00676777088964727,0.0004455694662040046
2019-02-14,0.00473655016869781,0.0031990732388106377,0.0040677271336741275,0.00294454501833328,0.0017069422326140328,-0.005195767967352232,0.003541214304289084,-0.012289042355007352,-0.004675455321830165,0.0017389402918534453,-0.01126626608604282,-0.0016189940009047482,0.0022983658570672107,-0.0036528421059461337,-0.0020061526379709406
2019-02-15,0.0049591601807287495,0.006133197098645942,0.0033151060032646264,0.005083888326720382,0.007646130434782027,0.01348994126221433,0.016007759409983086,0.021029203726206574,0.013299978053465021,0.00793142451623113,0.009427945398276703,0.0030564458943087547,0.014974242736468638,0.006837882640256287,0.011535650751200381
2019-02-19,0.0013215420575725476,0.0002351719471611554,0.0047177028854377846,-0.0011710579274220715,0.0030182564280466337,0.0062213736685122764,0.0030200821504990727,0.0015124655914567676,-0.0003964078770693815,0.00028696960414075764,0.005138704194576754,0.005905857538332732,-0.002372210395756588,0.004080339300640681,0.005278918040060137
2019-02-20,-0.008448872053707215,-0.007078451217318548,0.0006273719662823229,0.00903843662631173,-0.0006029427006260238,0.017001754320143433,0.0042130405618759055,0.006401860997133005,0.004746667882652308,0.0011481075645050462,-0.0018325122274419924,0.004451336850222506,-0.0011882188089748131,0.001989008683883215,0.001534768622274999
2019-02-21,0.001331083043830877,0.0008285079977262543,0.0003135384465032187,-0.006211310791309039,-0.009087340931314983,-0.003953314607000409,-0.015586211700439485,-0.005269362115705206,-0.004086454015293489,0.0004303905828780461,0.0029298859164984324,0.007257181020776463,-0.008793265871556571,-0.001989008683883258,-0.015675202603033078
2019-02-22,0.015495782159641303,0.005308596516852732,-0.0035589434424057134,0.014113479257469568,0.008121658185013845,0.004311810709017405,0.0028934640425578055,-0.0015104215533554071,0.00658290227595186,0.012679138653998423,-0.004765252967625744,0.00615391728248358,0.009117465591500628,0.005414877917624272,0.004661630385218638
2019-02-25,0.002761106586599626,-0.00732144031102754,-0.00015722860277189772,0.009077422627841796,-0.0031436596935432506,0.006433173756587227,0.0016714502200251417,0.0041485733793308974,0.003928635994147187,0.004801224424537559,-0.005526826447672682,-0.00650662462688682,0.0014038385198689525,-0.0033356340339744145,0.003095975371714815
2019-02-26,0.0023674912592829066,-0.002730099668403311,-0.0035721298165372166,-0.006489139254693211,-0.002546535486597923,-0.005716329521495072,-0.003193371247021644,-0.003015316188860713,-0.0027486830102443627,0.0021115178075986874,0.0005541189650466189,-0.001236047224686384,-0.0035668774355265037,0.0013535816382006505,0.007260007207614172
2019-02-27,0.004333797693772317,-0.002856226321318574,-0.004906381884471009,-0.010297014826866232,-0.00048599902861209303,-0.0016136029455604388,0.003800428346299981,0.0037678913445926424,0.003923899923345367,-0.000984957782212072,-0.0014781625351542478,0.0012360472246864863,-0.0046672316890144835,-0.000721721454658256,0.010032778333259832
2019-02-28,-0.004816523083549583,0.002975641258706198,-0.0015878499942242141,-0.00048366270772831485,-0.0015802328393725853,-0.012276709290560737,-0.010064076114695562,-0.0026361645471039805,-0.003399897915415002,-0.002818438266282916,0.004796188618843119,0.005805080203266782,-0.002941735487977643,-0.005429430180606278,-0.0043497472598793005
2019-03-01,0.004816523083549687,-0.002141727605727327,5.297191154616926e-05,0.00915183032133761,0.009927335759170893,-0.0012723974749554998,0.01822367995201431,0.006389748163304942,0.0009166247188824115,0.006750976903290671,-0.001841960083823255,0.0021027402521696646,0.01408474844745486,0.008043269334946571,0.0063009131448091196
2019-03-04,-0.018868082881366637,0.004159827860058497,-0.006376039737164902,0.00047925755755684886,-0.0007231785650827203,0.004536850423221053,0.0018041950094417564,-0.006389748163304994,-0.004459374172469436,-0.0037918364940953382,-0.0016607382072232862,0.0017490097173944732,-0.013648309120311751,-0.00315539862835671,-0.019464465791505275
2019-03-05,-0.004072296897178632,0.003078553403647515,-0.008135489433633427,-0.004707663878720114,0.005410348334520687,-0.004718811114028069,-0.0033105395227990483,-0.0037781045524986102,-0.00646248167844326,-0.002959140409195352,-0.0007390300567307074,-0.0012239102832853305,-0.0005454611363714258,0.0025250414576105467,0.008138111211801365
2019-03-06,-0.0059172613178741845,-0.004859626988067445,-0.0053343110073579185,-0.01699646938393553,-0.0007195989897662106,0.0021807849168653344,-0.012740638884648868,-0.006454927332498768,-0.009438380064981603,-0.005235295304374707,-0.0014796150948568165,0.0,-0.014730306268591778,-0.004694586050786251,-0.007917596846099705
2019-03-07,-0.001633387433321943,-0.0017837003501320805,-0.009554456192722877,-0.010932180519974615,-0.007466963458103485,-0.008202117369296047,-0.005971315238017691,-0.010339167359744142,-0.006028646986757971,-0.009550092577322655,-0.006498955415629514,0.0033184920152666266,-0.007893897330103863,-0.012199550540168039,-0.014007809755226076
2019-03-08,-0.0006441312279549519,0.0009519890772563114,-0.0037162724279459656,-0.00029722623823813873,-0.001936542856067949,0.001645765864827252,-0.018912090071041644,-0.00038496769472535163,-0.0020174983116762156,-0.00014310456626033822,0.0005585908095851426,0.003481000339370908,-0.002123011524189899,-0.006985985605450936,-0.008093726468105893
2019-03-11,0.018709513133873566,0.014636816796368015,0.01887381691029299,0.021074040048016402,0.017172237040803125,0.014151266289147528,0.0155281987903322,0.010343044448610696,0.008447079638145873,0.02125901588371126,0.012949013388318236,0.007099022256958523,0.011344826543653217,0.013650483597217423,0.01811943545197354
2019-03-12,0.003593669798278165,0.004092967960947789,-0.0048471023768590525,0.004934535732773061,0.0060541512776433725,0.0037760938469109007,0.006450442058358804,0.0022837857170254524,-0.008312530234284963,0.0058725942541422715,0.00036737605929777956,0.006877688597550221,0.0072727150370910576,0.0028167264349874765,0.002656494970183705
2019-03-13,0.005992963701451707,0.0045407320381620824,0.010205487615677012,0.0040452722188519955,0.0028359754148193457,0.004833804178957661,0.010053668026903833,0.006820890058975541,0.008712615216063539,0.006530886336978194,0.005679332670396965,0.001027397420718528,0.010702326401503672,0.0035324293713770373,0.0028701004117989187
2019-03-14,0.0038954186342313596,0.0015092576977642385,-0.002568837718030848,-0.005590842744509535,-0.0035461064415694007,-0.007529478821215773,0.0010601585311508176,0.0037692298029795503,-0.003341745025868893,0.002075311782175912,-0.0009140797027711702,-0.00017106416555474397,-0.0016307850245685623,-0.002988143094738325,-0.015776311394578187
2019-03-15,0.0004798993648278119,-0.0023230450497134353,-0.0018228685575960772,0.026424079048371525,0.0,0.0012462756217044228,-0.0003966879606289759,0.006971627213294579,-0.0035351887407941585,0.012032761716251904,0.005646611856229978,0.003615564741965283,0.004587122296312976,0.006394733480925594,-0.0023391367689574198
2019-03-18,0.0039741176666624346,-0.005596126047523376,0.008657518382195625,-0.0027339945762704467,-0.006654144566227927,0.0023435467623300096,0.013795317176839263,0.010087842311858296,0.009684043641674673,0.004237972554508471,0.0014613507144742215,-0.0037880492989702326,-0.0015230196765795112,0.009627859106091392,0.006732447422310027
2019-03-19,0.005765254005299683,-0.0029273437062056116,-0.01290704209920163,0.011451334725061867,-0.0001189830990698389,-0.0012611967936388998,-0.0027136497114582893,-0.007837542494442237,-0.003620420470989355,0.0020443696170514654,-0.0007300725486556775,-0.011450432967461042,0.00791620139742532,0.005002689895710153,-0.004034045995358771
2019-03-20,-0.0039034346591947885,0.003336657688812669,-0.01317769186250684,-0.008623221141592802,0.007601451738662537,-0.0009019430700865352,0.008717868944319246,-0.020822290955753886,-0.006874798847523273,-0.0027264602639966453,-0.004210695508975494,0.0026138705352115256,-0.006936810974414865,0.0014243935572330797,-0.009023550073981132
2019-03-21,0.023568229409270922,0.01680730231302716,0.013983013014597723,0.033873268987576456,0.009743304548445249,0.010591441464202874,0.007009077559847008,-0.00306519499432997,0.009557718122630805,0.024809127075309016,0.011672666007615667,0.010560152361427941,0.003907997726689058,0.013609288091482239,0.010145921130346609
2019-03-22,-0.02993197625474138,-0.00603676853087783,-0.023396370118772596,-0.02899019339981728,-0.013710152794460268,-0.030274811716340527,-0.02741934600773659,-0.028017424303684268,-0.022902133193771355,-0.02385413096913154,-0.0012701065044106907,0.00720671380000493,-0.018369327944805933,-0.020036371544425276,-0.026365232932499122
2019-03-25,0.0005757871049298642,0.00023275147354639262,-0.005046112735567086,-0.012726932750852113,-0.0013100626554319477,-0.0018424324860121274,0.00045796400918541696,-0.0043502475679703684,0.0023278306983430413,-0.004373892100875064,0.001995086641284246,0.0008545449707575871,-0.0005517551699407708,0.005893146463921533,0.011449249630356378
2019-03-26,0.005835657842508531,0.0074230936060217054,0.010451675473080568,0.009254806941715652,0.004636814360795537,0.006066737641496725,0.014249287972513472,0.01182045703916265,0.006679011034945558,0.005464327108420876,0.00848024480062559,0.0071487366543278134,0.0068224160862406505,0.004264183220678008,0.007259880029434887
2019-03-27,-0.01397611362572872,-0.0020821517402552594,0.009144778226995397,-0.014677478122580306,-0.0069032295016159045,-0.0012839560508894157,-0.00709922421526621,-0.0043179727058058484,0.0010863905557171123,-0.005738429004928891,-0.0034195502378473815,-0.006977931458938948,-0.008369522956665662,-0.0020409630697638304,0.010120057995146977
2019-03-28,0.00746865656263031,0.00864670066491836,0.011705671515727479,-0.0019097117448286433,-0.004548691179335323,0.009679805711491893,0.003782496739888349,0.008617295732939711,0.00730095786549069,0.004102108581197746,0.004855631214620973,-0.011854786210879905,0.0025402368855395444,0.006021869437277509,0.0040200121175792995
2019-03-29,0.011977255119625836,-0.0008037552942522164,0.008850543201801491,0.016117094437542286,0.0020375143265456623,0.008686206932390453,-0.0015112981038646006,0.0027264093744925858,0.010720088114718676,0.009777559661134572,0.006616008442462904,0.005343428071986292,0.011951258446796911,0.005195783412043599,0.0031153213435769884
2019-04-01,0.013521705824924126,-0.0003444681461786894,0.022023890851766592,0.02434159762849904,0.013202560544089336,0.014844076725168645,0.01307211141072836,0.024208768893654885,0.02044743963432957,0.01355636015760534,-0.003392161901380286,-0.0069002493570176834,0.0015245847228353105,0.01091948472535342,0.006422409154892651
2019-04-02,0.0006548911319324167,0.006415383221566158,-0.0011497319043104017,0.0008258385882747883,0.0041275449366568115,0.003367563376156497,-0.006890464337176759,-0.0007597490357203509,-0.00039178830977326434,0.0034601807658959766,-0.008259883093091384,0.0013838150036519581,-0.0022879842120032854,-0.0001739691388222318,-0.009314838083739672
2019-04-03,0.0044329490722594634,-0.0010283414646569489,0.0009929690083889822,0.023026976490383436,0.004109715614960024,0.013007382130185336,-0.00966615812222841,0.003035126563916544,-0.00300919430190515,0.008071565736791114,-0.0048802892253901956,-0.0015570087296432485,-0.0013097737479789756,0.007013902379023744,0.005554813281307415
2019-04-04,-0.019463681759635473,-0.0014871228622740688,0.0041191378901842815,0.0010749342123196723,0.006541319838838577,0.01007850198957537,0.008312536627919255,0.006042182290838731,0.006139656662800961,-0.0042260155020305955,0.003798002858844415,-0.003468457954057294,-0.0020771035711775977,0.008078479526083373,0.011018465477289468
2019-04-05,0.00487806443989722,0.006845404380464634,0.004205809895246378,0.007492073141412382,0.0022097665413330784,-0.0003459879011749452,0.017456605113773203,0.0015050425689683664,0.0028606739051876572,0.0047528801809003434,0.0034235326849314956,0.00933775057538666,0.006871555229049632,0.005888598918919468,0.0
2019-04-08,0.0010859839812024923,-0.005930062973625149,0.0013461178031690007,0.002041466666469477,-0.0008135164710440445,0.00034598790117502313,0.0044274347669686735,0.0011272972818748858,-0.004294420067747197,0.0038125823872587105,0.004128811838895665,-0.007081913724875635,-0.0002175422078806998,0.0035674968005203348,-0.002853164722262883
2019-04-09,-0.0005666817564960077,-0.004815260301474733,-0.009566207641124888,-0.010967018334143454,0.0022066867069905163,-0.007288017239535636,-0.012297282386215322,-0.008295767915287753,-0.01365547989633767,-0.004734643956893497,-0.001254687320863134,0.0024239375958109597,-0.0026126102384369065,-0.00902819418174198,-0.012161445630696202
2019-04-10,0.011502290171610002,0.009038386432731414,0.005158238853202754,0.008036494301353411,0.005783571062531091,-0.0005225177414680016,0.003719866361019713,0.00302446950340484,-0.00026423277195244634,0.006962892304063445,0.0028659698037852097,-0.0031175247150651724,0.0003267740236698323,0.004779807941736012,0.014576291727967188
2019-04-11,0.0022847022660847883,-0.0010257511141044473,0.00812657928875692,-0.0009787767431796897,0.001037684441793061,-0.0005229442377275966,0.0007423156613553379,0.006021797731021127,0.008558585517393162,-0.0013099011668083567,0.001965251685764016,0.005017641427726527,-0.012389441838784186,0.001276356762167105,-0.006378710765825697
2019-04-12,0.002976199314631076,0.005230908840966856,0.012194763653428873,0.013967736122272385,0.009746010354632201,0.013162739547054653,0.0026679536786733404,0.01821939565731023,0.013155467796448354,0.006923883499163752,0.0032079230645559917,0.004649235850346722,-0.009199907264843899,0.006188942546186879,-0.002209195292178928
2019-04-15,-0.0016730332196405596,-0.005116849579718752,-0.009003618078591551,-0.007224804853875692,-0.0004567638301929061,-0.004656387272743325,-0.0059384907185944065,-0.006283264338346523,-0.005579507717552643,-0.00039051679342990136,0.005854827878591186,-0.0001718029756621414,0.00400068948500471,0.002026386676829604,0.0011051608036286582
2019-04-16,-0.005784229364190565,-0.02166495916858871,0.0005650594125260928,0.024112231596705936,0.002622173796897024,0.0044842417040582205,0.006530180013395758,0.013991355230254608,0.006096888235021654,0.0050665457796519675,0.00017682835585916564,-0.012448198236008923,-0.02073018637286056,0.004376286272748639,0.004848044302433306
2019-04-17,-0.010203363841565729,-0.009128310658735175,0.009609370600087963,0.01465266123689491,-0.00011362172712967524,-0.006214470856544193,-0.0013320263995928378,0.0025561637324639543,0.001292447069008519,0.005556565292538173,0.004940159391736142,-0.0038347641640080836,-0.029180389580063363,0.0019296646378146472,0.0013179384501418193
2019-04-18,0.001322430794242052,0.006795650039855798,0.004972216439519961,0.0014450480117108619,0.0011379625445360306,0.001211368195730847,-0.004751399162752871,-0.002921818440010545,0.01143025970600065,0.0028308388427232645,0.0008798051816549663,0.0005236950160733943,0.0016303033932222018,-0.00033555169845118915,-0.004841549908099126
2019-04-22,0.009956394638883512,-0.009856489351350564,-0.0008098464052695439,-0.0007647210882254412,0.004652664002479514,-0.006767815317872627,0.020913837743284487,-0.0029306201166650545,-0.003069607241852349,0.002310611653946176,0.0003513499615866392,-0.0008727840798774904,0.0005819079064977129,-0.003779862092455491,-0.020729531066611625
2019-04-23,0.015533650711878167,0.011839651152471842,0.0022262978550049426,0.008042909429542415,0.00924051845712127,0.004517038529175833,-0.0016046922779997042,0.0062171854050517535,0.008672647290117668,0.010838129791598148,-0.0031691151386164917,0.002791207086567393,0.015695801899164887,0.011879940986226386,0.016307696624213882
2019-04-24,-0.0015194299851560339,0.006504915385450021,0.008455252988824036,0.00848082747204467,-0.006978913104455625,-0.006260009084849506,-0.017673192444331257,-0.0010945604398982754,-0.0029250047687062364,0.000380781802056931,0.0021139667915034506,0.006425172023634253,-0.0011459159164044848,0.0009145173001032803,0.016700118584926784
2019-04-25,0.008717176925500194,-0.0019699706633816865,-0.023375442988744475,-0.019929735234166558,0.006978913104455534,-0.012815016271193289,-0.0031255729556700826,0.001823258638149827,-0.02032719845238785,-0.0002537697541289801,-0.006354703210026879,0.004145713394876101,0.010264713589715665,-0.005248628167740928,-0.009194527455542462
2019-04-26,0.00805297940565345,0.007512025081299778,0.003533950348610438,-0.012272247266581167,0.007487374260461279,0.008269778945949309,-0.013052264468691876,0.009066131119932833,0.007509902889041595,-0.0038113993963947495,0.008990771830366458,0.0015503855004618166,0.009935618716698442,0.007903843399158974,0.007231216965369893
2019-04-29,0.002263215245534978,-0.009602504840580672,-0.006668457386138615,-0.005281255415083817,0.007431277910916876,-0.0019292869398727498,-0.0009066472966222529,0.010057474233137948,0.0023191890229190813,0.0002545319520608414,0.0012274583273430058,-0.005869292621329466,-0.0017990610188474618,-0.0034864432596519016,0.0023989553916940504
2019-04-30,0.003159955338879435,0.011328519818339565,0.003698979337075921,0.009073376501765325,-0.021332939146907915,0.008565525659559668,-0.0007560885928123931,0.0014287155385323492,0.003981916528202125,0.0016529835907073602,0.011502456298385335,0.01631356246793155,0.004604088120506695,-0.0014981027896614576,-0.0050222482710805
2019-05-01,-0.015808650053827398,-0.0006899004612504874,-0.017117849038231558,-0.007685269705114325,-0.006114861764508234,-0.018268424568125757,-0.0201686815891844,-0.00824226815636279,-0.006559370741923163,-0.0025441290082929176,-0.012379162155664534,-0.01027225284809012,-0.0017943068315968188,-0.012234142698649685,-0.013222106353779434
2019-05-02,-0.003439926021989656,0.0003447453962517101,0.01233797739136405,0.009404256416920687,-0.004553784503673183,-0.005154189503309276,-0.017594888634396635,0.0010788946922987742,-0.000516068207503849,-0.005236094166871139,-0.0003507524700637512,-0.002239759553004599,0.004255692743700135,0.0007583467227281417,0.007073726498192424
2019-05-03,0.009966345921817398,0.007902497077008729,0.016098536423066228,0.008891187657517506,0.01303654555919187,0.009752562088411729,0.009225352583145791,0.008946091898238277,0.012062653250057547,0.009430478919585478,0.00751800128776212,0.005503937613386509,0.007570760623632776,0.011725387497035805,0.009644669315302
2019-05-06,-0.0010014241186267047,-0.003313809515784673,-0.005286625141912274,-0.01613072053992576,0.0005629732391976274,-0.014396026051258823,0.0009337501110427789,-0.006791632086929154,-0.009613037028809295,-0.007767032952753262,-0.0015688296225660097,-0.005503937613386541,0.005089099055209576,-0.0060965291744242995,-0.007444503920055847
2019-05-07,-0.022937466738791462,-0.018365923889879704,-0.021586063278661437,-0.0231001931006499,-0.014626666780997501,-0.017699772501166527,-0.008746164171711576,-0.01663685228547595,-0.02042590802705926,-0.021709107479754554,-0.009993919836499658,-0.00310911920959533,-0.0193878357377384,-0.015279252535767038,-0.017515298352088666
2019-05-08,-0.0002796073172291469,-0.00011674616550619723,-0.0028161118023573395,-0.007195855121799704,-0.002974308161839022,-0.0009113994049867423,0.0,-0.0021906426794124946,0.0,-0.0011765222499164711,-0.0001763359365340591,-0.013762044254100532,0.002135715434221481,0.0003403625761932115,0.0022342722373221856
2019-05-09,-0.001212535938998626,0.002329021787322202,-0.000783682018616702,-0.014187152128263878,-0.000917026513661258,-0.00787337170386622,0.0,-0.0021954521324821013,-0.0014465734647359236,-0.006824327126672979,-0.0021171613142959497,-0.001228666726624094,-0.002135715434221353,-0.0040897263143696485,-0.008741710013533903
2019-05-10,0.005954904267277615,0.010529732716675696,-0.002773857766992315,-0.0010857547634149985,0.0011461986467333342,0.013511198605542132,0.004694883183362385,0.006571790588880284,0.0039409038637134115,0.0031556086625145695,0.012112915015236154,0.01775507682692061,0.0003375776397714324,0.001450284731212654,-0.006550158293128295
2019-05-13,-0.03877733888006766,-0.0011516882558720513,-0.028062954837667013,-0.04746034780557636,-0.026931824131800494,-0.022744972335319434,-0.01732330124818012,-0.02954440727638455,-0.028864440853492965,-0.03840191322693938,-0.009466839147019212,0.010640083170419227,-0.01896174551010751,-0.030206980467306018,-0.038341469187216794
2019-05-14,0.021796391055887543,0.004139568394221671,0.014448857995531568,0.025308376093624525,0.0022332369617711007,0.008498059018679718,0.012157550712387628,0.007840469550065248,0.010337762868111073,0.01596771401177697,0.0047443804203180315,-0.006679683248313657,0.005030778703647694,0.010054507572245745,0.013564420308175559
2019-05-15,0.009812125264991128,0.006519916860784669,0.0019636813420135066,0.009213296749063009,0.019530974750095475,-0.0025785424818463294,0.0051657505357925295,-0.003725755742389788,0.0013350544813161913,0.01081534363023688,0.007858526689564025,-0.0017201955830682435,0.002961204708156586,0.006762786421381451,-0.002558729551453707
2019-05-16,0.01970642189848377,0.00591129268041816,0.012279029666500131,-0.01422391534359394,0.008369305912537598,0.013919498910150322,0.00544962255021674,0.010027815826953945,0.009161772790446086,0.009121397997234286,0.007796775494533621,0.006691226226334493,0.007815535267479627,0.00920317813722249,0.00046586358535498774
2019-05-17,-0.011378679496451355,-0.0028378175566569647,-0.00989573316450899,-0.019443629530835303,-0.004118791080526887,-0.006020092503109666,-0.010144505733579,-0.006674052125648751,-0.01116450919618337,-0.008059943916940962,-0.0032846078010569284,0.005116982087815204,-0.0021462326157189017,-0.007649008735803286,-0.007242351091341598
2019-05-20,-0.017762485665042276,-0.014886188721238055,-0.0027546246756868604,-0.04055335561453381,-0.00932902132888895,-0.014375573766364577,0.00047039930125911665,0.0011153994145428022,-0.0025426168421640704,-0.017531348095321846,-0.0024272519986546864,0.0013601341084742674,-0.0004523594064290418,-0.007099702653458976,-0.003288088708816908
2019-05-21,0.011441729371193624,0.00838645026546238,0.004340251629176428,0.022560692749654544,0.009329021328888994,0.015290134400888335,0.011535579503359336,0.010351529659608175,0.011722559341967928,0.012211149828424873,-0.0020849156948219523,0.00186721915652569,0.009345481268148279,0.006926949342967488,0.012855521486036279
2019-05-22,0.003258238469196354,0.003540322593262955,-0.01656189662389345,-0.01773242034360743,-0.0026398577662447914,-0.006971519035749233,-0.015620348466090245,-0.005902170571590605,-0.008245038542089914,-0.0052149153288003755,0.004512167693476626,0.00743364670535052,0.005699266894030609,-0.0103213940416798,-0.01875380464444243
2019-05-23,-0.023367775911247796,0.0013671739330088594,-0.0164042155500174,-0.016752104073222363,-0.01319014008467169,-0.015397601221331467,-0.03410789355743218,-0.014158174793824063,-0.015339246119981952,-0.01771900632591929,-0.0003466741348433238,0.00854767795153545,-0.0034603175700682015,-0.012457258211994228,-0.013339608963968626
2019-05-24,0.004793147110523212,0.003296107345819632,-0.0030612339128566366,-0.006116327067753347,0.0010475455383855336,0.00559284900188075,0.003739455473124446,0.007849260016689244,0.00040677585490140467,0.00027297995695333696,-0.0036438769509901134,-0.0015029419128382631,0.0014527727948043592,0.0013231258331671276,-0.00024019761105621194
2019-05-28,0.001986506557696706,-0.01060915045731789,-0.013338666212643046,-0.008889749932397837,0.00011618879636200164,-0.010089776025045554,-0.01044049675561379,-0.011608467986614286,-0.00925957015052083,-0.002868845989716277,-0.01647726312232179,-0.01651542684547705,-0.014395315764237752,-0.006633927023440601,-0.006256146090460356
2019-05-29,-0.012839657680046034,-0.011997900635185903,-0.007463527846495379,0.003342954593120967,-0.01005507526257911,0.00018777281922237164,-0.006416132431600513,-0.0018853685896336712,-0.004524290078593061,-0.005900556630561028,-0.007272444466573413,-0.013342781264443871,-0.009675289075477789,-0.008914375827765813,-0.022702796655915458
2019-05-30,0.0036308511690636633,0.004053759651351568,0.0005033030235590331,0.007656706114331268,0.0007052338248013709,0.0016882057653950747,-0.012789713728742342,-0.0034016906748669715,0.00384020171722412,0.006174357135491145,0.00426309266089062,-0.0015511871889144085,0.005475450000935574,0.006515318640016855,0.002219637915963541
2019-05-31,-0.016588837067891205,0.0041527801113726455,-0.019066553516567955,-0.014252043547189059,-0.018847567309309508,-0.011310193984658302,-0.017708502935331688,-0.015261853015420502,-0.013783581959684061,-0.016828350919259362,-0.01428321270459516,0.004646035880501753,-0.007192602357724176,-0.01316348969009589,-0.013393502930171889
2019-06-03,-0.033776281827049184,0.003906614415357225,0.00221855484706286,-0.001120446462044675,-0.026431760114506677,0.030984356555671923,0.012680974372079861,0.006514835949596418,0.006777509793669131,-0.017681954747013368,0.01250911180581165,0.0099081961370164,0.002403286874625378,-0.008418094707570446,0.00622316910954616
2019-06-04,0.03353381312026402,-0.003216052180756523,0.033306802784888644,0.040153165967406576,0.02067153757229755,0.027731687067774593,0.017156814931280264,0.026758692632598183,0.023569076724126264,0.03286737859655054,0.009016286246711191,0.0008492859057799546,0.01643754950749988,0.026727921098088733,0.029100798757896652
2019-06-05,0.015017528074265978,0.020720248558926638,0.00853763393337422,-0.007665851251903269,0.0007221892635657529,0.007302593823764967,-0.011126771681203627,0.006302060084564176,0.009647822229807448,0.012931360514081017,0.011374650756031507,0.02117358147337002,0.007505088540597059,0.004944318690134408,-0.01481128288638829
2019-06-06,0.0064287811831162806,0.001463784693898097,-0.008757469212806792,0.013717677926138361,0.003361311392077119,0.01181973397480595,0.018367250323401526,0.003688729899208254,0.0017322094028842426,0.011563981759872314,0.010386084180780726,0.006133571412408948,0.0051197752807594496,0.005094728084157726,-0.003675827437694039
2019-06-07,0.014794858202972978,0.00303287086584346,0.006028700663122335,0.01285961757831878,0.012388564143100156,0.008904633671758,0.004580391893945503,-0.0014737471496494617,0.007955445619455825,0.01841231520797376,0.009597279481619475,-0.007464342852304825,0.010382338907229189,0.014353538412056187,0.01098750326474253
2019-06-10,0.007316058500089219,-0.00303287086584348,0.009192951513970342,0.02467156787881892,0.0,0.001736686985197187,0.0029335339886924572,0.008445035382746794,0.001319513023522378,0.010185637617890592,0.0003413533639658167,-0.006850246217573068,0.002962350663147152,0.008428935061282339,0.005811152823948245
2019-06-11,-0.011628226662343021,0.001686316199637842,-0.003633945814561563,0.0036488069049161573,0.0016559982622932634,-0.0006943129062206547,0.00195108949706275,0.0003655210530512838,-0.008609942430036583,0.0,0.003234207396227731,-0.00605336479536698,-0.0016443836254072407,0.003846560421643254,0.009610496964278101
2019-06-12,0.0024865193588626197,0.0032519160045132783,0.004499633837173645,-0.021904065410907534,-0.0027220046737313473,0.0032937012925210807,-0.014231158757083933,-0.009917313974849233,0.002126356222073184,-0.005602173137845836,0.0015283333123558946,0.012903611012940009,0.004816642528688987,-0.0002561625470447241,-0.003113202835744743
2019-06-13,0.003928060947595238,0.0036876593919547467,0.010012042556086485,0.004951425377280348,0.00967119518232599,0.005867126719296283,0.011628802354041996,0.003316364308804672,0.005031935713845789,0.003000350670141568,0.002203459718858987,0.0019956512928011355,-0.0012024106818591747,0.008920754846918054,0.012159292503195892
2019-06-14,-0.009001397457184243,0.0016717424753629059,-0.004132344703349914,-0.025200987154124953,0.0018762289419276858,-0.004310806779773736,-0.006534644234612957,0.002205534525993769,-0.00397045072433919,-0.008765900020831321,0.0005079874303576229,0.010414353197855662,-0.0022985652687194514,0.0021967819895751662,-0.002372622118609057
2019-06-17,0.0021456366810108547,0.010659637002855426,-0.010367793892626948,-0.006155802422455043,0.010836323035741212,-0.009200586430558703,0.008324523450264982,-0.009220338809020772,-0.003453953931511961,0.0007880696107057393,-0.002881259339448687,-0.0027996056437633514,0.0044831717483063355,0.000421976590676637,0.0014240874981271878
2019-06-18,0.010334216148403932,-0.0017781222091422346,0.011812200607734382,0.0398689574733057,0.0057774605028308584,0.00781739513727734,0.013721954300800832,0.013250232896020215,0.01924147917938762,0.01795774417719344,-0.00544574224071648,-0.004131126871749013,0.008473621032079565,0.007563721801136459,0.00614795147651988
2019-06-19,0.015051831063295426,0.0062091903133032166,0.002045233888245187,0.002351734860999702,0.002416770989089439,-0.005552818809544905,-0.001122918117916531,-0.001829931079430756,-0.0007834231815800649,0.003604383386938404,0.004087221118592815,0.007588211116262355,0.008938588469423185,0.0018401607550454892,-0.0011793550539998625
2019-06-20,0.01834409393288691,0.00441152032531375,0.006964235516151772,0.011490711230696173,0.005501959408669387,0.012622386739238184,0.021909296775197207,0.004386094811894652,0.01658280775121294,0.014543135774809568,0.008798698493701289,0.006388773722360067,0.004386382292564764,0.00691233038388561,0.0042393643787127806
2019-06-21,-0.007360853974242747,-0.012736262884807533,-0.005406710725395167,-0.0047483899243559195,0.001728066149216715,-0.0031856771109706567,0.007200025759123184,-0.002238474400264918,-0.005343225420541292,-0.004739385682520534,-0.003247544890351949,0.0038607261249158625,0.00479132103782337,-0.004641315942531133,-0.0008267357139125353
2019-06-24,-0.004679443038031913,-0.006261054114407901,-0.015469945296416283,0.0018646154685568086,-0.0016020363014795035,0.003807778122286583,-0.00900809969985873,-0.004049548112236857,-0.0019479383372237864,0.0019136777582839,0.0025512733462305036,0.0003278113721420662,-0.0052416176928166405,-0.005369248974657597,-0.015478300112813993
2019-06-25,-0.022752263590956646,-0.012868490111171886,-0.008429862741846619,-0.017478280462840126,-0.0177936138158445,0.0005180214114089155,-0.007969551741986705,-0.003325296316580529,-0.007568387161511617,-0.018523502177347925,-0.0005098272448698238,-0.0060832547877643015,-0.004083961827187039,-0.00963547052030307,-0.006259071544931639
2019-06-26,0.0009778407674454566,-0.019039494391890968,0.006684334328764956,0.029147417905528474,-0.0052598588100815176,-0.00172828664406138,0.015245569217529622,-0.0018521403231282802,0.0024853391502170355,0.010718840954509997,-0.014378736820664324,-0.022008136146721143,-0.01267960609573158,0.003222150334504283,0.004337419531727539
2019-06-27,0.011705748976051573,0.011512727191041761,0.012696641722103682,0.013353033533231869,0.005842393212661638,0.0032808934540647086,-0.007435026728707947,0.008859216908333967,0.0009142836177866175,0.002565463205250844,0.0018947078324262586,0.0013477900902423273,0.006955902558352955,0.006245189279374543,0.01171285037919945
2019-06-28,0.0048640860570510385,-0.0005722746023060839,0.014559258659536905,0.0009990092111130079,0.009969890572290988,0.008411556950863765,0.011524459231517955,0.014231493052505166,0.010517357453406989,-0.00012787841176264972,-0.0006888264568751137,0.0038644927149869565,0.0033517464816017637,0.0028564949203203327,0.006867929386813611
2019-07-01,0.015263219564571887,0.003430411967428983,0.004612256149901069,0.02783526067667925,0.007355611681168472,0.007662825401678913,0.0009412886215223215,0.01188568918371488,0.000904115810827332,0.015764347525727498,0.0060094084032279605,-0.002518516718129074,0.0049531878608258815,0.00877028550538174,0.0021218230154273357
2019-07-02,0.00584346147542903,0.015516365035593524,-0.008605697799102415,-0.011809199891428524,0.009232540127588406,-0.001018195093230714,-0.016124330165963922,-0.0025094453211218053,-0.0012914043269652736,0.0026453183356981128,0.00869199485449951,0.013525999962708894,0.00535638903811405,0.0021598332860383617,-0.00780249519411209
2019-07-03,0.011053780422244001,0.013174144050667903,0.01034961238054717,-0.0036687247209929836,0.008248005360832658,0.005081009075415801,0.003976081071600687,0.007865639052278325,0.0055408289180529195,0.007644556773421701,0.012311533341672131,0.00694220486357325,0.008510753271465991,0.008675026349544989,0.007802495194111968
2019-07-05,-0.0017746047737848202,-0.004557970663941695,-0.003756316605074544,-0.007378076649921385,0.0029212076745105606,-0.004572301274622689,0.0014275805588712838,0.0028446056091174917,-0.003991585390905254,-0.0018743579168169118,-0.004367616717108332,-0.000494459478141422,-0.006909762594519588,0.0011510759287208451,0.011939817238785788
2019-07-08,-0.004762689053241938,0.003226336617859004,-0.0068067338233749825,-0.006523550555407852,-0.008337069675421584,-0.011607797541575978,0.0014256276540272473,-0.004983672603726576,-0.008291207984599019,-0.007659259970030154,0.0013458264859478263,0.0014822583566538265,-0.0074946368330294465,0.0012317985974446158,-0.0013970236094089485
2019-07-09,0.005117896109928361,0.004874383047227522,-0.007498644188810633,0.006974970313017953,0.004064919796748206,-0.00983550386222807,0.0007910468047639192,0.0017827190708782626,-0.0022139824969437064,0.0035230811562515095,-0.005901766452914451,0.0013154976130431914,0.0009667998970377231,0.0010662531134354382,-0.006312507269365271
2019-07-10,0.008926636234194882,0.0052913529306933575,-0.004634719672659874,0.009880671351993869,0.013096590210758532,-0.002082848784001178,0.012728862605331829,-0.003568931724308316,-0.0023498466809513305,0.007881287137948655,0.00640595604439773,0.0022983121574053,0.0034296244400289777,0.003600805434398575,-0.003994628942679147
2019-07-11,0.005659327051232264,-0.011277226849286818,0.009568547601380015,0.0027669569518025228,-0.0016692019915656863,0.004334572503961689,0.00202792833379203,0.0057039617827908985,0.006773031297709873,0.003731536755481395,0.00251760063967699,0.0003278113721420662,0.00021410467802444118,0.002040032033511951,0.0002353033228936834
2019-07-12,0.0020976392485547667,-0.001780491506297414,0.023632520789412057,0.018195124367687995,0.0069931574790563335,0.00981341524257205,0.004198830619095741,0.006731891806285929,0.01737182313645881,0.00729776739105717,0.002845349632615046,-0.006578129967640111,-0.01118763535614372,0.011428644041642297,0.015880830697467208
2019-07-15,-0.0005677531379245909,0.0,-0.003874063568039593,0.008020248587382256,-0.0005532580558761299,0.0006848584127574904,-0.009041353762606721,-0.0056659683319202105,-0.004090963202773611,0.0033222759230697725,0.0023373577127461455,0.003952006438092682,0.0021611755981954636,0.003218394616596035,-0.002551783048996316
2019-07-16,-0.011642570707723794,-0.0023418119393583347,0.01824347848002261,-0.0103861134454683,-0.0007748950318258443,0.0023940641542426304,-0.010705314600376922,-0.002488693119103488,0.006384166714172853,-0.009379185267786595,0.0003334844374479989,-0.005768413553321065,-0.004977844108498001,-0.001286167277563355,0.0018566392382438417
2019-07-17,0.002163026822909013,-0.004027045657516613,-0.03655817426308349,0.0035905786655436762,-0.009683552940194656,-0.00892096693937538,-0.011461672760701536,-0.008580636139426917,-0.021614199447569628,-0.0026072203901327507,-0.001167644344084305,0.0037943626273651662,0.00021698443665533416,-0.009617891187790942,-0.010957189942444096
2019-07-18,-4.417438830611134e-05,0.00022399163203639272,0.012581400451279477,0.01784829107688461,-0.006170153666189231,0.004298795848243468,0.00016008363614537386,0.007511977979095456,0.0018195302950909694,0.007431168881872279,0.006653196494552666,0.008689274670783897,0.005624301001611808,-0.0013004093921180962,-0.005641845769456222
2019-07-19,-0.00983772978943641,-0.01479009916629798,0.006362736761249584,8.58511151718362e-05,-0.010748773435338184,0.002228106936889319,0.004631478228402504,-0.004285701999878809,0.005437381590228165,-0.004328377142477391,-0.006319662113976414,-0.014634683099097772,-0.010407654839300944,-0.006608835256103997,0.0014133488251858398
2019-07-22,0.006834716639618101,-0.0018216442809131643,0.0018329981867042588,0.019809360405282514,0.00034129743864292966,-0.00257131636548692,0.004609961798001116,0.002145185589232105,0.0007742667791768344,0.011459809635882102,-0.005856188704099588,-0.002155604651535113,-0.002072737754951396,0.0005729430494096587,-0.008273455934338297
2019-07-23,-0.0011063650830978697,0.010090279305370101,0.00807744237316769,0.01105081012952602,0.003972049162886773,0.020388118053316803,0.0026930365944474403,0.010303938151480662,0.012564323768372491,0.0054982424168532286,0.007190050892438082,-0.006328226090361013,0.006205275916966933,0.006767547642941152,0.005208688125758031
2019-07-24,0.015553191425774408,0.0028162969419174167,0.006002390937192022,0.026293458656647988,0.011486495909412626,-0.0006729075477472711,0.004261709292334036,0.010198773121156891,0.004322637612767503,0.008251398898750175,-0.006686791789403062,0.0008349838665260308,0.000542561659982767,0.0050251731607012335,0.019640161539221653
2019-07-25,-0.00625375167042618,-0.00462261788555446,-0.00771676378462564,-0.018249941411822106,-0.0023541619647885433,-0.007262980394572329,-0.011405223777016029,-0.007022367382676959,-0.002031810474106343,-0.004116943225929855,0.0013409401969627826,-0.002506809855721393,-0.004893498302798012,-0.005594184912768733,-0.010707171566767813
2019-07-26,0.009126915590020525,0.0033845393926065065,0.007716763784625565,-0.0020670266886715694,0.02701689359797752,0.0011861269580600077,-0.005111071902221207,0.01086387689694547,-0.0021634874755573335,0.0021810467030570733,0.011160206747340836,0.0036746956757279254,0.003590650726051741,0.004542857333124442,0.00560063433468608
2019-07-29,-0.012422532512181412,0.0029239753906447103,-0.00015469005472341308,0.0033875683582964464,-0.005587079328520319,-0.003392302389341273,-0.004011168926694181,-0.007697528773245213,-0.001784884497105999,-0.0006050751004158493,0.001820619792014388,0.005154919054504434,0.0041191176113948985,-0.0048681711587542425,0.0018601911499112579
2019-07-30,-0.007111498385635037,0.00716124669793052,0.001031355188225572,-0.004464001281664205,-0.005949858102990988,0.006604125690429252,0.011191156795207387,-0.002814273564822684,0.00432946846610229,-0.00644191354821396,0.002971750246660578,-0.007658877944218513,-0.004336129279694519,-0.006773424280300206,-0.009569722028685336
2019-07-31,-0.016221989182070667,-0.003350622232832007,-0.0071388106015489805,-0.030365314677187328,-0.009214464934791965,-0.015477973918102579,-0.003184595742672891,-0.004943503897443269,-0.011244662009567466,-0.015235357532780821,-0.020485340734682656,-0.004691114396741655,-0.009935088247276286,-0.011530525583104871,-0.0011733462778298496
2019-08-01,-0.0009014167280247581,-0.0010072673828752103,-0.025874312634284854,-0.020361270617023104,-0.006714532069677369,-0.005672481118147126,-0.022908062008572906,-0.022915355741104683,-0.01959477282026539,-0.005089276582665467,-0.0035398283382094106,0.01019144605443932,0.001315663468281456,-0.01367830827034339,-0.03293862241123033
2019-08-02,-0.019902813345610025,0.0044692923466136455,-0.005127466704198392,-0.01369050991935919,-0.00834374167086146,-0.011791267789285804,-0.014464386938453908,-0.0003621796441973194,-0.006441686984630982,-0.016435945544817733,0.0001688293567451734,-0.00016609072808722926,-0.002303595310903414,-0.008263718310395124,-0.004864803415451222
2019-08-05,-0.0385934465105784,-0.018111500261437964,-0.03337762484285924,-0.044078149424223126,-0.030813888316226855,-0.019017795756011233,-0.03025466682101248,-0.03390169242177741,-0.028087594100232628,-0.04264218800223121,-0.02634428213129132,-0.014401019013771551,-0.023784024856203803,-0.02720847945151464,-0.022439374998739832
2019-08-06,0.01036883415060633,0.010501960261710058,0.013637882223937307,0.015758437486181488,0.013569073495767015,0.0012434024973117387,-0.0011952084579956027,0.015988419100647057,0.01494458645750003,0.016496827880876173,0.00897352218841504,0.012403815655440416,0.012851104880501472,0.015111774801944835,0.012637876018438894
2019-08-07,0.002598931619220244,0.010392611447236329,-0.0024606516345981964,0.005439194734877097,-0.0026527347502711333,0.013754358215479157,-0.007545805842013984,-0.013368131108552575,-0.0005350177547858161,0.006213612997845791,0.011613813754976462,0.002495549210099065,0.0003330714381518516,0.004020094286777691,-0.0022185902750986074
2019-08-08,0.03186232334421474,0.01664756649291364,0.017261622051575116,0.02526357929781851,0.01921823887250043,0.018909453591854752,0.02834308674086928,0.018885810114396485,0.01683857365587449,0.024223714097568242,0.012822851353705696,0.010249867382010468,0.013232136350757408,0.01910763440282542,0.014942077595347596
2019-08-09,-0.009323297169169213,-0.00010885974121591531,-0.011746927671317782,-0.01742879852586607,-0.00979194927841103,-0.00793660586210108,-0.011105634582208956,-0.0033068889016987695,-0.008450277946072046,-0.011401354373048095,-0.0055476453387386365,0.0011504906635138297,0.0012042198664794666,-0.009423322299606376,-0.022870806408467028
2019-08-12,-0.01656317054119688,-0.003834704695002365,-0.016747046173538057,-0.011911400730940326,-0.012318103784885704,-0.015712749894897637,-0.011915205162585683,-0.01932413241454251,-0.013885103429578143,-0.013209548806655171,-0.0067658889754801735,-0.0019730919161570354,-0.009785345662781681,-0.014647656386257405,-0.01832633867038107
2019-08-13,0.016932185310490202,0.0010967452995860338,0.011615547893298358,0.02828190343802762,0.014375324678610446,0.010676815213883828,0.009204096103175343,0.012306624330234313,0.011894473060439205,0.024736811086748606,0.011307192778546171,0.0006581041603293361,0.012953181965618357,0.01633680846867763,0.015835781740160208
2019-08-14,-0.03477685219669248,-0.01636105056677091,-0.030959705029427177,-0.032739867059787424,-0.0324925936913501,-0.03219801480043517,-0.0399809416958125,-0.03776869476806242,-0.031033501942305523,-0.0312127977322822,-0.01590010060913954,-0.008259079126856349,-0.0282052478093919,-0.031811206361276545,-0.0427988070354266
2019-08-15,0.001813236958145556,0.010974110166686622,-0.00793478887944177,-0.0010947688765589193,0.0032971729378115885,0.0003591825778727192,-0.006199782550706293,0.004991355340402751,-0.0010965684626717434,-0.001820665285068973,0.014892821955999828,0.012854645917525795,0.0034718692670481772,-0.0016571186075913739,-0.016004185709684832
2019-08-16,0.013964987909853975,0.0086712741137987,0.02167085749085994,0.024169152096147988,0.012152592567275028,0.017459968186976656,0.013062819236685225,0.017464202091216557,0.019159483988590135,0.018827134254902903,0.011357978776450919,0.005063221391928091,0.012222501402740435,0.01128102598539822,0.02093781415261663
2019-08-19,0.005204656057693258,0.007512845191966099,0.011239807424921573,0.01634963230519009,0.013726402880993943,0.007916258612436968,0.021856888562069163,0.010110689308318224,0.009376845084335473,0.01508734236611293,0.009915781135572488,0.006333606240038712,0.009561970492806408,0.012519479646589353,0.012610978798641814
2019-08-20,-0.0008421942295897558,-0.007512845191966086,-0.007627191597910851,-0.005714060243452233,-0.007705185052975292,-0.011809226012635331,-0.008443272356873891,-0.013503846103802144,-0.005883702353086501,-0.005045800881218975,-0.010912834022857821,-0.0016200893666041142,-0.008568397241762588,0.0002554648595959245,-0.009508077907223642
2019-08-21,0.015742570321894283,0.0037088802793408876,0.010486495660939392,0.010174573130420238,0.0042623984146531535,0.005128481392971747,0.006382201638356532,0.004521628168353574,0.006150214259789311,0.011692825855034594,0.0026565008859617298,0.00662622866640191,0.0073643473220954565,0.01907089221857924,0.018673138857439254
2019-08-22,-0.0020755363811461505,0.005537655162958955,-0.00329954516634469,-0.0013097234118671659,-0.0028778826451431347,-0.006725444431557641,-0.0044803695526345454,0.006744134997995661,0.0014654537998317803,-0.0023777935740752158,0.005291848821516531,0.000965783195913409,-0.004940588191127763,0.00025071106304343455,0.015590007988491384
2019-08-23,-0.015259623147612951,-0.013847107931459277,-0.03349530171425685,-0.04230135489314828,-0.025808897672141996,-0.024448735849276013,-0.034080042493619,-0.025719964998577934,-0.02711783333138476,-0.03363777305034876,-0.01679873784046927,-0.010677638155764654,-0.023383716461720504,-0.026932502734788557,-0.0386620533447042
2019-08-26,0.012855903358750233,0.00732906920714084,0.0090727126846648,0.010248270151412935,0.015028970919170903,0.003270554835624998,0.004279537831796798,0.009533006807114622,0.0073578242445118194,0.01377036694404074,0.01233580821376003,0.011482300531896104,0.010423096018267793,0.009823828526795737,0.011346270285845618
2019-08-27,-0.002316744321521317,-0.0038221430815180645,-0.010269701204826311,-0.0023488258416639505,-0.0015155732328922015,0.0007252515950040427,-0.00624755236706563,-0.006090533403575101,-0.005172310937642755,-0.0015353079514444966,-0.0028207087588025793,0.001767241092961177,-0.005926795116585394,-0.004942549886516557,-0.012384022051584433
2019-08-28,-0.011899667698407149,0.0022952775208895508,0.01819688906034258,0.006400706385123015,0.004076226699057708,0.0077638471096810715,0.01422266609719825,0.009122027845174132,0.012207279567860434,0.0008958568620208857,0.009590265928230696,-0.0027324743382616053,0.007263810156889139,0.012395050926135685,0.02638802422449751
2019-08-29,0.01708183294647737,0.007936599598064394,0.019630236473209654,0.021426025366090083,0.013278869649093446,0.012689082308965987,0.0145448911245263,0.015020571014488985,0.01697518772856587,0.01724383968890204,0.0004934143913773745,0.006897017923357484,0.007543121088910115,0.014906907082181073,0.015056754965203296
2019-08-30,-0.004162115089614797,0.0012990801014911406,0.0020844741313237867,0.006400367857081205,-0.00011490067448662898,0.006725444431557664,0.0,0.0033490474523503954,0.004100569039749281,-0.00025135679374205293,-0.0013166636937254703,0.0003198116177390647,0.0012149542560993354,-0.006003123497194423,-0.009509756796787302
2019-09-03,-0.009498656717416381,0.009686550244489596,-0.012961678394182925,-0.01594538606824759,-0.009682925777676845,-0.007969378723573905,-0.004882979331549698,-0.01045572072991749,-0.013689043127924844,-0.012271703428876752,0.005747741528151965,0.017581614562787017,-0.005867184707766953,-0.004105774943648234,-0.015456805001639172
2019-09-04,0.012691148117011518,0.007788702136054439,0.012029513321329647,0.029056093172333975,0.014603850839652563,0.01219420423942947,0.013889219203948457,0.009712653520522361,0.012632429539387403,0.016913228443501578,0.008965742248487573,0.0009415286206240467,0.0006661481746131735,0.009859433149943246,0.01092075976321475
2019-09-05,0.015083250439296966,-0.006289947228300729,0.02555913959351348,0.029911263503066356,0.013943349406395649,0.0015795083239593926,0.012337175825193955,0.02023991406073852,0.017810901508455965,0.0206856896345814,-0.006186070167318108,-0.01088244275382103,0.009825926003891119,0.01894329681247415,0.036701137878356764
2019-09-06,-0.005795423525174565,0.0019232583662667422,-0.006328980117924627,0.0008368371006960434,-0.00045022214967333483,0.0038507958800291717,0.005265471465891289,-0.00036476474085353987,0.002074754704628253,-0.0008587195501086229,0.003260463203457721,-0.00397244721608957,0.0027428876940116466,0.0024444290041120385,-0.0014618040685172487
2019-09-09,-0.015218224939002878,-0.006532753584184878,0.02034485729134044,0.0038403358863223287,0.0015756258737037057,-0.005254483834523057,0.019792700540118013,0.015190529301999206,0.002974615566306991,-0.007512546256892027,-0.0022811480114551053,-0.004947511430334781,-0.00924594447315052,0.0038177570079070263,0.03403967831112716
2019-09-10,-0.006713974784941687,-0.010694243268458468,0.014861690277103769,0.001997796679738261,0.0005619979081257769,0.009786437052082953,0.011722978274933996,0.0035828421628132275,0.009128081219865577,-0.005081708083107428,-0.006218389255466326,0.0012792582168344576,0.002871098262767923,-0.003980427666155192,0.02743099366035131
2019-09-11,0.007410650413547705,0.0009770696495619217,0.007812707853519504,0.012643293493233582,0.010175123707500271,0.009520065218547265,0.0009844616941305177,0.00570614968707131,0.009298581099455822,0.010383408907008986,0.003604847294465552,0.009858331783747802,0.009875084219899147,0.001870268710052397,0.006172146482487832
2019-09-12,4.642778931266759e-05,0.004870389695904571,-0.004131520168774073,0.001558960152357884,0.003331810693214457,0.00772214862149156,-0.006251155206435224,0.005320176708408975,0.0006336860906225992,0.005396509349643062,0.004080644555019701,0.002212947245409352,-0.00032789635326431786,0.004782209968359421,-0.008008331813308407
2019-09-13,-0.007503853510049614,-0.01172921300067991,0.009579691342176093,-0.0004920025303749342,-0.0012202273393585486,0.010880484465152095,0.007889802388739006,0.007751852830911518,0.005433809841084608,-0.007365783834131616,-0.005717695854452798,-0.006335231447460975,-0.0005458279906982205,-0.00202358535338545,0.0009183685605845782
2019-09-16,0.005877418455206435,0.010216306122158722,-0.007976504464608411,-0.006749027804754891,-0.0056778904437982045,-0.01653770610689488,0.03301153786624476,-0.00351622596905257,-0.0008824841646946721,-0.002467334105233148,-0.00971273694033545,0.0007939155189265643,-0.002188172581035502,-0.012884380651244389,-0.011542049773793276
2019-09-17,0.006305282908652573,0.010862213531072173,-0.0021726338223337686,0.004038380951133077,0.0020075215252688614,0.00804723353010121,-0.014037524983612607,0.001056090374465404,-0.0005050870276060364,0.0040675591039819395,0.005444224134282776,0.008693722060461644,0.0015319798452932316,0.006055154282730434,-0.007223389131431739
2019-09-18,-0.004260827500145403,-0.003536037312279205,-0.012033389230116941,0.0010686458408144487,-0.0025659076953015044,0.000511546778334479,-0.0048310799417959835,0.003512520987550729,-0.001515179420210031,-0.00012288079194506266,0.0016439733286525474,0.004240396011761453,-0.00010942294583857648,-0.0004896431193185283,-0.010107044423968434
2019-09-19,0.007260505834705543,0.004818855063218799,-0.007311581565816624,-0.004033992646095725,-0.0008938843691042592,0.001702896581931937,-0.0025859717799656596,-0.004568611362016127,-0.005068324664245113,0.002211932080111377,-0.00016417834600935174,0.004690427418384898,0.004691890348813484,-0.002697032755384145,-0.005448325469139257
2019-09-20,-0.0017985852753913457,-0.0004274556043634475,-0.00444438623502925,-0.018903949414779988,-0.005380976989647082,-0.00232835477726594,0.0008163908889321059,-0.005894030589068529,-0.006341485221880951,-0.01172994378979844,-0.0031780460213881503,0.003953252793470105,0.0055587628332161906,-0.011528846934610473,-0.0034172911240896446
2019-09-23,-0.0018482423510720264,0.0014950037694053454,-0.006490527817722055,0.00853854078810694,-0.002927440626049453,-0.002402540605599002,0.00032603411189838645,0.0017788631097849963,-0.0019294965338761455,0.0031101195521916402,0.003970963189308485,0.00015646034672381397,-0.005340486990520243,0.003482523249053167,0.010713331506591407
2019-09-24,-0.019001881035293426,-0.0012475174654558842,-0.004974722822992285,-0.014948219105914793,-0.01659699340812734,-0.008628340921289293,-0.015950289667615476,-0.009644524225717023,-0.005681831292550324,-0.009735843122348162,0.004119477991006401,0.011672528916787838,-0.00922165329486711,-0.010735379926663558,-0.008322284034308012
2019-09-25,0.00886890627276606,0.0007531009238720813,0.009860968373397566,0.016946748062453224,0.011284071297097784,0.005185903185291862,0.0016561882366446267,0.008221610243677827,0.006453967747784122,0.011845168766284742,0.0006575832551070969,-0.0006190108961857996,-0.004864615299706546,0.009078417290961717,0.009268916083084047
2019-09-26,0.0026593373099337283,0.008138761143173946,-0.0027233364154988495,0.0034878268877200783,-0.008400264990400417,-0.0022439861753186636,-0.013159150770167802,-0.004638715352769337,0.0014140913167837554,0.001114838516626061,0.0055718821904377,0.005249994498967585,-0.0055565822713294945,-0.004320754027893453,-0.0064075261201820026
2019-09-27,-0.022761912900943645,-0.00609790110543314,-0.0064379258528992605,-0.02399453561164804,-0.010600215501208344,-0.002768556778737834,-0.0001678862435747188,0.00392661356512502,-0.003990638429538867,-0.01346140674250339,-0.0011445254177792242,-0.0035487800529528457,-0.004468157794855148,-0.003503507222010929,0.0
2019-09-30,0.00991297144199527,0.003748309722525576,0.001828220129369468,0.011481874760865072,0.004276809616398572,0.0084549806900539,-0.007236951366820412,-0.002497088484046177,0.001417845999551319,0.010485370251513236,0.004896576935361931,0.0006183197234574216,0.008915777326429404,0.008570304455029954,0.010185614674753278
2019-10-01,-0.011200877306874983,-0.010639717531188954,-0.02326181801292537,-0.006822633536558409,-0.009386779965854297,-0.023821087048558353,-0.0234140227339972,-0.021296622749266535,-0.024251230350160802,-0.009356993223541945,-0.0026086124682146387,-0.002319534169472175,-0.009811541967736852,-0.008403121475028311,-0.00733278872090245
2019-10-02,-0.015196943982300452,-0.003897174584845323,-0.02342203950118448,-0.01644605844854164,-0.0130073427373536,-0.0181111332707668,-0.024861162516363496,-0.02064182492542609,-0.019053689155342918,-0.018980402511229354,-0.020282708015290748,-0.013404316513759394,-0.014672999092223133,-0.01812654502928424,-0.02695052177865123
2019-10-03,0.01800906126475158,0.009714898150493801,0.0037082538230802345,0.015262251466682216,0.007988491953726008,0.0035768897663715736,0.010755638627775527,0.004088290928982716,0.006570076682201272,0.012189027632025699,0.006971939079318435,0.0023507984931574063,0.008942369431886062,0.004837751747138574,0.002922305924732906
2019-10-04,0.01736287496662312,0.005356639797209868,0.010710394413600688,0.01744723545038071,0.012558489528350774,0.005342038756545546,0.00629392718273488,0.018376075223890145,0.01036939107074135,0.016396834923484347,0.015593436713686494,0.013836342934284285,0.015542171628073989,0.00935448129774769,0.006786261662789622
2019-10-07,0.0021492698907066973,-0.0027818093502968736,-0.0018881350629251204,-0.005001644453040204,-0.0008093278673049723,-0.0035580314384593493,-0.008928020393399303,-0.005111635708473337,-0.005038742734161461,-0.004229940621318688,-0.008176636182592774,-0.0038672339968009576,-0.003334191184131694,-0.0043715113235420775,-0.0012083142639131243
2019-10-08,-0.02213339727592087,-0.005156210179634012,-0.0187983775844003,-0.02659157085363019,-0.014443941268792324,-0.01761997901462446,-0.01720369695218905,-0.019963670281931623,-0.015539269069951974,-0.01849659250051318,-0.009569377270349346,-0.00934300080817701,-0.019219023700907594,-0.010586554775702271,-0.014616879105554162
2019-10-09,0.013272986271846608,0.0032258064203532708,0.011993155215830442,0.017440548703591616,0.007015129324206033,0.011183335935134639,0.009082151535077954,0.009292521135642263,0.008469357670236112,0.014749458206110977,0.00759702576715867,0.004838273993670671,0.0072362748593050395,0.00847831355300488,0.009282370704452604
2019-10-10,0.0015055986441730128,0.0019304037592808082,0.012182905565670199,0.009485105770010901,0.004765361624848248,0.009106468755628167,0.01250788397931389,0.010305402603616539,0.009062008564918922,0.006859290033845004,0.0019723515031906205,-0.0010906358522832981,0.0049450776395091245,0.006647160165830833,0.010400051297714749
2019-10-11,0.0172011557304405,-0.0007504371548853363,0.02149674059229525,0.022550824715740634,0.011070552498488784,0.01918888768668691,0.013390519766022978,0.01237271567083268,0.018662816689863054,0.013701300383539103,-0.000985764015585648,-0.0037476381413874805,0.008261514948890249,0.011258141962892194,0.021659983794582175
2019-10-14,-0.0004159764650485974,0.00021439870498652137,-0.0032525483625393176,0.0014690861603493702,-0.0017217857280665124,-0.007174636949492728,-0.0005184416712798955,0.001445852140511929,-0.0019548962895366223,-0.0006131155863452377,-0.004943149318923744,-0.006435109955874221,-0.00044460199271925774,-0.0004975531158876286,-0.010176271009355477
2019-10-15,0.008517361067218336,0.0005360384498987591,0.012892559169125331,0.019705133749381803,0.014823400662099046,0.007000340105599093,0.0041390528634741765,0.014342086233311629,0.00805579012821909,0.01097995336259585,-0.004303902125060189,-0.003154071895144722,0.0180777382205999,0.008755945816439188,0.011587965442763526
2019-10-16,-0.023282625899608975,0.000749680401972425,0.004278628908812966,-0.014661063623665717,0.002938805745725092,0.0020907708889756835,-0.014038974092151517,-0.0024948471704934988,-0.0005177993785120338,-0.006940280616513366,0.0009948419947831066,0.002209026928555216,-0.001311620656702639,0.004103760969605772,0.005860883158645414
2019-10-17,-0.004514917096488138,0.005552232008762943,0.005959193908288781,0.0006489037988414003,0.005514375105921447,0.0026070293997319497,0.000697621512485089,0.000713371962977646,0.004908356981622026,-0.0019565523859627837,0.0046295046022306295,0.002518505011732178,0.007410891432592282,0.00261770459291459,0.012774563962452462
2019-10-18,-0.019803709187283604,0.007953413839971397,0.0005835536819447369,-0.009861178440200338,-0.009698987985347523,-0.0017373650426044532,-0.005246453473657631,0.002493223623041159,-0.008670029559691227,-0.009594235056280999,0.0019777018837880862,0.003295973240905292,-0.00369872003240448,-0.0019625861852154256,-0.014412183293295279
2019-10-21,0.006899682885599902,0.0072623242991672115,0.01395214180662115,0.018581416264574182,0.005763293269379927,-0.0031349142087449622,0.01772706641793529,0.013778828834503206,0.005960716850249518,0.010695001597034948,0.0032875275738433684,0.003909641423534977,-0.001089996638478717,0.0035136061241424882,0.011870506612105218
2019-10-22,-0.020160745471172952,-0.0032561634721076384,0.009056723515727423,-0.007585521926775387,-0.008259758309258708,-0.004195206551981176,0.012837094081249037,-0.002811058329909919,0.007850159869204227,-0.01354155566256647,0.0003278094811975785,0.004205195642482139,0.002179270853062573,-0.00638266624516346,0.01241657441959576
2019-10-23,0.0040839607751538285,0.0013667022099237973,-0.0018152413039838786,-0.017569394876706588,0.005890480345575992,0.006286266178575785,0.00829874134943759,0.004213365439548792,-0.00012811545869500764,0.0008669486392102123,0.004582750222399495,0.004032893561922772,0.0061861787273685765,-0.004607700121761201,0.005014992695529743
2019-10-24,0.02373492254466358,-0.0012615635857904232,-0.004891120114491803,0.026119204961140004,-0.006004062201311132,0.0031281495812200107,-0.004225460421964898,-0.0014023071096389297,0.0014092355201784038,0.014507186150792235,0.003423461929748723,0.0033998794476082753,-0.005097904192126879,-0.0004947367386186005,-0.0013655030881858717
2019-10-25,0.0043024982185664775,-0.010256621031296832,0.017066788141781704,0.020037229964400827,0.007358504555496123,0.01087243695977845,0.008097295266265207,0.004900135354039069,0.006253743318212379,0.012011226539853521,-0.0058759131604955005,-0.010234295264334588,0.001086720788206961,-0.0011556719646175083,0.010644670452866593
2019-10-28,0.009251909502606312,-0.005435082256781538,-0.00041036200958217734,0.01507906051737794,0.012553352205051807,0.0030849490980995225,-0.005728796397801304,0.005223833686580053,0.002794802804995083,0.012583202621758422,-0.001965988281590468,-0.013810649760923641,0.010266379276251745,0.003133949895268303,0.00830070670018239
2019-10-29,-0.0035590453193690814,0.003413859508195957,-0.002413881287293098,-0.006847135799471818,-0.009625081686727537,0.006141419456251409,0.0040471789361290166,0.0024285762755543133,0.0032933870036894615,-0.009091598737276232,0.0,0.000947730048149518,0.01409237305360101,-0.005698097102199656,-0.016670892257978655
2019-10-30,0.016839944383497354,0.005522556639805945,-0.017534273216008815,0.0010924166750017914,0.0014610174041045745,0.0008498539256754517,-0.02057351203518246,-0.0006933947538055301,0.003534570637117191,0.006110304526190665,0.0045818509390988015,0.008802313050008639,0.005602602668292663,0.0061919227791450105,-0.007753870603639027
2019-10-31,-0.008617150998425,-0.0016960243066672417,-0.01242791126266528,-0.005709730494419205,0.0028033408657286356,-0.01127838349646026,-0.004304203170200293,-0.00486622100430657,-0.010768589142792682,-0.0005977512391390688,-0.0014705528713834179,0.005462385198505261,-0.0011602411287603314,-0.005364159068031261,-0.012207416868948055
2019-11-01,0.011611075757688338,-0.0007427417627296275,0.02118148992145612,0.020419218210959763,0.0065852648709940655,0.01399338224789016,0.022518967574473883,0.014528193717890365,0.021546824714003137,0.011880893145886322,-0.00016342945626899788,-0.0024936051734166893,0.0012658225551609636,0.006598155216457334,0.01220741686894801
2019-11-04,-0.0017952790109656282,-0.00778060356232676,0.02201167050823806,0.021064610403315222,0.003553389779702995,0.007765404785754101,0.032038526511142335,0.008548465983843501,0.01152656225963933,0.005183512499662618,-0.009695163478822594,-0.012876693265677258,-0.003061525293581514,0.0004930397225780621,0.016349374531269244
2019-11-05,0.004184069788171971,-0.016397399237755125,0.006676494018049831,0.0005267987437184284,-0.0003324195211864092,0.001679714944305554,0.0013060803546608788,0.003738455743282292,0.0020927202361814127,-0.001175843335766919,0.00329690902892796,-0.010326651621484903,-0.007109115551718794,0.0014777285581562285,0.012311320062649036
2019-11-06,-0.0012856781369730897,0.0029325884837720887,-0.002220604317027391,-0.006110977559762418,-0.005225530323301749,-0.0006718835337199639,-0.020605949118208722,0.00507514423505526,0.0006145876945768943,-0.00047043984333770844,0.0041059466093100235,0.003825290817611224,0.0034016295797358884,0.0010660206448054406,-0.004235931732300694
2019-11-07,0.0021110872643388887,-0.00958928776462457,0.005894117309545927,0.005885067910510027,0.005114669161265602,0.006697083044600056,0.014879031569580972,0.0073974534932112705,0.0034350601792648336,0.007854096868041135,-0.0034478969863809884,-0.013614597768768265,0.002226411642261125,-0.006000542473275884,-0.0013414089683567788
2019-11-08,0.007535893965004192,-0.001863379648337923,-0.00211198024637463,0.0021041751648271617,0.004205276772444834,0.003996580801033571,-0.00411056267069957,-0.00033495832003194116,0.001346280967976566,0.005589044400653158,-0.0006580496229290918,-0.004201540987747075,0.007279416807209131,0.0004121248080322494,-0.005158833385087775
2019-11-11,0.001273168297713448,0.0023009911101088726,-0.0033275079767240913,-0.004061937993506355,-0.00022082849798769514,-0.001496502755439385,-0.00561838393047506,-0.0026847273113304033,0.0004893241733518645,0.0004647213495600934,-0.0014823463157729604,-0.006172889545724153,-0.004107994697578232,-0.0020623912928812555,-0.000674569308168378
2019-11-12,0.00557383084232927,-0.007028962724943013,-0.006485062500204987,0.0021082338822529254,0.0009937037788484656,0.005146284440244229,-0.005150084968406442,0.0013431199665128316,-0.00012238625884724032,0.0033600563566317356,0.0032910163279384628,0.002441240833153801,0.005998508218630504,-0.0006610300369007841,-0.0018021549185194097
2019-11-13,0.0026625719420066553,0.008123045791812215,-0.010422878823833224,0.0017286408482184187,0.0003311649559122819,-0.005812607312547283,-0.004339602757213371,-0.00639603885518953,-0.004165494972030208,0.0021951627425133464,0.007528788655064666,0.014683470779583086,0.001153248867806839,-0.0031449701312113105,-0.0051980006754302754
2019-11-14,0.0015762023207879288,0.007949008320877323,0.002257232495816921,-0.0018036619543627956,0.0034137519237305413,0.0061437133284732775,-0.0026801544092502692,0.002024305069796099,0.0031866945003760517,-0.0011547873747139745,-0.0003261273033174305,0.003517922999545385,0.0001046936132533504,0.0043013861257950444,0.006549779084183577
2019-11-15,0.010741866989625596,0.005300196321995954,0.001382492430603393,0.01010361532205078,0.006137741401577347,-0.0008280427476940749,0.007686121842151509,0.0026927147821763976,0.007316625352175944,0.00805601673947213,0.0003261273033175551,0.0031873200524587184,0.02104906953302797,0.0018141854126647982,0.009856753767969887
2019-11-18,0.002445356387663273,0.005165283969932511,0.0008187935599465141,0.0005956560601104569,0.0038169793091402116,-0.0024881056613177757,-0.012224953146690986,0.0020148607632917825,-0.0037737455721861025,0.002976087947495602,0.005204065044939949,0.002066356911574351,-0.003391646501481233,0.00345451887149948,-0.0008920475277965589
2019-11-19,0.011128867249500261,0.0012872358006114032,-0.002765137740088374,-0.0034292776270327566,-0.001307352348521145,-0.0021612420471582854,-0.01493844734893356,0.0020105927813406483,-0.0008536871545474105,0.0019410761739053898,-0.0012985163248852556,-0.002543878387282148,0.006772177581514431,-0.011063533455605004,-0.019601766916215065
2019-11-20,0.004163506965079,-0.00021466712739021774,-0.014564885238369902,-0.009830854144684953,-0.006780289974577161,-0.012562047326126844,0.010040372533254202,-0.004698170290310282,-0.007965472081786969,-0.006064097524033714,0.002271188005508471,0.0060307625558431235,-0.0013302942873832278,-0.0023274340793827037,-0.012823723467740293
2019-11-21,-0.00429524760512029,-0.01381859765886784,-0.000988943223055603,-0.010995502663022924,0.0014256115403584702,-0.0016870290370110928,0.016290495515726384,-0.0010093438233044105,-0.00036913652279863126,-0.005061709426414737,-0.0050360541580875455,-0.003486884168560926,0.0025566157696035787,-0.005674560698688389,-0.0032314752603339637
2019-11-22,0.00013174064004125964,-0.003266255251922091,0.009588243258779099,-0.0017552371193198886,0.000657042844049,0.0016870290370110332,-0.003337422214136259,0.00737993760484359,0.005155967340354345,-0.0012697203432208315,-0.001629987391654168,0.00031716889294292706,0.0035682123635012997,0.006839122640922776,0.013549326574885372
2019-11-25,0.010267711262013432,0.003918877693729234,0.014796954901370845,0.022805430413309506,0.0038255016763230074,0.00655171927838989,0.0010024138960539907,0.006330266092210459,0.007198198391388816,0.014446469817457876,0.0011413883101245334,-0.003338796891636485,0.011635808119168053,0.008771886721253869,0.01651426425296651
2019-11-26,0.005202645409884713,0.011986135006945474,0.002537996682115144,-0.0032154480622766392,0.002614831789534571,0.005010858337486552,-0.009225945629881348,-0.0009970289423204108,0.0029134327459605478,0.0009099266493985768,0.008113975122897845,0.0033387968916364793,-0.0008050707267058827,0.006815346868622527,0.006039544993855535
2019-11-27,0.004745491728574718,0.003215186914055873,-0.0021316179702312557,0.0067184646471166315,0.005533445332170921,0.003990527759472414,0.002524848240304609,0.00398152286552052,-0.0009702699373675539,0.00555750815604919,0.0024217899325571623,0.0017445569982913987,0.005121480642687721,0.00855576564919411,0.00400622471983188
2019-11-29,-0.0015073336988508932,-0.002785780921017099,-0.00749597559622116,-0.011222609068008505,-0.0029256097457680524,-0.0036573809215250993,-0.010137257397150391,-0.0016569762335300595,-0.004621140376321971,-0.002945076276466846,-0.0003227909525167038,-0.0009510376287816823,-0.0035119010544764897,-0.006512286599739409,-0.007580984051942668
2019-12-02,-0.01884025534166311,-0.014917767565251275,-0.011635195006815004,-0.013101870485847414,-0.01025343458088549,-0.010043588464468161,0.0,-0.0063217695828692655,-0.016592566528451952,-0.01439521345241454,0.0022556732050104606,-0.006524121228792381,-0.0044325714093717125,-0.008282199081211365,-0.010801025487294991
2019-12-03,-0.000395410411645553,0.00608032949990413,-0.02193646412383543,-0.014125857708884297,-0.0015358913605789408,-0.006413434020191014,-0.015055841394470654,-0.014117827673618123,-0.010965524489669228,-0.008900244370909343,-0.0016104147408962039,0.0027104539877451884,-0.002223502777157332,-0.010097043196327907,-0.013667820488878617
2019-12-04,-0.0057728026970010355,0.0038894692495825374,0.00654224653294714,0.014583283940956166,0.005693585603949509,0.002198600886428125,0.01488599157223415,0.009433947962651037,0.003876673559295565,0.004055481507376868,0.006586863489692606,0.007612993238509909,0.009266053171241514,0.005557583455978191,0.00708485456917742
2019-12-05,0.0016338809451137697,0.000862221693597675,0.00036792987216295776,0.0060013567986398775,0.0030525592239452203,0.005055833014955844,-0.004766404286205237,0.00468387971096712,0.00024964719759574546,0.003693618523222662,-0.0003204227399738046,0.0017365698268077803,0.0,-0.000992949565553747,-0.003650225926790713
2019-12-06,0.004753805981836314,0.0017222163083361799,0.0126932412720514,0.014736129284241159,0.006293242836466209,0.010201436063761901,0.0189320089946438,0.013262950181898579,0.012030966986452398,0.010999053797411649,0.0038372278315989606,-0.00300121161107179,0.0065946305991100825,0.00799963326176139,0.022823288419685166
2019-12-09,-0.003871705330131242,0.002041396357686336,-0.0031191341172576996,-0.006739715365240086,-0.0039012728204398683,-0.001998548624644092,-0.0011727538208392103,-0.0023084488296034747,-0.003829161233831566,-0.00525542867912792,0.0007972923297104885,-0.0034866271756264855,-0.006995841182558633,0.0012313661502479708,0.0037908536852359763
2019-12-10,-0.003223327121230426,-0.006028519910249498,-0.004278609041709301,0.003974385673812429,-0.0038081089488022427,-0.006020307019278181,0.0020096061649035944,0.0003299117617353565,-0.001238652357940379,0.0008014186110434379,-0.003193788334893185,-0.00015874530002479536,0.002203729743975199,-0.001724151675457386,-0.00044527622974274646
2019-12-11,-0.0003096688257594767,-0.009765793727587464,0.004799155105586426,0.021177980411209878,0.0033736145814629824,0.0075195204124689635,-0.0016743193747093478,-0.0023128120920243617,0.006299999851184489,0.006730292678562893,0.0014384418198707236,0.0026955446704699155,0.0009004691291096268,0.002544309132588971,-0.006926548559804197
2019-12-12,0.003753441876328245,-0.013170973455480694,0.010457135855073267,0.028317542330697113,0.0,0.013886991896853896,0.018266805944950656,0.019329111024556797,0.008827037455936017,0.010629801615174737,-0.0007989835864647137,-0.004284830831918265,0.009255111214148641,0.00873296972805891,0.020417814332748252
2019-12-13,0.008164219727213809,0.0009938704143006728,-0.001288321915075309,-0.0038536360617657437,-0.00206656320494033,-0.0077464092245333955,-0.007598092776247591,-0.003575623764782337,-0.0026891926254425016,0.006614844732295305,0.003510560384171367,0.007762492296481858,-0.000693578039859159,0.0008933924188250045,-0.018849632051712677
2019-12-16,0.010566961379241104,0.006399773341403747,0.008636519537429605,0.008118121076949793,0.00936903243748895,0.004292519782954372,0.013340900565149104,0.0035756237647821794,-0.0004894486387887559,0.008899654245270965,0.0034980635111991087,0.012389391298118353,0.010746807584737447,0.004374751175952279,-0.0006719252191800137
2019-12-17,-0.006248344217069192,-0.008564682016179105,0.000717833703232676,0.005657610848059956,0.0008648499098723256,0.0014817299724963532,0.0006545094866984444,0.003886040207385351,-0.0009802393552295705,-0.0023284574573898273,-0.0015886300874584504,0.0032677651701438918,-0.0010793816979994943,0.004436014792084526,0.01202452962896734
2019-12-18,0.005209730236785115,0.01287478391758553,-0.00869767878364147,-0.003461472302655248,0.004852082461695961,-0.0013167937978363201,0.003753420825330569,-0.004210594558293649,-0.0041757279851248235,-0.00011090335903416957,-0.0015909412223378962,0.004031017475950158,0.0013737617392347778,0.0009653343891109094,0.009691468384914012
2019-12-19,0.006517198811091112,0.008236578396492772,0.0021685866047130692,0.0057860427207019555,0.011124219265597037,0.0034529638186559246,-0.00032597517387158786,-0.00032465972063425586,0.0027040847382226608,0.007190728085288862,0.0053993358685228855,0.0003095062886489218,0.003913726155738651,0.0031303502713695384,0.0043743955175603874
2019-12-20,0.006816827350557635,0.00621518759646362,0.008372023782187193,0.009592923040681978,0.004245710719536048,0.004840921657397264,0.009547008947422383,0.0011742234673843173,0.004590794327819097,0.005789056492570509,0.007524226171526744,0.006851163272195508,0.007055033605935299,0.001526745398224568,0.0022559982306536237
2019-12-23,-0.000983233468258717,-0.005667963938351352,0.001686466336464625,0.00495295004513105,-0.0019083178843290432,0.0027885005851035457,0.0102147495258393,-0.002284390239791708,0.008193099409461176,0.0028546736122800867,-0.004287939103722899,-0.009332941415511494,0.003984174770740367,-0.0023308237890767663,-0.003506555200326279
2019-12-24,-0.0005988636220731935,0.002728798996526901,5.1307085746055976e-05,0.002039047682224323,-0.0009556125207758831,0.0011458957520131673,-0.0004840696539859345,0.002284390239791779,-0.004027049307394422,0.00032885824857286977,0.001272526988807547,0.0014054627929486212,-0.0012613619465425255,0.002250567667323391,0.0037251754197905793
2019-12-26,0.005122252078558257,0.005327762996444258,0.0028040498629763842,0.0026655393495991484,0.007724680138520688,0.004407745146325301,-0.00032289817095470787,0.005525669083135519,0.0023204285745942947,0.007425025834830735,0.0009532443991226796,0.0017151818278854447,-0.0006801529677828061,0.012131161083834762,0.007192061465645726
2019-12-27,0.0007235944408558688,0.002707320299104146,-0.0012733423741086954,-0.0034383360121903145,-0.0018991414533846393,-0.003753455806549311,-0.004206283171810247,-0.0025963724693952544,-0.0008540951261553236,-0.0001086798540208952,0.0044364510571881345,0.0029554789433227694,0.00029156256774339276,-7.93585758929704e-05,0.004117534555522557
2019-12-30,-0.011252810165715645,0.0007566217246210428,-0.005367548223907936,-0.007266718987657762,-0.00955018804258832,-0.003111552270619414,-0.0031610398819222805,-0.0029292966137403125,-0.004650853608995287,-0.0057832491836657,-0.005230841673948588,-0.00015533773752094315,-0.006021740488026397,-0.006446801109993372,-0.006727022936660721
2019-12-31,0.0027072185758956844,0.005818197879451367,0.002354917880700512,0.00127375512213677,0.0014913866726160208,0.0073536777933336924,0.005678923236022093,0.0032541598144887563,-0.0006134208860302489,0.003168926337821502,0.0009530930568043189,0.003876509645879053,0.0019653407334147173,0.0014361400417692224,0.0017405367404468765
2020-01-02,0.017904252766369023,-0.011127001397967363,0.008046913815812561,0.022860889003849586,0.01153768207910793,-0.0117918537269253,0.008953906585551282,0.009699420492018414,0.018726382725690962,0.018588694617457657,-0.007970601277662902,-0.012614160952826017,0.0026475771981910837,0.011810174052145505,-0.007636282839328446
2020-01-03,-0.0036314605421683193,0.0071440994663975466,-0.006922686320529415,-0.016516448381425127,-0.004007075009810432,-0.0162768271804549,-0.0029755998493984606,-0.010674605833589224,-0.0019295498962754222,-0.011306719053614188,-0.0016020319457995258,0.0020351984367399222,-0.008752899194537592,-0.008546485223426444,-0.007694767212576513
2020-01-06,0.011608050306334234,0.0008625784994399614,-0.005993580088509806,-0.010738554346231813,0.011764907274594946,-0.00436285604386598,0.007751152355364097,-0.0006507453349365928,0.00036204889967516674,0.002379557400640307,0.0020818680607836825,0.0009378547545805676,0.00620360372356552,0.0027776963556767125,0.0035250958247460555
2020-01-07,0.0026725580485877673,-0.010182032806583743,0.003487721062997526,0.016553899538645715,0.000626456867320471,-0.0011781967297422897,-0.0026318882182070256,-0.00652951620518811,-0.0020531080142472463,-0.0004319571523957864,-0.007708262708391155,-0.0014072934425565856,-0.001965230423085513,-0.0015861550257498466,-0.003525095824745999
2020-01-08,0.010495597646047298,0.0023922015080510704,0.008210435723490896,0.001675120589922956,0.005100641318878998,0.0035298532877093905,-0.016608866914140822,0.006529516205188095,0.0033794664671745766,0.010643576376175235,0.003700938027195556,-0.00046951408403921757,0.0064706654084688885,0.003011603965572647,0.001984216361013724
2020-01-09,0.009446779440898164,0.0005428362939270873,0.004509831940510143,0.00570277975026456,0.003006609050452485,0.00368412675050355,0.007341994453216752,0.006163939864023105,0.004208537881850786,0.011271582820247036,0.007042219000453205,0.005464212020430814,0.004290742064615305,0.00528846329738226,-0.004193415388006
2020-01-10,-0.001882182883595593,0.008646894917385758,-0.005017697677199815,-0.008356480624693607,-0.002176328293835019,-0.004019998579687682,-0.005668672286423817,-0.007466422816901092,-0.007104349046469785,-0.0023288379083211226,-0.00063815636766551,0.0026431344636520847,0.0002918775284880483,-0.005446746209021518,-0.002880083288055521
2020-01-13,0.011645477881370457,0.010598051303058364,0.00834917222465118,0.013889105287101371,0.009293943237201452,0.012841250232110985,0.00033419639455848423,0.006819395256597569,0.008183621388837724,0.012429240695112904,0.006522001391088798,0.006037843308162862,-0.0035082480632085615,0.003161288839822723,0.005751156129891397
2020-01-14,-0.004666344494173407,-0.0038409759175798345,0.00912916815629258,0.002066690906150012,0.0001025163767472002,-0.004151227588195192,0.0001672630083237682,-0.0019435983475469577,0.00011989216587736047,-0.004721874652929517,0.00031709047686897466,0.0029282202542213922,0.006034099926747145,-0.00031595902956997856,0.005937508746847582
2020-01-15,0.002802543389388967,0.008833508273626708,0.0025434747549595207,-0.01490740925930716,0.004307354111133108,0.006798920761801301,-0.007380004414724003,-0.005527535267985564,0.0015566864731557197,0.0011561989939905106,0.007107409835867553,0.01390717952332068,0.008598663319581566,-0.002291290031054329,-0.0059375087468474886
2020-01-16,0.011532772037689395,0.00738938852551072,0.0101583467662207,0.016008125434985688,0.007442485716402535,0.005931855353889517,0.0016819644032262607,0.008764908985393654,0.009882952685661178,0.013357254190292803,0.002671794577100059,0.006202988979926626,0.005181468275772706,0.008899308435244575,0.012928639496614694
2020-01-17,0.0031623920947697498,0.0011563233642380762,-0.002715279299676402,0.004116196754895106,0.00668139687770531,0.004425807531345565,-0.006407190193390349,0.002904508920786381,0.00011841449199542909,0.006715379007339248,0.0017251572126042941,0.006914318333240015,0.0,0.003522147333872465,-0.001089033369245739
2020-01-21,0.003112587614617702,0.010138106554451357,-0.018360215168946415,0.0008212750794444413,-0.001009110136509554,-0.010853540373116644,-0.018092090869173388,-0.008414129118608126,-0.011078628676937536,-0.00041183719395702256,0.0034412710422094322,0.00909573244722735,0.0010520931566562208,-0.0030516505277634752,-0.005244942973121878
2020-01-22,-0.0010763057690501403,-0.005735943171220018,-0.005858159456009188,0.008175650693172588,-0.0012128195189981905,-0.0039761842827801454,-0.009692148756645171,0.0029204629260652683,-0.005284836681995096,0.003598580562546772,0.0007803625385176722,0.0031122932035757295,0.0012421113002158127,-0.0004704968061089613,-0.0037314411443445496
2020-01-23,0.004695366482330418,0.005943989042819634,0.012132347328052953,0.006222886090590499,-0.0016194664065325793,-0.0011626448768963843,-0.003833458496738222,-0.0025955997253168527,0.010779758692806512,0.004710378997813705,-0.0009366486415841136,0.008839135118603568,-0.005073317839970411,0.0014886437174402676,-0.0011006099186448165
2020-01-24,-0.006531867012998277,-0.0022898601484050004,-0.007029683080893602,-0.004392759850955985,-0.011613943562026795,-0.00717215328000065,-0.011589169809997087,-0.012751489087689399,-0.0046569853081386186,-0.004710378997813613,-0.006895294449486069,0.0026366240686006674,-0.016839841895418293,-0.014033622712920328,-0.011514400587669808
2020-01-27,-0.016721755967976887,-0.004805182300040033,-0.024536504565783476,-0.04113226806667018,-0.015906053114037248,-0.021830066138854798,-0.028120475082808467,-0.015586512902598902,-0.01909193462748086,-0.02410001602406538,-0.003150430694137081,-0.0024898982542004163,-0.007641930824440807,-0.015039005254996081,-0.00962305711067844
2020-01-28,0.017121198899909,0.004283980685207198,0.005664499700538186,0.024744278311423416,0.010975447492442163,0.011228527590957126,0.004531344944522519,0.011630033693275905,0.006445186027632267,0.01895495279540718,0.0012615052854329152,0.00409777925452803,0.004905578571135239,0.00970532954052055,0.005606074263262632
2020-01-29,-0.0016388845217007101,-0.0031329272795820266,0.004099712950444447,-0.015331968574100201,-0.005058516224733741,0.0032090130573833916,-0.010543806452167567,-0.0016533475467037247,0.005319030878537381,0.002575592280753407,-0.005054529333469773,0.0026252687690771904,-0.0027441917856505906,-0.0005589742188169294,-0.0022386597509140714
2020-01-30,0.013353133710371933,0.0012543302408312708,-0.005949684553797372,-0.0023098579089860676,-0.007271469328820423,-0.0062589296789214354,0.008008668615170736,0.012496168112719329,0.0010843731212307798,0.008606802508699492,0.011806493359497815,0.009279407479120658,-0.007288311556827092,-0.0016785422852368937,-0.005618862663964007
2020-01-31,-0.01848729187600202,-0.012191164818949017,-0.0252153396976465,-0.03668168564850234,-0.01480844074717593,-0.02230721176823327,-0.031678382384179346,-0.02113680249653792,-0.02339562660489511,-0.02782718190900727,-0.011331390938647195,-0.0044836599151786664,-0.02017071405609084,0.002556735069998439,-0.029968826072759237
2020-02-03,0.013738731041253926,0.003061871268840689,0.0016341226370129391,0.013573194665529312,0.01219887452782178,0.02077883161800307,-0.013185512845590426,0.0069848330737780975,-0.00036995108130700945,0.013130868778912293,0.0,0.0031840780476742585,0.009037304408149571,0.007076542224894429,0.009936506993278494
2020-02-04,0.025300950822015375,0.010173664708414595,0.01816466093014993,0.03169027712157498,0.009881035548174447,0.017520555142012485,0.0035962381624259445,0.009566324819162187,0.0186945351335028,0.025855747440206276,0.005996313835762406,-0.010021007724411812,0.017439919595515146,0.01805962233678297,0.007787499670356809
2020-02-05,-0.014373551646066355,0.0002085749201087919,0.013409895264814838,0.019674580173213847,-0.0002069065549590128,0.01836727417892929,0.03690739276836919,0.019828209796615443,0.01656694907274436,0.005834674124107922,0.007992120241002636,0.004078341011641493,0.01907053649037455,0.0050454505832594355,0.022335907674474218
2020-02-06,0.009099894491839101,0.003748793652999477,-0.003988935292656384,0.0006808859285270697,0.012141215111064372,-0.0004919739708444593,-0.010249227853324099,-0.0012881515441617215,0.003209438524108498,0.009085980659171329,0.0017152614742403174,0.0002908958673596249,0.0008668659591553453,-0.0022478497470878995,-0.00559343763503768
2020-02-07,-0.0014394759834189337,-0.0004158185725422292,-0.0006662740410089059,-0.023138158981522272,-0.0011255420604589482,-0.014374569568281764,-0.007014876388091357,-0.0035512567303439243,-0.007265646579464694,-0.009186179330146536,0.0012457066200902303,-0.0032024238368342554,-0.007830208543521707,-0.004355225984122776,-0.014919093614250646
2020-02-10,0.012189819931832085,0.010035683909896809,0.0005637150942389588,0.015622032973815888,0.006734657897220341,-0.0004992003573661143,-0.005014555794704493,0.002906661905751326,0.005602608436591044,0.013451067290793393,0.00419285746654232,0.003783625315037971,0.00532326936568448,0.011237312295621601,0.002274721720346035
2020-02-11,-0.0016553189115481438,0.00809953567928037,0.002712376536121727,0.02090496571903669,0.0024377946892790007,0.005479551167151833,0.011109008180146407,0.003540760910126537,0.003796988842555504,-0.0033707417774616593,-0.003726099772486561,0.0036242557182136923,0.005967555962073757,0.00782992997338925,0.007696030580296134
2020-02-12,0.008134489510235422,0.007933391505453925,0.009359613039647984,0.014006574130892006,0.009591472777889682,0.005449475525870632,0.013352250375350481,0.0006424549687906683,0.009312363592855758,0.010766153486912036,-0.0004667576940558138,0.000723384796522616,0.0012467568314042407,0.010194083242799516,0.016769501194749344
2020-02-13,0.0023665777292688444,0.0067647189305128095,-0.0010132662382276757,0.002381572230304292,0.0010045936241069421,-0.003629777376365577,-0.003093632789159421,-0.00032110700226495076,-0.005647662847023428,-0.002656368943615512,0.005896180785710876,0.011073725939217191,-0.0047073736156407146,-0.0017423062323039086,-0.0037763896485219863
2020-02-14,0.008428058158668312,0.009015472967179392,-0.011776088645478269,-0.004304121370978246,-0.0009039665231051689,0.0001653605061183568,-0.005299323111552199,0.0012840162145311483,-0.0012990947070514749,0.004325112287879634,0.0023177827562067014,0.006699518989604217,0.0007701157146689153,-0.001517249335227069,-0.002451332597581172
2020-02-18,0.0016619690597278474,-0.0006982918626293839,0.0005638016914241092,-0.015111342381206427,0.006110350055804336,-0.0024820650389201964,-0.008278902728941663,-0.00869981455723827,-0.005686643869263677,-0.003733951642721624,-0.0035563008789169545,0.008347220220235454,-0.0035664617282844635,-7.608794535626841e-05,0.0042304801823548205
2020-02-19,0.006433012602188895,-0.012653450903992693,0.007556738685720217,0.02541038357778885,0.004582687996396703,0.0026473982054622453,0.013213723922191795,0.007415798342707071,-0.00035694202024171305,0.011841259495385394,-0.0010849979599707532,-0.010907510550073886,0.004624220826058187,0.004470550878164483,0.0022190047097848165
2020-02-20,-0.010896425074069066,0.010755523114920272,0.007954380566444588,-0.015888896264365755,-0.004283434947756419,0.0016509023453960727,-0.0010943938972383484,-0.0019293625078979167,-0.0014272378868653113,-0.010464191024749792,0.000775267987329376,0.003554373877996902,-0.006460738815591939,0.0003780772314766384,0.021708863654209008
2020-02-21,-0.021071281926946094,0.0018979277890722815,-0.011419416980107242,-0.029802610188348906,-0.014074764655884649,-0.004629727632014863,-0.011934364132538712,-0.009702280662769786,-0.005012342709767191,-0.022669324430865983,0.0017029202756976738,-0.0018465000106233915,0.0005803647562216929,-0.015383868843650042,-0.006528826928835694
2020-02-24,-0.0313839770581736,-0.013462036871504946,-0.036014176452654416,-0.04636613461815632,-0.03335351987811581,-0.028578170308978326,-0.04727675391656758,-0.033039093201337695,-0.028885040795383943,-0.04221010641380693,-0.023316965002805695,-0.011728261518173647,-0.03202638360113361,-0.03498706689112115,-0.03623820131845197
2020-02-25,-0.028036213526133797,-0.027168774676120756,-0.043751963503654914,-0.029229017363680256,-0.02576618882662814,-0.04410289234899793,-0.045156187623470206,-0.03451557084051044,-0.04161262765863416,-0.032517085760389114,-0.018214288162093237,-0.021227681484679684,-0.03081845356966037,-0.027068130841295883,-0.03408112252734883
2020-02-26,0.0018883666982554015,-0.010552231501394721,-0.02241776645675259,0.005988322262463827,-0.005709014444121512,-0.0033922273930006544,-0.030651518943234004,-0.007328907026558098,-0.007602467974419237,0.004541053877174854,-0.005659436705055917,-0.010191496222592092,-0.00010307817871896483,-0.007952276376388526,-0.0232236823281296
2020-02-27,-0.04315907140674674,-0.053833844677485476,-0.03544672602901505,-0.047162531447677646,-0.03921639618605408,-0.047985303271025175,-0.054961068573274374,-0.043671804101204734,-0.03782977186353491,-0.0554463282393669,-0.04155196583156249,-0.04602530420891878,-0.034568945771882256,-0.041254312011319474,-0.028451940807838888
2020-02-28,0.004443282375842575,-0.031756163270394155,-0.011725046018503863,0.019511671006705644,0.0020201180611081017,-0.010941756795967508,-0.0008835921756798492,-0.027449671658094345,-0.018438659739425434,0.0076106382957092395,-0.01997485402298259,-0.033992741680604614,-0.012980775042366862,-0.0064542064969643625,-0.0064337779086137345
2020-03-02,0.03690958228471733,0.04704558126697061,0.009731602147075257,0.03404296550709957,0.030040977856315154,0.04197478445754534,0.0396289370514187,0.04988206564771796,0.03456244006026805,0.05621483986768827,0.05207746673683184,0.057194188524464604,0.045798027981475496,0.03378365051301756,0.01576364157403163
2020-03-03,-0.03818916639110492,0.00010899895051553708,-0.029060008887877194,-0.033361258026042714,-0.031499775423146824,-0.008768859830584555,-0.031050476274697484,-0.03829104419821497,-0.024758401149958576,-0.038716012202854276,-0.013679620764470542,-0.012378973830659454,-0.025172477515164226,-0.024502869038119338,-0.022989601578353367
2020-03-04,0.03802483973615539,0.03748971167272083,0.03502893746737378,0.04999371427176419,0.03247829765916528,0.040631179595962796,0.023377749485420377,0.03255004401092802,0.04049627789935781,0.04202681046045745,0.047952171857432106,0.05519160968153734,0.056047017809324966,0.03397290020928838,0.02518645614105809
2020-03-05,-0.026650597955826916,-0.02200213373339703,-0.05467699305499291,-0.03190889814527831,-0.0372050244367915,-0.03222649889643095,-0.03727158505035633,-0.04942033597656333,-0.050163561345519705,-0.03206865271647608,-0.019002555564292686,-0.015545112728852594,-0.023475662690634943,-0.03800116972299707,-0.03574431750237198
2020-03-06,-0.0341693447301241,-0.017125968923450436,-0.007111833057300196,-0.019448696130730123,-0.015347314964973114,-0.026363314909022075,-0.05782502227509262,-0.03461868267275247,-0.008795274457759005,-0.021364800286861437,-0.007930824105018,-0.008161852756307928,-0.005338242774696181,-0.01549217224541741,-0.011182174790045088
2020-03-09,-0.0777018627876578,-0.07701366466775231,-0.10189797210707839,-0.08684590088459108,-0.07207459797864256,-0.09826599575050396,-0.22490965938612373,-0.11343807009647315,-0.09673273526598579,-0.07895619396643887,-0.04452551843649358,-0.05592345284562529,-0.053381053970515624,-0.06504410752060336,-0.05570115576584763
2020-03-10,0.047782845427650766,0.037884384788582366,0.05162665034121606,0.05979233578067,0.046369723476206506,0.03979929398266555,0.0463457241516346,0.057085345203763155,0.05054819334032432,0.0645688003233213,0.028307748749426192,0.009254409159282625,0.03373516064196606,0.053817300007934235,0.017675654597143285
2020-03-11,-0.04877458275366212,-0.05997077971252573,-0.04552922582554854,-0.05550086610076993,-0.04678949156050717,-0.04870103864176869,-0.05433255281194252,-0.05577102190388205,-0.060480241082186206,-0.048390846447310995,-0.050294236018965766,-0.0515806847541641,-0.03896081015531149,-0.056240672847176224,-0.07437316322864519
2020-03-12,-0.09789756335798915,-0.10249433018188668,-0.1121298542846643,-0.11157443303248815,-0.09689166846675676,-0.10123335474204806,-0.1332345083188015,-0.11445004281859854,-0.10925838016450518,-0.10270275900421487,-0.0986675569436272,-0.1064025356009618,-0.07758955614747468,-0.10653268892891003,-0.13153178114412734
2020-03-13,0.0932095873250987,0.08188279361722904,0.08562216930914353,0.09253571922190884,0.08384395588757651,0.06782638666181946,0.08828278183755812,0.1236021599311573,0.07520836871607088,0.11093249308792404,0.0816779380364467,0.053056342017002274,0.06705645241008787,0.060026036495434865,0.0656387331480994
2020-03-16,-0.12523903615982213,-0.1847646820171807,-0.11729188682160582,-0.1556206884997172,-0.12125992977256543,-0.11662824577351,-0.1462597304263575,-0.14744837145866943,-0.1204077990200671,-0.14866251242378378,-0.07024281327855195,-0.12056129021765793,-0.10381720539331765,-0.13546053492529483,-0.13309508166178544
2020-03-17,0.06880630004313561,0.04592017788074805,0.06473526214881437,0.07789050475940419,0.0390470843203613,0.060013527007271035,0.0068087377667841115,0.052875581760200026,0.04502806921653259,0.0658639455054558,0.08096045655027635,0.12038771641130946,0.06088330291597397,0.03778192488179828,0.05035062410072271
2020-03-18,-0.0508387243588467,-0.10358454895611698,-0.0801535128587195,-0.08675569018331349,-0.03834108442944794,-0.06607191691616567,-0.154984600700302,-0.08870344680439385,-0.0765225510287933,-0.03840532944729592,-0.026025940809117364,-0.04450684348589193,-0.033722826319369376,-0.05916388371446749,-0.08261743790362976
2020-03-19,0.025716703798511792,0.0004711070571021678,0.01848899125355799,0.01755548175421124,0.022739175812700067,0.02520251917783587,0.06576276648169498,0.021650030267455267,0.0007395114723888476,0.003613424645745791,-0.03393262208776994,-0.059967689990960485,-0.020696269809316582,0.034282594227459356,0.053327548828324196
2020-03-20,-0.021498444913769475,-0.04478011635704302,-0.0330911593184631,-0.017654510194414077,-0.04658558270926752,-0.03644679427958336,0.009714443700436068,-0.03634840147528012,-0.0513807606701536,-0.046908178523946874,-0.06695355802818029,-0.08264516483947541,-0.0391769770232239,-0.03017469397653434,-0.04578823817726936
2020-03-23,0.0022076697392586966,-0.05188123276227417,-0.024016197773987658,0.036434829120491015,-0.0015909888716045106,-0.052322944949452735,-0.07059240366458741,-0.05994507442491115,-0.04478876222333101,-0.009176469245883615,-0.030039897322974112,-0.0523764608399591,-0.05333625505209433,0.0016469014481914146,-0.029030031185346482
2020-03-24,0.07346640755067677,0.07700615970244704,0.12231397923110933,0.09824628351480219,0.06608436432946055,0.11118492089249492,0.1487417502924533,0.11690177595520804,0.11912632729899283,0.09750288076756355,0.04973974393663808,0.10210560833781117,0.07423274146644471,0.08965458006326776,0.09702674024559768
2020-03-25,-0.011398285280322867,0.053448455650250276,0.026469463988423158,-0.007552467464518132,-0.008708675553189453,0.023063662655993137,0.04608781334800611,0.026840684054721727,0.051265961050634745,-0.00128909601230906,-0.0027432073313067673,0.025202201872406148,0.01322559391261747,0.01739510906277316,0.017333591307199903
2020-03-26,0.06545000022070087,0.07153324615260148,0.03886282031541427,0.05888029407802921,0.05581337020514442,0.045897788634990055,0.05930949333633809,0.060884171670218035,0.06120431473259408,0.060085800647780505,0.053292320368978706,0.08180501494791016,0.0643156777500745,0.040534693062080525,0.030591463025481238
2020-03-27,-0.04064960175025658,0.0012827606328256272,-0.04487171011979748,-0.0568781765982339,-0.03860564293301735,-0.03681923197478437,-0.07019245276321412,-0.030930245718195318,-0.04304065933879908,-0.046248066346801855,-0.004660971294113853,0.0054023314338891995,-0.021649015752309535,-0.034088428242475446,-0.03822130295487636
2020-03-30,0.03173199032411856,0.019746514535944438,0.011121108465959192,0.038471158031898815,0.029647385685610903,0.031360244744552214,0.010184333136679475,0.018859569071703827,0.014497805660740886,0.041254518373263,0.03831467910262401,0.03632903402636304,0.04576567271839881,0.020692082677779847,-0.0003327910167292772
2020-03-31,-0.013883858711426868,-0.0287614813496578,-0.00735207146310236,-0.019946414661017896,-0.006541687463540453,-0.013890518843779422,0.01525706629568782,-0.027944126523687808,-0.012462251681787048,-0.018857942710946405,-0.020532999388227554,-0.04118979225017582,-0.00439292277697503,-0.020386307293876305,-0.008026963190141569
2020-04-01,-0.04862131442457148,-0.06825404768817532,-0.04930387292173494,-0.05087101331501832,-0.04127100959913355,-0.04611877682496962,-0.05082256291275962,-0.06293856914003378,-0.046124601717979094,-0.04882761203241521,-0.017034352627031436,-0.0619789808117109,-0.03878702215635634,-0.045685139915161155,-0.060561650954398666
2020-04-02,0.004681679716321123,0.004299898056593942,0.01261228988229899,0.026590156281327063,0.013722431889451214,0.01499982487082492,0.08764483164414444,0.024754684315089155,0.013221880724357933,0.023117178690007824,0.025261667157022823,0.030817914853126415,0.02731935003178312,0.003728486013699924,-0.014011674825069721
2020-04-03,-0.016583989123822262,-0.015753252558823018,-0.01947598863463972,-0.020233075550666293,-0.023344237630181595,-0.024343370721715947,-0.010670407557189543,-0.020161848809491904,-0.01339945777465681,-0.015568078057472727,0.007798987333085848,-0.03640197424750346,-0.009062399827877163,-0.017591484887287213,-0.01641460657890497
2020-04-06,0.07243592658420557,0.07234957545201574,0.07060387465350114,0.09479075523701312,0.06574651047161463,0.07175835549324328,0.05161175171756927,0.06933218292874356,0.06693198868895037,0.08187644494912533,0.03654203523716188,0.07439750881560053,0.05110314954417639,0.07993444608262495,0.10532381959152093
2020-04-07,-0.013816170479029707,0.00965513746842287,0.004269140494116261,-0.0030897412040690403,0.007088166285857598,0.026300513367749245,0.02110651398874972,0.0099268919478025,-0.002326649836578378,-0.009001187654843068,-0.01156275270397351,-0.012626648657776527,-0.008245852436544498,0.014775444536202699,0.025814303708775275
2020-04-08,0.03543131703435703,0.06911692605289686,0.033650590623236526,0.03260599628220513,0.02347958754531537,0.047776169463233535,0.06457767725439256,0.04281460076618188,0.03563035526946997,0.026528813267526454,0.014693185660347137,0.053025553301129895,0.04035371415695968,0.031013295731300957,0.04355368634854219
2020-04-09,0.010976036709335264,0.05418007197014019,0.012078418493576404,-0.023930300476830667,0.009612225923653631,0.04210314238373352,-0.00910068001996882,0.05223894394655124,0.01498038685844325,0.0002347088796523506,0.009332850273952704,0.04608972825782163,0.005498822941490536,0.017875409750867908,0.035495810827762785
2020-04-13,0.0015452929082114585,-0.04154579322988603,-0.023470683154245064,0.012993382704215595,-0.0009941119543305933,-0.022220765049664915,-0.0032490317423728193,-0.037033156345540205,-0.029699781372514094,0.0022276938801129367,-0.007424620943312117,-0.03224219728111241,-0.008791079830601576,-0.00028134708447919983,-0.00808005559727067
2020-04-14,0.04119246472116208,0.026087037944885694,0.015571374820166677,0.04281845490937702,0.0313404810454709,0.012842150580726458,-0.0047450763312998,0.004428489657235821,0.018885378688092883,0.041069941942641124,0.04158413772774249,0.028948754067316295,0.0326523681453637,0.038354790284413014,0.03309966761836289
2020-04-15,-0.009766087062607643,-0.03858729303267819,-0.02135147762421187,-0.02732035476726804,-0.011515962767137684,-0.047024983007874034,-0.04810657696680089,-0.044270849988854374,-0.028052090122328625,-0.022046311113008633,-0.01591965361214641,-0.0335433246082392,-0.005161433596044189,-0.022171430431667066,-0.039429808054866546
2020-04-16,0.012812082417427383,-0.011303996925347289,-0.002657611656205609,0.02617462201208936,0.0037724688539607617,-0.005778045200279086,-0.04367233525421719,-0.017707734681556984,-0.008919784717323463,0.012106305159731892,0.006566147929902055,0.00017034052300995612,0.02160296263038123,0.01192226236571413,-0.002725250162454936
2020-04-17,0.019831588271985404,0.02933914582794293,0.03089053003210104,0.009736158148706119,0.016861799890150218,0.0393642259103482,0.10095180276280036,0.051316753264022505,0.045886273433961476,0.013194425670492737,0.015155494907812818,0.03172214809122436,0.02055122601425972,0.029110263841095517,0.04128285431289866
2020-04-20,-0.003627127296301344,-0.03694708600318211,-0.03222204635803645,-0.02142227678420047,-0.008395214046652185,-0.024981320746898544,-0.03171994659589333,-0.017572021458472555,-0.026985332880450415,-0.01615028324304442,-0.019865487894002692,-0.03856653858481237,-0.007969900784459565,-0.017598600389658322,-0.011411918976984776
2020-04-21,-0.04700055611818806,-0.01844226654700414,-0.016259442337519404,-0.045809575258323625,-0.030944927005357174,-0.024993620676911178,-0.0177919544048282,-0.03280480810539627,-0.023890972603269143,-0.042802162625490164,-0.021473189882901787,-0.016620971454600057,-0.030877687954871114,-0.026298196313935557,-0.026843141728846515
2020-04-22,0.033139551730401944,0.015847950603018923,-0.0012833140584308839,0.05497017246395422,0.023813643804402755,0.01947061441593981,0.034973783256468334,0.01074520825773258,0.010450597511908657,0.037779726316905536,0.009600609830596301,0.028737959423605155,0.015151556775528586,0.021329228597529233,0.006628275706829712
2020-04-23,-0.008575969628742446,-0.009202725702122806,0.014171460400050967,-0.009237936761683158,0.008575510840031974,0.006950080457599893,0.03176753915379869,-0.0041909588689428385,0.007889451993291155,-0.006889516228074377,-0.008911786871902755,-0.01693645212712655,0.00547193773901049,-0.0002719135650838001,0.008373199101005443
2020-04-24,0.015573485608866842,0.004131020933527712,0.01840410990299222,0.019984519971381495,0.011716809991996984,0.015563823051361135,0.0023134601548738987,0.014361924094891258,0.0079901481141692,0.02097915726311206,0.010616600425705862,0.006192063574734866,0.013350257765578966,0.016799567331128758,0.028187332137371887
2020-04-27,0.01669017326474382,0.031117241556222565,0.028128675082786967,0.012281368542313858,0.009934913174876396,0.026324917809726813,0.021432410138715,0.03347218771409467,0.024546107864350707,0.008538824706419127,0.0028914003856753447,0.010405159073319722,0.012780719836709118,0.018535285339411556,0.051351843767514914
2020-04-28,-0.02247472835354271,0.009017685211139619,0.009159018736832178,-0.006687120229247548,-0.016135437449376473,0.018388162491757308,0.022642373122380002,0.010619559834381459,0.01852786494368032,-0.013402503813953377,0.005588964503130356,0.0037262959443918726,-0.020387709349917287,0.003927670245596815,0.012571469598944607
2020-04-29,0.040472088022942374,0.015197312039931531,0.027112542111563775,0.04589621648024417,0.04684650679968873,0.025188633000647633,0.07145887635565522,0.02863540662640513,0.018954267166758073,0.04022357680769555,-0.004231117045221297,-0.009171242255480369,0.0066092925138438886,0.02179900400325148,0.029437502476641845
2020-04-30,0.0014956712400891834,-0.011244696537811048,-0.02944475413522406,-0.03778755340799314,-0.005378643201763882,-0.030187705503868737,-0.02237914056401547,-0.025559101492093173,-0.02004393336055141,-0.004475283084585366,-0.011943479033645864,-0.023303065282413528,-0.004601849429096093,-0.0062412070317052915,-0.03324694844492776
2020-05-01,-0.03150235659358654,-0.03451422426731193,-0.03488639214895835,-0.04825553791806733,-0.015495150944899755,-0.021233607850662122,-0.058242642053855126,-0.03255583586137846,-0.030679249181665594,-0.02784306992949608,-0.011046083291364878,-0.024395727427131995,-0.01923522849517266,-0.03810994411646643,-0.028202065325140444
2020-05-04,0.019179917028336397,-0.0029986609967741955,-0.02411798411208991,0.011004066993774325,0.0055784896805796715,0.003537599565696155,0.03400394434832277,-0.009107377003989767,-0.012767742330271607,0.01318620409276585,-0.0005207874100199008,0.0074881945379045335,-0.0005114828436870335,0.005420146925685157,0.005313748583740723
2020-05-05,0.02096153554990845,0.0047665662362999335,0.008314449196303543,0.012955227288396563,0.005892667190575439,0.0025470742765090395,0.0008084209231438856,-0.0032074890150288835,0.0038961100586859653,0.01367149024634862,0.0008679059898085554,0.008137222016297177,0.021449723860021537,0.003626478192576624,0.00999190493532777
2020-05-06,0.01235293274773948,-0.016714983761811096,-0.014346992729548003,0.01165426061312648,-0.0024222105672539462,-0.01737091120821592,-0.02647882549261836,-0.021805293143802498,-0.013867543610160038,0.007745020906931977,-0.010990299137991488,-0.03459441507723272,-0.009959109898374365,-0.00017644651267773148,0.0027579660087949437
2020-05-07,0.025684557900960497,0.0131761028409046,0.01581962176274205,0.009046300464098227,0.016493265362925984,0.020302210447907542,0.0256704045694744,0.023181233004828848,0.011596612627191033,0.014883758800225013,-0.0028101526431324316,0.004004461501777871,-0.00010107388892089914,0.015596514894173932,0.006040654972814143
2020-05-08,0.008050267185289724,0.023581205715284232,0.033689057677288366,0.02519578066572833,0.0164490703294651,0.02371662486962529,0.044557245848592046,0.021310919354616837,0.02454190312184447,0.014559960434048256,0.02209343022795452,0.01996253785275408,0.005143308260351362,0.01928767983476901,0.04024121966184211
2020-05-11,0.014243926944010991,-0.014217031824578686,-0.011720622177237015,0.000512204431391523,0.0003353602288322396,-0.015361310003401449,-0.017690460496256853,-0.019479370200614275,-0.012596662119830026,0.006624913377887033,-0.0013773317220728966,-0.00428239917956231,0.017055394345469932,-0.002219531039519573,-0.0013152829003435938
2020-05-12,-0.024158175383236235,-0.047015220126692535,-0.028929138504693985,-0.0278866237914869,-0.02065416443212167,-0.015404297465518368,-0.017741607812827083,-0.02642101330110061,-0.02848271456435102,-0.02086397174122138,-0.00847835809369992,-0.008800963729474674,-0.015346735730513338,-0.022123428286375042,-0.026142116451965562
2020-05-13,-0.020087609750982352,-0.02392839924716372,-0.02211528235242437,-0.01790921392463591,-0.019693113453222232,-0.021250128109535554,-0.04648195904283977,-0.03003856257822565,-0.025415236215991153,-0.01738036618292593,-0.009076755664729295,-0.008515665060110809,-0.010904601705105054,-0.017364296824579264,-0.026288568842101265
2020-05-14,0.00517067059476806,0.004629793991858968,0.004534114475390692,0.027639125741285048,0.010297925075331484,0.012169831025251775,0.011132994272907388,0.025330385579017796,0.01044503065366962,0.01266061128474651,-0.002457705900184683,0.010677919415199702,0.010904601705105127,0.014826935980649271,0.004982209205500217
2020-05-15,0.015988214652865415,-0.004629793991858885,-0.012282334854935786,-0.02305540766409759,0.012469692776637592,0.008687174602821248,-0.0038824113836257584,-0.006628932002765555,-0.003525564953953688,0.005040810827338467,0.008750480344667985,-0.013410698732084282,0.008399894129880035,0.01158396445451078,0.01995432465772611
2020-05-18,0.0067576975472059455,0.05665920879123664,0.06997134646873072,0.04216261136706459,0.025146898792535857,0.044596802422270744,0.07852399824268708,0.05003360069053422,0.06384446612942891,0.024204602343654423,0.015731844702731267,0.04023047350143815,0.008231444022365387,0.03714373312831032,0.04161169687627344
2020-05-19,0.007025222474029521,-0.011300000108251199,-0.010699000854941904,-0.0037338737168735483,-0.0029976794337951067,-0.009634517663736165,-0.028398487044214195,-0.0247038143364526,-0.01286229515899378,-0.0036616865315921908,-0.018523676262555664,-0.016610963581770236,-0.012122588877434086,-0.0035943834467124366,-0.012539282070475732
2020-05-20,0.016638951041398124,0.009653977907046609,0.03009877754444279,0.035592110666408085,0.023843173500831583,0.01581980376031981,0.03912933002515931,0.02198876242161843,0.018526186275060412,0.021669168799915445,0.011811827382056505,0.005508705330316308,0.001199030746796523,0.012978566017570291,0.005243613589107789
2020-05-21,-0.007955189300293113,-0.0013735339634793117,-0.003262903003525253,-0.025666428134593525,-0.00544344717973518,-0.009575067183761016,-0.0161396010917574,-0.003176631668330274,0.0023506120439676296,-0.01404701665281996,-0.011113216525221977,-0.010152278546344776,-0.007416438636564536,0.0035481170503312144,0.020192477476079357
2020-05-22,0.011794321336504168,0.01351472532382955,0.002464731019070063,0.0021039528261365343,0.005660756290756212,-0.0015102836473175805,-0.006217653109259227,-0.003643085114112338,-0.0007829454092444265,0.00363401607610078,0.003486219041294226,0.011038007219652037,0.002110048784869708,-0.0014837066836872021,0.004092232471564819
2020-05-26,-0.0093933926205821,0.03582518870190244,0.048948505624723214,0.008586776527664689,0.004548941637968622,0.02702635277830229,0.027426722400753126,0.05069989912606297,0.04112254939912399,-0.00103714503976187,0.0053794597824398755,0.006529509258769298,-0.0018083284486031226,0.015713492690528696,0.02719198837081941
2020-05-27,-0.00034819542005709483,0.019048166455901516,0.02823443245383462,0.014975698780792532,0.01053406345747056,0.010063267559791264,0.012812885701078547,0.04245139078986404,0.03282881716839814,0.005689917897031935,0.014945089303112922,0.011890163480500714,0.010304788282440384,0.016988379006940415,0.03370267807282005
2020-05-28,0.012190838362785637,0.004099086201038587,-0.015205020152090597,-0.021607704513665088,-0.008914443295733526,0.009241613597831252,-0.02835624393402391,-0.01591990986159461,-0.009501017561805858,-0.001961764938109167,0.008826765853116108,0.029121721701166323,0.012954425699189389,-0.012208895017643558,-0.02185085474603257
2020-05-29,0.021366278951371043,-0.010408169488980344,-0.003507852148767326,0.019836700448411224,0.005272378832361759,0.0001804163484114991,-0.00463366227972684,-0.011467530546054289,-0.0061874738335626,0.012530872428824856,0.0010137388955268303,0.0077363205887465815,0.012012440768918789,0.003630029998298671,0.0014717265288489581
2020-06-01,0.010755084003655933,0.022857234742239975,-0.0006905071322278036,-0.001490156574727343,0.013113903821178668,0.006829503839938541,0.017392021456415458,0.011467530546054221,0.00221449584831171,-0.00030622504120303944,0.006898159769812806,0.011824831693580364,-0.00995139265176362,0.009456622944397298,0.007326114591537425
2020-06-02,0.0007030141818357248,0.008923490561241707,0.018910404863464295,0.01947935255987824,0.004333304227172411,0.017928934617870203,0.027508668518817395,0.007991813208428688,0.012891902865812755,0.009349530675592525,0.0026793172233469933,0.006435990772042106,0.005768370743902752,0.008498715814465652,0.023089022611469227
2020-06-03,0.0005176424016722921,0.029588271631131955,0.032853481779095604,0.02720506406445992,0.006203168099863022,0.022441625639467964,0.028931126706805407,0.0366070899308644,0.0382683763403317,0.007758594000898912,0.001336896696439417,0.011937004274394685,-0.0019516974149109965,0.018725840114352243,0.02628037041928215
2020-06-04,-0.02084498484717847,-0.008539815059656397,0.013798131141958775,0.010986586218342725,-0.006308637427580081,0.0036059771569611366,0.00023965602344961411,0.02157477791572495,0.010591271878070182,-0.008264559834470588,-0.004854777886580897,-0.01804202032895698,-0.007943108964894037,-0.005058163838692468,0.0032370230925820053
2020-06-05,0.014837890307274011,0.03574167565279145,0.030752229583006826,0.023321551290623566,0.017564784306374384,0.025219421486859687,0.07164058181418954,0.03648047519531551,0.036075536208895545,0.02597307791267695,0.013832455630578578,0.012663615762061677,0.01601743802055419,0.02366839467605479,0.02349817809790755
2020-06-08,0.013704186309070315,0.02602088400484485,0.01830961596939831,-0.0030168996450215197,0.01522171048007747,0.0013360801419233155,0.04406387287400858,0.018875731611608545,0.019857356357327834,0.005016414175260283,0.010700409056337115,0.026448745523233137,0.00685564383266082,0.015123118641797717,0.022297384987896882
2020-06-09,-0.00470698730803826,-0.016256641505285732,-0.022081199894028514,0.0018374799744767596,-0.0048088837632746725,-0.01225979823755805,-0.03828201127527321,-0.021546865250760293,-0.025220319026366,0.004698642094953884,-0.00822086768815961,-0.0202578652392294,-0.01044697072219751,-0.007835483053704817,-0.025006716354069886
2020-06-10,0.017320634669061773,-0.025852468800980605,-0.025981459877539324,0.005101146752034009,-0.0055538128737820745,-0.011386090421952738,-0.050476698418910754,-0.038166569114459356,-0.024218498398951634,0.016561353902103525,-0.002810834028144693,-0.00586417792605969,-0.001556841702037155,-0.009423340669163224,-0.02356297494713147
2020-06-11,-0.05441748693871782,-0.06527539323351822,-0.08117424029369225,-0.06334763438722135,-0.05077235234051154,-0.08039861850464546,-0.09895506416975564,-0.08531682551096932,-0.07282729719455365,-0.059053185828278135,-0.03865105836270213,-0.03982860592951457,-0.057215838863780046,-0.05380004082523096,-0.0561785553904507
2020-06-12,0.014846022840657464,0.03515303925442298,0.02808573294582828,0.014009244903097441,0.010577356527817817,0.019261414276205657,0.024918582939303678,0.029814903793670522,0.019218836368406086,0.012857813018832041,0.00017191845259087975,-0.0025534487424285334,0.006475871867218557,0.009861815473919735,0.010958508969007194
2020-06-15,0.01800390525048457,0.011437963752664631,0.007132044420507822,0.012869157730651351,0.012907544322246441,0.010482653917483145,0.003008614011793556,0.013753015214385109,0.00983245544186097,0.009610653003152007,0.011461841855153282,0.00679470897829711,0.0022514237591888054,0.00944932426882589,0.012993536234627822
2020-06-16,0.017434597392176742,0.01952239217290034,0.013053413403102423,0.015507225928092562,0.012010262488490311,0.02064129978993497,0.028386832185659593,0.01560624891958934,0.019379429390476925,0.021097082891654444,0.015528017818123822,0.004560347471159863,0.02433880532616337,0.020804660919698178,0.028980673514196573
2020-06-17,0.0,-0.01362559594151103,-0.003537579890748075,0.010535979809594066,-0.0010475319712976517,-0.008312151573178004,-0.03466517257041326,-0.01519213066698413,-0.007223495034611228,-0.00019554007117440655,-0.0015086449731079184,-0.003037790473861021,-0.000998462223167783,-0.0026350653039306795,-0.007225229819673574
2020-06-18,0.014198420436385679,-0.010713802720347774,-0.0029984937401136883,-0.0013852852604848266,0.0034533675724357457,0.000710022351899277,0.01226993350394576,-0.0012419887040937818,-0.003702813229278497,0.0044784500293593085,0.005186268485469122,-0.00016915336763536829,-0.0034014229944166452,-0.003654404802045632,-0.0018731689508324268
2020-06-19,-0.0008972175187597796,-0.012708838557280205,-0.01463122457535414,-0.004697406586733468,-0.0038727897099788493,-0.0030213123014079125,-0.015298013902070515,-0.00665014754687998,-0.012345821371821246,-0.006920493577616102,-0.005186268485469116,-0.02846539419524036,0.009574344830591459,-0.007820069566936426,-0.011075951964662144
2020-06-22,0.0196259133884257,-0.001882543337120414,-0.00118238003447623,0.00911021912262886,0.0032223977679557703,0.0036980644658132565,0.004621677598251153,-0.004964369643463754,0.0016813276344195796,0.018665656679337124,-0.0028606519525929477,0.00970455444052174,-0.0038450603412826237,0.010224257489362858,0.022148423718994004
2020-06-23,-0.001056835740800628,-0.003019616011113185,0.013174727587343577,0.003280332863355378,0.006580664053915608,0.002315388642239589,0.0010189772063194465,0.004628316767982608,0.00014535857758922753,0.007193779802323858,-0.0015267834841135228,-0.01012576828253428,0.004293464282129468,0.007835805427060317,0.0011605187859170343
2020-06-24,-0.020042314151010616,-0.02902090503016523,-0.032220492899930495,-0.021183016199790898,-0.02562489034987725,-0.029610430533954835,-0.057083804482503636,-0.035901231751179326,-0.03537594168092975,-0.02281387878961273,-0.016951060016924497,-0.009166272249265714,-0.026449929580837014,-0.022270551413581707,-0.0359036807364578
2020-06-25,0.013713597873134017,0.012247865900295191,0.012110836134135557,0.006800987878879075,0.003731427461750948,0.012384049320513109,0.018951773953490833,0.026198777651616,0.011041405252133615,0.012727895457721771,0.007054966136976389,-0.012473418055810098,0.009772747685980581,0.0013422869507224312,0.005037697616110076
2020-06-26,-0.008799303981367168,-0.020061675595263513,-0.02122710719005722,-0.01891668541854247,-0.04294372707668822,-0.013851103065492806,-0.03525189991414454,-0.04375848361362488,-0.018722839187867966,-0.01989158360363527,-0.02061588050706179,-0.010635517901270384,-0.012231402607922716,-0.02371649635052233,-0.013248196301066145
2020-06-29,-0.0027231505396618856,0.018522769467860672,0.027040841369544055,0.010106616337436853,0.020995551318744903,0.019266403441318036,0.013331545021214796,0.011010839106938052,0.03228242367251871,0.01087260310500161,0.01872785514849835,0.018672121884391952,0.008984391998875433,0.018811670882311306,0.035024150197284144
2020-06-30,0.01968223411990751,0.011357243381514245,0.013681189046828631,0.024043329998743732,0.01189482282640175,0.014298595388353813,0.02271330502165136,0.013487404493418684,0.005693026226837422,0.017766227684095463,0.0073600195278578666,0.0037281679399455785,0.016930777188075334,0.012686831000127432,0.003972517941118439
2020-07-01,0.017160596124330595,0.022210585145715372,-0.0029553104031948764,-0.011519054630328344,0.021060168669977487,0.0021273171356232276,-0.024606724256214733,-0.008680743650904278,-0.0045224137434098964,0.0016256637738204535,0.000852135361573674,0.023122519244779375,0.007665210159616014,0.01005058174187907,0.004189184724735405
2020-07-02,0.0023143662643537195,-0.0031071187923117204,0.009207414705274806,0.015177316047042387,-0.001053102046500499,0.018596961787923513,0.011041009810917024,0.0013069159871557069,0.008589644146382327,0.005811306366747476,0.005098747833193507,0.00259407681568338,0.007508352090686047,0.003945673513675112,0.008785887053873022
2020-07-06,0.010775280168614386,0.00012428129631382538,0.016723806693097552,0.027208416489764194,0.01889110228315678,0.014152898459269552,0.0029414615461904755,0.01897439262785947,0.014250146268800544,0.017327940510652767,0.004904088010505969,-0.01233840368175515,0.010086696484527558,0.023428050052324633,0.017570439286191505
2020-07-07,-0.005922343463499162,-0.019227747649717502,-0.011604314931502204,-0.012515110336465865,-0.003832767450585118,0.0003426937327688893,-0.032291791062699714,-0.020717173532537655,-0.01933694108276271,-0.010511531064378412,0.009067842829350341,-0.00402994107083936,-0.008709698319938371,-0.0158131154677418,-0.009773759374897122
2020-07-08,0.02018968877887796,-0.0010155732551765046,0.004125295850438466,0.0142270682571532,0.009503198527316773,-0.014321788351962163,-0.0008274059123207888,0.010412327161871307,0.0,0.016190510929528872,-0.0025106414198479,0.00891393385982952,9.816704701259794e-05,0.010594954528101816,0.01225871521728142
2020-07-09,0.009144121002555529,-0.0056043897314324125,-0.019254409670233875,0.017208313088020684,0.0010277303407740365,-0.009429054483525538,-0.05066902906832546,-0.021374974141573237,-0.021949563937432574,0.003613709098337464,-0.00790775886666552,-0.013488781246868111,-0.007893256094583445,-0.0011378709912496375,-0.0189048112543744
2020-07-10,-0.005617308237708299,0.0028062896694433705,0.01804303860439754,-0.0039305091478310525,0.016096204973219955,0.017219420868939326,0.03144033462474639,0.03381318971042994,0.012874901745007036,-0.00027740088687812164,0.018244814927464287,0.01869532352252206,-0.002380459776158603,0.011847143332683519,0.013475037449701029
2020-07-13,-0.0441469979959386,-0.012432379677510836,-0.000546183281742902,-0.014482023460817848,-0.01990358675545245,0.0,-0.005360634615286429,0.004253671074163674,0.004108409211074739,-0.020943275795901124,-0.0014939850775681064,0.001038142048994815,0.005643964285447211,-0.012758324699567216,-0.022483181819499543
2020-07-14,0.005312494513533114,0.00757983473058657,0.017434769415471795,0.016667382018724697,0.009337775991232474,0.024864771877733588,0.03447669585612118,0.005080314886156157,0.021440713969431553,0.011460870048448436,0.014512156228166222,0.009294395173504538,0.01965159116616151,0.009903627608527931,0.01975700979254289
2020-07-15,0.0017414117845047767,0.010314579817339301,0.027568211012998417,-0.004563822017838381,0.007833580910644592,0.01668105583202018,0.021360928453428584,0.01965379280939023,0.025192590831323764,0.005403165195581348,0.0008182537185998458,-0.003948232743688097,0.012889740754669317,0.01419209115478718,0.03201178921896927
2020-07-16,-0.012359490485472096,-0.010954406668865614,0.005665813757466261,-0.000752139879269696,0.0015186635410630084,0.0033031346758768156,-0.0045582169729377385,0.0,0.0002792200285912251,-0.012433013813513116,0.002124389466138392,0.012647462301110649,-0.0016259042070930396,-0.0026734883444264794,0.00680656379863393
2020-07-17,0.008559370051374462,0.012472996440263194,0.011634840113973439,0.004629720001883944,-0.003242876123407088,0.008373651616137626,-0.014073228384452676,-0.008316007288603587,0.005990231538373524,0.0048795920679257105,0.005372338444301505,0.02233701297869978,0.013596512066175256,-0.004696290558914764,-0.009232777542868508
2020-07-20,0.03672693443346948,-0.011960853608701466,-0.016026023862676538,0.01977691567846182,0.011606257564213842,-0.008703460437834584,-0.01676557011478029,-0.004603667102716756,-0.01229735325878473,0.02523342883371707,-0.010117470950765395,-0.01320745462221437,-0.00018890352620393134,0.015862628232972648,-0.006425312910271889
2020-07-21,-0.011241459916407104,0.002557125316284338,0.006694694984944342,-0.0050307852681179726,-0.003417487522750666,0.008703460437834635,0.05866631509139919,0.019522904968505155,0.013130472234699653,-0.010091101082873252,0.008655187115201031,0.004533521847783757,-0.0006613249004025201,0.0015434221241116149,0.025240012154359857
2020-07-22,0.002856142655478534,0.015205272931016853,-0.0012088621508586815,0.007292315659160199,-0.00030192026232235027,0.011542149322338534,-0.012360611308965892,0.0,0.008016830458465176,0.007989597467004353,0.007935624382529588,0.015295509109139441,0.008939192826394498,0.00855395030347956,0.015270524376711695
2020-07-23,-0.02190045898690687,-0.005168865160836388,-0.00299895690712692,-0.016622799378613568,-0.017885166358486977,-0.003075619649168364,-0.0018541168097673342,0.0008226069666066666,-0.003033444746040017,-0.02631984712975846,0.003542934289653698,0.001153972108843342,-0.004506875725186477,-0.015110904639678433,-0.00427779232246066
2020-07-24,-0.009204450108207595,-0.007613304119575863,-0.004283555708206369,-0.010107929870432068,-0.0009229196282111058,-0.003410549919192531,-0.005583130278665388,-0.0024691572389513887,-0.00804105240364082,-0.01218775681490252,-0.0012867644963522407,-0.006613612396932931,-0.011070926212067438,0.0017727419035067226,-0.010559220887520456
2020-07-27,0.016603983607105143,0.01152382877729944,0.009296066514969356,0.03953165325012153,0.007972947171944496,0.014374718064633146,0.0010662835031405066,-0.008275070037683853,0.0041673364618533965,0.01565625024169811,0.004977184717723689,-0.012184103028292008,0.0074888375374660065,0.0061782072714745735,0.010987726604191773
2020-07-28,-0.008580141147426754,0.017721764399885216,-0.013248296714336541,-0.02632446023951348,-0.00787057949875407,-0.02221410803847338,-0.017191115326798945,-0.002495598753844573,-0.006955085363307203,-0.0117664052155679,0.0036766386494176883,0.015000371884229166,-0.0011340358846448563,-0.009948011883900872,-0.0032192600040553514
2020-07-29,0.019271039085290164,0.02214323175679449,0.022401752409301003,0.02487661410632763,0.010209559339171066,0.008164831616727139,0.020646803517646577,0.018568612520616094,0.015100090335329136,0.014383269560757195,0.0014350038185465034,0.00462128713372263,0.010439851082887768,0.010094709202602524,0.027979863393216956
2020-07-30,-0.0014666546320857483,-0.005094789218054565,-0.0008545802281406437,0.009373555438566755,0.004155837547942117,-0.019542632304868864,-0.04007019518428447,-0.018152261315502318,-0.01008779371857482,0.005584454012143666,0.0,0.0,-0.006947724115038918,-0.0008069844380519648,-0.003979432187715484
2020-07-31,0.0077522128733259425,-0.0020695608706373424,0.009755566234121896,-0.005938289851435763,0.010465051316033556,0.0009946522505392967,-0.004707216745944282,0.00041626586031544445,-0.003756487989158841,0.02466094541113295,-0.0009564403719003584,0.0016452549480308759,-0.005763588547973545,0.005195943874264211,-0.006738302597550584
2020-08-03,0.0200848602497372,-0.013124860446480037,0.0006204176168610049,0.01765086573335739,0.002998418513340225,-0.0056489667914495015,0.0036016747547377515,0.0029088439813786176,0.004173249820547875,0.024332575529422352,-0.002714916380799854,-0.010909284700567224,0.010275736247441134,-0.0021187168534391406,0.019251605825062083
2020-08-04,-0.001528216108314517,0.012515470364876491,0.006017876445630991,0.014436124050137939,0.004878354218704095,0.014062680103535617,0.02404495330090801,-0.004158073713747961,0.0024954312365722243,0.0025594990477986823,0.012397039215488619,0.010909284700567207,-0.004417971140416355,0.00801387869234798,0.01562825982438254
2020-08-05,0.004114153040345368,-0.0037875454809026903,0.012702789258654482,0.0008735285814348221,0.0016869939984444397,0.014515595096430191,0.010474104643163576,0.013656438697419959,0.01893088359568356,0.0036957585332747316,-0.002055740618779757,-0.012905627396453163,0.004605545989979775,0.012117023784040188,0.023990602519619233
2020-08-06,0.00323954098896619,0.00012262959573155056,0.012871587223569705,-0.0017478208822317089,0.018273289136533363,-0.004218855700728859,-0.008047465731185059,-0.0004109582494814706,0.003797421890490358,0.013954483210529814,-0.00015833069189235036,0.00581154964070961,-0.005359364646761615,0.004863185337247941,-0.010613834455386372
2020-08-07,-0.02273162406186375,0.013493138255209888,0.02338926200107276,-0.011554076002866771,0.0008758149920348736,0.003408750601311769,0.0013457925094084672,0.021155800809848104,0.016913281315023506,-0.015009091370910879,0.005368041713873285,0.017885559156355476,0.0032000087777929952,0.001496978297901024,0.02091927826953716
2020-08-10,-0.014555602907963042,0.0024121842592062645,0.026552910179612473,0.0007076583342259324,-0.002239676590656687,0.009675882677378294,0.030461898926267935,0.007220308558684863,0.024325674526921488,-0.0028172220744159407,0.005182432486637444,-0.00032563008784084895,-0.0033886705825084715,0.011896392757243636,0.005309042089363099
2020-08-11,-0.01940534391734189,-0.014559870046988495,0.0027517287893506176,-0.014248631285887789,-0.013445548600681543,-0.0017668235392201753,-0.0033974243405610473,0.011524220971453399,0.005312052792308038,-0.018150153949958555,-0.006915965566990988,-0.021873886009778666,-0.006337890206156383,-0.0019728360919931075,-0.00649276699161595
2020-08-12,0.011322329999959945,0.009608817394364602,0.0045521253209237335,0.030967145422891754,0.010321170551688946,0.0059310872632135905,0.009898620111474434,-0.002769587556823327,0.003225018788992728,0.02246114042052084,0.012850684634117718,0.01436273421307209,0.016657030754161053,0.01317264987675056,0.007864807622479254
2020-08-13,0.013072065311091724,-0.01144379759834277,-0.005226303853871192,-0.009552642468834652,0.004488239647614511,-0.0001598989163578784,-0.01963164828115545,-0.006359318436816837,-0.005294795755151039,0.00043875341092279314,-0.000778936620895302,-0.0016403969052339756,-0.0013075843148693037,-0.00041757433315738155,0.0033237956443899668
2020-08-14,-0.005126100297083799,0.00012245844034692883,0.007340462894626982,-0.0010539979682506933,0.0,0.0011181417702556284,0.009471161002759028,0.003979205782317127,0.003877163191211296,-0.0007024482208786772,-0.00015574949426735562,-0.008739360414467172,-0.001964274601588458,-6.977962051731983e-05,0.006226606292518985
2020-08-17,0.012021909557641876,0.007805024800837304,-0.0009274513024466511,0.014483372673306806,0.00019467438255119982,0.004460853672706346,-0.00577717426492612,-0.016820381314200186,-0.004654165641275275,0.006651714049103773,0.005595263198729581,-0.0013259976737244744,0.005881520036564964,0.012801678754260616,0.022253409120644694
2020-08-18,0.011845594663070419,-0.004749073873974289,-0.008802626236564973,-0.006198080764922955,0.008818532028232197,-0.004141370486398632,-0.01272204733840228,-0.0064828289273422615,-0.0054572893230798655,0.0037436850701889637,0.004021721451700263,-0.004487708778521972,-0.0002794228892002966,0.006168904791063978,-0.007808802041007649
2020-08-19,-0.000903684385168244,-0.018105263203024205,0.0028045734946262504,-0.006119892981760111,-0.0038665494541683674,-0.0028773196545111906,-0.0115359619208143,-0.000406876388303447,-0.0026096077123887278,-0.0012170633048872287,-0.007904037231945011,-0.0030029323147478457,-0.003263996711511785,-0.0047261299865026755,0.0015284916090217363
2020-08-20,0.01959579730655302,0.009031904285247642,0.00041470237346345263,-0.008041404427701678,0.010501297621230771,-0.0035279051826258186,-0.02182337369562767,-0.009397289149337964,-0.005369954415807879,0.013224427918572267,-0.002024795949513243,-0.008894910441010786,-0.0031810813847093383,-0.001511671599332708,-0.01171404950609306
2020-08-21,-0.00681988940424141,0.00147697129795833,0.005273756946901326,0.007222748360650879,-0.0050923669992745365,-0.005799804989456071,-0.006363109676047348,-0.0020549030666046674,0.004062919039364391,0.012628125686529384,0.002491655408688514,0.0016844054051173458,0.001030317998673446,0.005144074541632643,0.00366331749953513
2020-08-24,0.003135630487334876,0.007840512438408494,0.01854590901111497,0.008854048087191408,0.010826474784974517,0.017458528362318017,0.02710654566640808,0.02357855214012216,0.017890286889319946,0.008611270523725165,0.00851710690078837,0.008713174301393851,-0.004597845661050878,0.015072579540558833,0.017551037917218446
2020-08-25,0.010979659514499224,0.0024371162783043193,-0.0018238897445300528,0.011245680996473236,0.008539673845664791,-0.0039775392442933195,-0.01414629780944986,0.0028082243100239312,-0.0012858467082326166,0.00503090322476726,-0.002161231498002693,-0.009554984032790401,0.006748609047086776,0.003296268915208565,-0.004359004854638486
2020-08-26,0.05272650045387391,-0.009416941901526208,-0.0007608130796892906,0.005547140824209822,0.03024477123771189,0.010466316156275884,-0.021321320884144783,-0.004819326923172869,0.0005141945430491855,0.020120823565645006,0.0012356298114046327,-0.01117914311118795,-0.0012150736286005459,0.009824749260986736,0.004359004854638458
2020-08-27,-0.004493683338335085,0.014153222535429763,0.007180845875147248,-0.014128611850288185,-0.009394066850080795,-0.002685360756196663,0.0019570145793099177,0.016767167178748047,0.0035942177139542805,0.0008192948671187817,0.006155010211175667,0.003231114079701676,0.00782560563318724,-0.0054013552987125955,-0.007211781839602153
2020-08-28,0.009398085526821748,0.006160064759213101,0.011821198645525555,0.015781010206572865,0.005076331082172073,0.011793486464004506,0.01771937608973381,0.003950905775637873,0.009436489592474555,0.008726009006288882,0.008857534513257116,0.0028820035395621933,0.0022248178464097912,0.006531578584988511,0.0011421033904837083
2020-08-31,-0.002834803880491209,-0.009679474328089016,-0.013384487811485123,-0.0015384331068930403,-0.005909425633793994,-0.015438069950690938,-0.021917965691963665,-0.011900278515598245,-0.012516242040081962,0.003161584417941439,-0.0028930277378809086,0.003042832231843223,0.0024044148821555254,-0.002927506357527074,-0.014758461585853174
2020-09-01,0.026552037629989554,0.0010936084216189473,0.012288598978982433,0.019425806487839127,0.009860444672711082,0.02771213164055465,-0.006755031631653095,0.0027894532886044445,0.010101612688841185,0.01892131670907545,0.001066965070804737,-0.011543272853321962,-0.009000441353020014,0.010406114932805117,0.02252886284172411
2020-09-02,0.005185009016552359,0.018053151111666874,0.012631522555016284,0.02616329477839962,0.019343976805900078,0.022445480486466676,-0.004812352874567104,0.014223652024851437,0.016404211534106098,0.008856050710752838,0.01796384411280091,0.030601036379002203,0.0198411380572167,0.013751965987339715,0.005647418405823321
2020-09-03,-0.05597387688170777,-0.012482175153399722,-0.02547558669859256,-0.054581950822985746,-0.03170810249310341,-0.028020130951340136,-0.007405258225334255,-0.015418167324810389,-0.028435336388261664,-0.058683081808609136,-0.017354988646276517,-0.011324280772330308,-0.027607101531661366,-0.032252525397347784,-0.035735124976822616
2020-09-04,-0.029842458442470188,-0.004599799295015658,0.004484105648854889,-0.013846811092528282,-0.0189320894081527,0.0006209130061579487,-0.003149559138653998,0.007541221035107647,0.0023149468471721354,-0.014039323637514029,-0.0022859683414432476,-0.005710289493269199,-0.007164357199706767,-0.011620106121641388,-0.009382625916919057
2020-09-08,-0.03537288025635153,-0.012575811703636485,-0.012290705468360523,-0.04535120303642681,-0.023260232853706115,-0.01895558093771289,-0.03710108103845806,-0.026038111632714345,-0.018934803962710314,-0.046261678411188785,-0.021280681274288327,-0.00557398851454092,-0.016598882157235702,-0.01320202128189277,-0.01463909117956966
2020-09-09,0.028082788893587427,0.00905094749750628,0.015402531696743703,0.028228634473237816,0.01059634133176591,0.02545225994416344,0.006822086218528228,0.010095260783322287,0.015331193756566802,0.03210870514546779,0.014390981389240404,0.013124885972824012,0.017544481776490834,0.018691183421415312,0.017189166520625833
2020-09-10,-0.012479963489741485,-0.01348372337212022,-0.005779781219863396,-0.0126614432035473,-0.014477444511765797,-0.009449588515988112,-0.03734267857579779,-0.014161765034160372,-0.012846360702239065,-0.022841755424345092,-0.012366885158444677,-0.017368233616923464,-0.015430402327238154,-0.014431112195459096,-0.012021075145697634
2020-09-11,-0.014152901859395902,-0.005569101714833153,0.008532330587130633,-0.0019251400414257891,-0.004404660933223966,0.012682103027057674,0.0009202897939332641,0.006903694593802633,0.013491060871933988,-0.007672321336375545,0.0055841867562013954,0.0023785544090643407,0.003927629093742554,0.001507431071790187,-0.01337230472669984
2020-09-14,0.01829712655300146,0.02645267141911299,0.009797017488514836,0.022272126867832004,0.005368563711056063,0.014342285954123641,0.007634651215563834,0.013665524539931265,0.013438488888165628,0.020763663026867774,0.006475374423518627,0.013651335920067486,0.014239840314666444,0.010555663934500118,0.02323621046324617
2020-09-15,0.017838283470477855,0.011535870840746944,0.007100675868777037,0.020806610694762393,0.016701679237935703,0.00483613741947262,-0.0073282224811487655,-0.013665524539931188,0.000635264142156315,0.009836326699960447,-0.001384025457686446,0.006673422470421883,0.0013190735587676207,0.008163036036597055,-0.002555425713441833
2020-09-16,-0.015360005262299768,0.005362063273883768,0.008513711856880999,-0.012361844599923216,-0.007399235002337849,0.0007535080501757163,0.039362045383119944,0.011267675264002446,0.010112445016394996,-0.015575433314301576,-0.004472941483952485,-0.0013309143649095979,-0.001696125032574039,-0.005592430029465259,0.0047125951225929896
2020-09-17,-0.012553677259080099,-0.018954618546331074,-0.000487145008068918,-0.002280145666156978,-0.01751340315281168,0.007354486836671453,0.0014723302524391004,-0.010458721061534417,0.002010379773048696,-0.008318990378315388,-0.00635819106093383,-0.008191990499129444,-0.0033056152266194524,-0.014153896974586489,-0.009644882023428574
2020-09-18,-0.005260811158330524,-0.02179324188780326,-0.01280418025097248,-0.015216182149716272,-0.011550682490437182,-0.017346739037962085,-0.011242724898483098,-0.0020240419217403944,-0.011234090155344352,-0.01738555591264371,-0.0092208925666121,-0.017783880667815107,-0.0015151863052767888,-0.014009199375894808,-0.0029713719606684827
2020-09-21,0.01761646461871056,-0.0282450035596436,-0.02530037591509262,0.00047542611065711746,-0.011886613686744088,-0.034243451412398505,-0.03370767580939225,-0.025375055683214267,-0.03375880376616061,0.008278348120435722,-0.007657968080881417,-0.006241004776073082,-0.01864651732677634,-0.014549756473171046,-0.019885863555623898
2020-09-22,0.02064761470011014,0.011645443879148397,0.007768255469157984,0.008163738140128197,0.018320220940250802,0.0018967838924004378,-0.010375902791375869,-0.008392906299252382,0.009837249365970614,0.015706701789693668,0.005871544851110695,0.006223977339624479,-0.002134382113542652,0.020908846926676914,0.026625334114602696
2020-09-23,-0.027703525384124343,-0.029175202622530188,-0.010842327924774905,-0.023125134603637163,-0.026390954337414507,-0.029809900789433096,-0.046249085540923274,-0.022587715510402447,-0.018042339738749785,-0.03166397411644805,-0.015145885282472746,-0.015458464831918619,-0.010348635384562847,-0.016537222084673002,-0.02682840921041059
2020-09-24,-0.004097368913483693,0.0044225212503440315,0.0009665918544684144,0.008704850190452161,0.0004051200570410223,0.007132477978870412,-0.00033122457106786056,0.00215264649032085,0.0014608459876037547,0.005587066039016842,0.007362468246594596,0.01114032169198617,-0.0050173459406295745,-0.00042218275843321684,-0.015336228815191767
2020-09-25,0.027848215302183527,0.020044576267436002,0.014336263345440902,0.011529198126991292,0.0147745658044432,0.008844597233499446,-0.0006622333525831092,0.01026977733793043,0.014882992468347194,0.02362243170612193,0.005248668259949005,0.016310954360117008,0.0159485521828615,0.012937901377408455,0.007186344061802047
2020-09-28,0.011233811670207901,0.01977499973168519,0.014628057950459917,0.0250900773712603,0.013477687616751246,0.016040967924146908,0.023252982903951364,0.023560214582769266,0.017880990168709046,0.018952338192124035,0.01119987402129484,0.002550931852966032,0.008986836998505669,0.020698293950744375,0.024253224343307515
2020-09-29,-0.0031186119251112284,-0.007511521360523057,-0.012025283341227967,0.005287485270769237,0.0018685889107375904,-0.007432490462491975,-0.027902579588579973,-0.01255249072082209,-0.008900636843032887,-0.0033642712072310217,-0.0066102055398965616,-0.00033975361713575004,-0.0012511885917212303,-0.007789127335599124,-0.015494826304071759
2020-09-30,0.0018337797210925483,0.003262010292429293,-0.005564069724992688,-0.001491392207113457,0.0008841411681621246,0.01010740124661791,-0.003000639995672001,0.013383718483807941,-0.0025943631163626753,0.008346503690454758,0.012085137079186672,0.008965874811295179,0.015862800993016336,0.00812943170293944,0.007072819034704528
2020-10-01,0.019101573668548963,0.01910494373779661,-0.0018113713889239592,0.024384593484240984,0.016453439587951972,-0.014242946591203958,-0.031199509493155378,0.001660647055090223,-0.0029925159857523147,0.010484946321203675,0.00560061961022858,0.010053552449087644,-0.0034189850208824323,0.012978448533540965,0.026822137774735088
2020-10-02,-0.01993758843892754,0.015848224789836586,0.0070253791714656065,-0.030430396005745083,-0.017042859319368983,0.008886152262824167,0.009598836179700577,0.007849441400660047,0.01114314575024176,-0.025681134171826964,-0.005600619610228654,0.011767910702576297,-0.00917445772973148,-0.004239987162309102,0.0054740129824341595
2020-10-05,0.015291376894767809,0.005548233016159427,0.0168598533393085,0.03350687874425426,0.015593239271447314,0.018934867449093232,0.02958212041201932,0.01632686877928621,0.015977494028264122,0.021687620378875817,0.006685912312617614,0.012444694218889088,0.020337258685519447,0.013132513350238925,0.028447091569872587
2020-10-06,-0.00772815241843698,-0.0062740795039521536,-0.008642302285930834,-0.008807203845313574,-0.01775654961893011,-0.012635739822952971,-0.015017865324514863,-0.010172905054206306,-0.012248199386398156,-0.015616022390432232,-0.0065298387917631295,0.00842669766841627,-0.013353308114293475,-0.018678345651720246,-0.01932523939084381
2020-10-07,0.02235216091708176,0.001088307038630879,0.026334033614359122,0.021184905656342488,0.008234538703858471,0.025419612129888993,0.014023593094445504,0.016629788638831553,0.02183953715363802,0.0181668090651795,0.010705289958211068,0.006113139858479099,0.01870111217313525,0.022597983679301995,0.027064828397749176
2020-10-08,0.0008113259348496132,0.015595571021543745,0.005636358344314634,0.012171825884630236,0.010778324381734112,0.010050386628631277,0.03678224006733444,0.013584046233256084,0.00987322717438974,0.005166685257558589,0.006613857819590931,0.01811877120959847,0.00485402300090083,0.006542760698086788,0.015486625703814521
2020-10-09,0.01842185676166242,-0.004294516239926441,0.008133114415839643,0.01702047792108275,0.006354133306584805,0.00769780938917865,-0.016108796165209882,0.0011897703170205415,0.003724007633608153,0.015175263163614266,0.007787939712486379,-0.00015746542099710767,0.008992012212299418,0.010353965382846022,0.0005554668190802568
2020-10-12,0.014864978093129928,0.005959562510942071,0.001761666759205829,0.017473165211188788,0.020423519912769486,-0.001655274421421371,0.002594936488414911,0.011036569941812518,0.0056832088402095455,0.026926542308945995,0.011494363320774716,0.006281545475949167,0.006805579555667918,0.013211494299488447,0.0001850359450829543
2020-10-13,0.007904541346711584,-0.016172857545512932,-0.007831098727382602,-0.003005535424394658,0.0017848780255530906,-0.008925137483171678,-0.015671209114345504,-0.019394926926018963,-0.011150085209212204,-0.00641911264977744,-0.0007521474781246488,-0.006911939665921267,-0.0076365134825414965,-0.0001929037885000752,0.008657913357394829
2020-10-14,-0.0070297616975256985,-0.01178417133852477,0.009066934981678808,-0.005294615260183463,-0.011991881680777566,0.0028826025154144327,0.004268572476616865,-0.009638393136683396,0.0055907885542601675,-0.005313133582161158,-0.00512964769926238,-0.001261768228701952,-0.005835950818900996,-0.011129912448620242,-0.008287944150466136
2020-10-15,-0.0036545921946805685,0.004146596272172319,0.008561843732763816,-0.003882905988032181,-0.004665669229607373,-0.0028826025154143767,0.012050300962946193,0.007637932415869754,0.003586278653436599,-0.004517560406809296,0.000604710348337212,-0.0006315172609209562,-0.007272633896698441,0.003702075862645659,0.01486934622579665
2020-10-16,0.0037449953895403463,-0.006226091502470513,-0.013180717436268486,-0.006254813691848648,-0.0015280816201474314,0.006965184151869321,-0.02292177248568743,0.0008007823008086196,0.007256473104835155,-0.0028854974041438155,0.0003023181033555634,0.010681787611717597,0.009870578293596229,-0.009117568015759562,-0.010993063863893137
2020-10-19,-0.00948011533175917,-0.01629676264640181,-0.011423726243985004,-0.004946003943554201,-0.01609146579797138,-0.011686973419099989,-0.021427101895872366,-0.015323136714604196,-0.012454603223038804,-0.018499025984714458,-0.013082044964185559,-0.008473397525309422,-0.015971864078888693,-0.012376078452637681,-0.011115101416574716
2020-10-20,-0.0054622878034812795,0.007440509706968859,0.01347387319671997,0.0008079845449185273,0.005811225045155223,0.002287525072632843,0.01177458532789853,0.008094345551511343,0.005198130118203593,0.0034422284495278944,-0.0010723918147286897,0.005970389554634914,0.0013170697013208821,0.007983320661480836,0.0020468297473042983
2020-10-21,-0.0018377053667362347,-0.0039614538868671684,-0.011448157578738205,-0.006428758408232682,0.01675886703081562,-0.003815302312675317,-0.01924747978756927,-0.005253721119233415,-0.01017373720122976,-0.0015097633612237045,0.0009192537248421786,-0.0026665676767826767,-0.004995852817499033,-0.005469332317525482,-0.0065279900071921375
2020-10-22,-0.004516450070170534,-0.0012409752509464265,0.0012997807809953502,-0.000379427155397436,0.007097385375314425,0.0054894063605312226,0.0404265571173957,0.019659673302312553,0.008196716127811927,-0.00471167157592165,-0.0004594198531867558,0.01403641372867616,0.01500677075570765,0.0020462919887229477,0.009498261761254838
2020-10-23,0.008218903467147945,0.006066929543393112,0.012051742085331432,-0.0023883712240425625,0.011158462082618134,0.0036427626621563275,-0.004923661715728179,0.0031730747122050915,0.003950039074933352,-0.0010970303854429357,0.0018368866113586063,0.0027838498975114047,0.003716747519069439,0.008731711396545355,0.009041269241903292
2020-10-26,-0.0250499874696462,-0.012795925424810185,-0.02468904959367646,-0.02164569238510937,-0.023206392115784645,-0.02531757333712538,-0.03652617584043135,-0.022832748014517765,-0.0253271264993435,-0.02193791243513287,-0.012929085853019103,-0.0003088258149409555,-0.011192178132507533,-0.019404294261896448,-0.025864313742120736
2020-10-27,0.009102831103926807,-0.014863529034859034,-0.014577249420216036,-0.003449197190024622,0.005140391030162314,-0.009524629460155675,-0.013054117789459786,-0.018401871401455015,-0.022102654166254933,0.004993298499901924,-0.0026372024576549885,-0.0007726912904230701,-0.006870161392364056,-0.0004666654278599282,-0.003966492208980797
2020-10-28,-0.03553573079480674,-0.024797572390922742,-0.043604918203920255,-0.032799092263563805,-0.03763449572784918,-0.028646230133348008,-0.042740019617275006,-0.025921296210001735,-0.03336260286555627,-0.043347518339469975,-0.029636400409431076,-0.029497254388211446,-0.03224522451703311,-0.03211421006779985,-0.024522087219427398
2020-10-29,0.005643293458508133,0.015105831823426424,0.021964463622104677,0.02440464328331232,0.024829851171897045,0.020454584401738894,0.03021375638363123,0.007595342710444577,0.01445357242894882,0.016542258723293363,-0.0003200023859825665,0.0027036026054221953,-0.008226489656538659,0.00631408862784208,-0.006616032237054058
2020-10-30,-0.0262733549865813,-0.0068145174703238024,-0.0066914646210273244,-0.016946275359093436,-0.012971046516160463,-0.0006330287209079349,0.005586653697933647,0.002938126895691426,-0.001185832398480232,-0.02238854836252513,-0.0035276516301902885,-0.009413763540458468,-0.0002952575779130677,-0.02206730803514604,-0.027312446691440218
2020-11-02,-0.0064877128554059705,0.024846788240955226,0.006236457727751083,0.00774353318394036,0.0023357880459922145,0.03269801552213113,0.03355325197950407,0.018684144391771025,0.026661409570509793,0.00252243900435046,0.015775915768412422,0.021724226821802844,0.01784113754131884,0.007109663096063606,0.01651609557978058
2020-11-03,0.020860053711086003,0.01907215516463785,0.029827850346419077,0.020602063861967307,0.015240855862698957,0.015504086295746535,-0.005740314065144328,0.021969922227929643,0.029090372238106565,0.017481836980151984,0.01630911559190787,0.014328480912428958,0.014485338501905044,0.021776252401131693,0.03471724391528516
2020-11-04,0.047147761979057894,0.0020968961672356086,-0.015076567913251017,0.036014306970734704,0.039879381310940494,-0.01719044515102626,0.0013536296036387192,-0.011738729937611351,-0.010400312680583413,0.03816590744716154,0.00046669570041262345,-0.015113055327093939,0.04342430059890357,0.021046266162435993,-0.002481220388478888
2020-11-05,0.022735479794081564,0.0031980677387941233,0.025375146225944657,0.03894657581466154,0.02012548784795319,0.04000519768283528,0.0,0.024136545250019383,0.023281416254338452,0.030591216279451112,0.007280526352606873,0.008908412308692357,0.0020041822480081264,0.019308248447507517,0.030858561765458217
2020-11-06,0.007514990789164381,-0.0056658820431889035,-0.005941718102452232,0.0153970309430194,0.0038691791540440127,0.0025030618678551844,-0.021881238447734885,-0.007980959405680154,0.0009839605846857944,0.0035429155927539473,0.004619632383154469,-0.002180667790987926,0.0003640620877511828,-0.0030067589726964256,-0.005015315124721921
2020-11-09,-0.036784609427701086,0.02849345302912587,0.024130001538128772,-0.010973600643384516,-0.005763940231066262,0.022250865251733136,0.13344504503318969,0.07893271940506259,0.03348761599492329,-0.007264372663220182,-0.002307046672553128,0.01838604797928192,0.009326798844082022,-0.0032784665652571183,0.012215530780844816
2020-11-10,-0.0328457883754661,0.011102811888226887,0.017816815050838465,-0.03143588250952302,-0.0025325051532198786,0.011724269503041404,0.031852609893894615,0.005169862269948617,0.017442992573228903,-0.018817230632425918,0.01951874878487569,0.014288066336254453,0.002880255934061837,-0.003552929749832162,0.0056865995557561395
2020-11-11,0.027612395126365544,0.006390760205869138,-0.008372773781770886,0.03456152496182391,0.007757872047658785,-0.015037831561167662,-0.010307856186645998,-0.004059776856830681,-0.008447842898321737,0.023446013472700544,0.008570492967809066,0.0037661646507430816,-0.0012590959985628834,0.008727856092766979,0.0005484596262382529
2020-11-12,-0.0022199787739809454,-0.012105740832880012,-0.01364882427781298,-0.010853631530868916,-0.004232452964291732,-0.02129288986847222,-0.03279955375434394,-0.01678199801609365,-0.011495099024232637,-0.008946278975270068,-0.0026984398567632887,-0.016218723928577088,-0.0036964447952548014,-0.01348485289991758,-0.02218180500678617
2020-11-13,0.003749186632766448,0.025813101091694143,0.02174024084164554,0.01463232920474102,0.015401545017247966,0.017099273800523125,0.03575563241148588,0.01641215827887148,0.02192691667789273,0.008451434265138048,0.013717241931199772,0.009883575122479688,0.012565442548070762,0.01609473244880981,0.02016875732822083
2020-11-16,-0.0007798502897073738,0.008112561380333679,0.024849345330587597,0.02774610294177927,0.007436227581353275,0.019515692280194452,0.06374470156043696,0.02195466536459102,0.024078275424452802,0.009607237159545904,0.00913938189012642,0.010086574510125648,-0.001696157560125347,0.013013948137402044,0.026393542243695667
2020-11-17,0.009782748276733266,0.0008071421326654403,0.003285439025128394,-0.011567798374142372,-0.0013238409987469497,-0.003701740112873432,0.010194525559469632,-0.001448855018090589,-0.002621471837676253,-0.005572357174484173,-0.007068299327210545,-0.019817537966960234,-0.006543243884772556,-0.004254667448261718,0.004094971200728055
2020-11-18,-0.007164706969703942,-0.01815470846881242,-0.006673312263377079,-0.004977177128603971,-0.008870799154296215,-0.008306774041245813,-0.02948754296418919,-0.009468458631041177,-0.004460726103192305,-0.010740585042528979,-0.013838368625580964,-0.01975069363306572,-0.018790414150340964,-0.006870924826497035,0.0010657059444119086
2020-11-19,0.01819854197735568,0.0019945549874657597,-0.0004126967323902265,0.012969303600859053,0.008075467327625398,0.004162134146496743,0.016242400393923658,0.0032877576470937316,0.0025185292325107123,0.008025053326257556,0.0026931902172780873,-0.010023512192733845,-0.0007335305019011037,0.004931106615931954,0.022638453488561236
2020-11-20,-0.0007950687260753521,-0.004699187399280198,-0.009449450847826198,-0.005087508666800049,-0.00123814833521292,-0.0008600642762646465,-0.005291983015727661,-0.008791051059685652,-0.009074783905328157,-0.010353325975019112,-0.006295961347802871,0.00015755451008592428,-0.0022951060480603034,-0.005256237706069117,-0.001041622653893754
2020-11-23,-0.0013468168077354597,-0.0008244726597098235,0.015167758202411096,0.015284109782817603,0.003974476492121093,0.008279986534344178,0.06826675949689544,0.018589885320724,0.01659357121134532,-0.0002498601137781038,0.00030059455201737235,0.00015717476197550946,-0.0025769046103795773,0.010936056264956622,0.036665294546116785
2020-11-24,0.0026308625172151066,0.0028241147283397,0.02393359615810537,0.0031468666201661865,0.01695558090726468,0.02457452135739329,0.05010581946924749,0.03443087801190496,0.017327279351092316,0.013811570389823424,0.006742167795252896,0.010643474986558068,0.0029445032981313584,0.01475725881389567,0.017758323358962356
2020-11-25,0.010998845148438416,0.0008224576008672238,-0.006927348608969976,-4.913379911918064e-05,-0.0005202010774410312,-0.010457873776630376,-0.023595618913701412,-0.003495169398928776,-0.00761376954249933,0.002133109606688614,-0.0005973039007048171,0.0026432093736460244,-0.003681928196453678,0.001204316400463285,-0.0016463377726351352
2020-11-27,0.015798896051540934,-0.003057608696373435,-0.005396185702756701,0.013313640241187854,0.006568284527219945,0.005173124018170475,-0.011752502965184323,-0.0031563160412659097,-0.0016874629029429006,0.005313308596798351,-0.0001494970987625853,-0.009987604517018297,0.009179449856786348,0.0021512405166897396,0.008531523888685383
2020-11-30,0.004451506308084598,-0.008754307757196857,-0.008876748264012364,0.010553697776776385,-0.007175376520789317,-0.010091386636159267,-0.056841311242122425,-0.020941332447498694,-0.008934369912596739,0.006662998973093843,-0.00014912386788757214,-0.014533974025766687,0.0027373547943693086,-0.0060859968735054865,-0.01863352112354078
2020-12-01,-0.007728584654229523,0.011342170776450416,0.004674671984180699,0.0180047233748692,0.01711793497997299,0.010927717225076497,0.004613902829780529,0.015305568504135012,-0.002502009160632909,0.012714506583001802,0.008778974402715882,0.006977347619290495,0.00834863989180632,0.007412108869967305,0.012077359342888627
2020-12-02,-0.006556754888274656,-0.008968703415349331,0.003976724133193524,0.003993941633389589,0.009591413553985646,-0.012901779304581423,0.0319773205485074,0.010890647226844076,0.0013652081542550926,-0.001520247156113608,-0.008330746881253298,0.006615111895976429,0.007472347589492478,-0.006268108876546151,0.0008218491891179973
2020-12-03,0.005272710113771878,0.007440142887455023,0.002837397791069494,-0.0003753058874271343,-0.00253732260177166,-0.006939856456173387,0.010435718861965483,0.0003495169400983497,0.002612524793870048,-0.0006411688587872066,0.002536146094903106,-0.010415018574501908,-0.0012564606319598601,0.0027907563633948547,0.009973169760537174
2020-12-04,0.010462628869953576,0.014600572480201482,0.012069132358078787,0.028761098961514478,0.0027908576559842724,0.019980778447656188,0.05306957370010996,0.012150670451264356,0.011839601582211833,0.009967037920720604,0.007718479253142498,-0.010044057386157242,0.010630373426962467,0.000949412750941976,0.011966358862713185
2020-12-07,0.005513991599597766,-0.007799386380198112,-0.0016008263062397606,0.005681416326943536,0.006397573183871384,-0.006569314964620814,-0.023659098950761907,-0.006925151682817762,-0.00483147671613427,0.0028522578944330493,-0.0038519237406897744,0.005592649618259414,-0.006150031695347615,-0.0022806529125179126,-0.004995579385253291
2020-12-08,0.006477638364002366,-0.004920347152671465,0.004662088072949315,0.0013134390453079271,-0.0002515121938680007,0.005593841688802242,0.014759103457814433,-0.00034747585217192366,0.0048314767161342365,0.0032384379450553107,0.005477080198254419,-0.003032074627631491,0.007570665028218886,-0.0020951016190981046,0.006762269808384767
2020-12-09,-0.023859470920035458,-0.0076625263474731625,0.0033165394216915466,-0.03144934199293247,-0.01012323669448621,0.0005578685581538261,0.0022323484672004397,-0.002436303320574372,0.002239465819264037,-0.019348487763977063,-0.003993543059899596,-0.001759573399626594,-0.003466419501559865,-0.000953882585578267,-0.005148087995038266
2020-12-10,0.012370289175506964,-0.0058159364725203135,-0.009938695617596615,0.0007470253997740474,0.0028785815818798406,-0.006151710246956071,0.030261126763113256,0.0017408430012948919,-0.009551975865778025,0.0014460830103018398,-0.00445650800305358,-0.0051365593533481985,-0.0016931371048663343,-0.0008908210051686622,-0.000968102712145499
2020-12-11,0.004335027251048282,0.0004761596064160475,-0.0008475953640105963,-0.008154533771808314,0.009005601453337047,-0.005766038863561371,-0.011605472260105255,-0.010138390599914053,0.0023682778713008715,-0.002089458417444092,0.0022306710283532117,0.0016080969304079894,-0.003932218209546944,-0.004786974135015194,-0.01103916726708093
2020-12-14,0.006335766215420803,-0.004672603513040812,-0.023411689202349043,0.010159417580215106,-0.005461060839093051,-0.012775143581277583,-0.0356471064280229,-0.011662695885293261,-0.013039360622879987,0.0036136779429736714,-0.003869498066760231,-0.0051547623985912635,-0.007550014680147794,0.0014704593355922382,-0.010502103132109973
2020-12-15,0.0029196655452319335,0.019080002341318562,0.008566961513344294,0.01557605405070113,0.00889031239008581,0.017980109217105994,0.019466189095804696,0.01691971505821061,0.01382744848143651,0.01653569541492006,0.00238298081287495,0.019511294487131643,0.010768419735393876,0.013389570003591651,0.02605157454837135
2020-12-16,0.01527631677181401,0.0015344408726546657,9.099568968454192e-05,-0.00041281436503208004,-0.0015876935127028665,-0.0028100380752305166,-0.0049556138624859405,0.001745874046617267,-0.006210001961231365,0.0067578675708717655,0.0019320156734117684,-0.011629071256601509,-0.002949560036140361,0.006534378008501271,0.0028886618985486433
2020-12-17,0.015922953435593974,0.00974143142231483,0.011592484919770543,-0.00022947149429673673,0.0007704912941665774,0.011471849332289702,-0.004730408125503117,0.0027875857622108773,0.006097789428710107,0.007878832456117382,0.00636411055066472,0.006707306747829532,0.010684554985365073,0.006803166428701326,0.018576554667724923
2020-12-18,0.0140861912477596,-0.018150408674286064,-0.006794920681834794,-0.0034477499917414983,-0.0027666110976610385,0.00444136387855548,-0.016862122917699528,-0.008736773409913356,0.00011221253252119754,-0.0035026361946644395,0.00221094289208306,-0.008631724027796666,0.0007968007420314745,-0.004863619407153857,-0.0034669124251154033
2020-12-21,-0.0014778126831626888,-0.006443247720725734,-0.004979196040169979,-0.0050577924078532835,-0.005640836554427981,-0.005316683152494816,-0.019478294338363476,0.013390029231357986,-0.0060538067082069585,0.0009998262894953599,-0.010835518313161275,-0.012183757234472178,-0.010055835442480185,-0.011360770705708425,0.003969946740211733
2020-12-22,0.01857845151414941,0.007869494575807302,-0.0020896289670311726,-0.0017726134757511795,-0.006012672806992329,-0.006175594830851176,-0.016927209849042762,-0.009797132693822442,-0.004673102330104137,0.008629094947368804,-0.007078026224385203,-0.0019686072058112012,-0.003056559502550831,-0.004316035371656697,0.015040412780896961
2020-12-23,-0.01348485266116181,-0.006792628639094527,0.00363131014120993,-0.007497989181027431,0.00677223956395303,0.0014070970684327418,0.021897559761591,0.01639120096885698,0.0052416048024400775,-0.007614716944459405,0.003319510600434776,-0.0019723430678874145,0.0007200006912852741,0.0021602451735483635,0.007127166433924106
2020-12-24,0.0005272569676992861,0.00786085124118273,0.00018113169013812488,0.010667610180001777,0.0006746337010277084,0.006306367069013838,-0.0052326488731838355,0.001382450742693941,0.00011338016409281897,0.006607853047632645,0.004958302578872554,0.007049855273816456,0.002874755485695004,0.002092477581152813,-0.0001543066521115449
2020-12-28,-0.01436536539222757,0.009093722985600733,0.0014033560348823003,-0.0020030280690478174,0.012400697178627407,-0.003919453944014367,-0.006315965357646512,0.0048243009277137445,0.001249614845990606,0.01124892167919838,0.007912151522882466,0.004401372419639434,0.0025089002271738783,0.011336465823329952,0.005082823776006923
2020-12-29,-0.0053344797070910225,-0.008144861973673524,-0.006899778448969117,-0.002521424400059936,-8.325693359075989e-05,-0.0023869131249995364,-0.006621762958621,-0.003443470311053262,-0.00603343521316191,-0.004761488344341445,-0.0029784429541981758,-0.00016277931341545797,0.004731354752268363,0.00031305522770111693,-0.012677855632540536
2020-12-30,-0.00011316369085952367,0.004493627434163552,0.0025020726889638987,0.01829821053728888,-0.005930310636325061,0.013683216339207237,0.015557444986329532,0.004474253678755401,0.006373636204937844,-0.0005390352500720688,-0.0010444270158525577,0.005030402635260832,-0.00017797406873156573,0.00599210971111943,0.0099087887085969
2020-12-31,0.0022333694386061148,0.01056371128022166,0.002042564273122594,0.002613005775531533,0.006929137387588888,0.0038755129400171043,-0.008407646800687207,0.012286803963603918,0.00464102246533374,0.001462542403242524,0.0069925978584818825,0.014781836320725331,0.01045630326130235,0.0005602053248960853,-0.009131101991614864
2021-01-04,-0.019764779058720674,-0.03456621343035494,-0.020615475155949043,0.0020124104675876696,-0.015426205650244704,-0.009577186352168544,0.0015818849627158979,-0.013661465955674714,-0.02446396297821583,-0.016439567775430573,-0.01088187941131362,-0.025522320453466946,-0.004328918584547111,-0.008495018869269524,-0.0122010841448932
2021-01-05,0.0038811491738626183,-0.00012088102910172633,0.00985690588634746,0.017348449778824243,0.005224779051010537,0.02220600709218817,0.043809903339391866,0.004460366067414626,0.009788768828413624,0.006468274642155961,0.0,-0.00016359178199678624,0.007233905943675264,0.00743693102098573,0.022102144378631484
2021-01-06,-0.02425025376118012,-0.0004836702916503852,0.02641489972312229,-0.003058287181034174,-0.0004205095530107895,0.0401071145426729,0.030053277213952914,0.04321574496014713,0.023557044808221225,-0.01739565814903286,0.0007491119434955182,0.024568880260278307,0.013618629478658956,0.010159481026310245,0.040280003658449026
2021-01-07,0.02708688669357709,-0.00012074340019235308,0.009020854646415992,0.04043101417884221,0.015021576111200642,0.007441869624100275,0.014573856242194054,0.014322957442184585,0.0054696675853162634,0.026597461985424405,-0.0030000178344494035,-0.013179067621793546,0.012922132482642422,0.019107359189240822,0.007072093127128247
2021-01-08,0.01595158860009127,0.009629348910052894,0.005338624084834336,-0.0035969271176962353,0.0037204824556030464,-0.004824311691442621,-0.0012064363829288815,-0.0006464617091502731,-0.002452114236132929,0.006444567457214758,0.004945191305649313,0.008377594109302887,0.004781866283273984,0.020409361617287163,0.0007341602891694272
2021-01-11,-0.008881082753443568,-0.014235950306956412,-0.00035234432781906534,0.01486677745784164,-0.013124464471705165,0.0,0.015571163225933162,0.00322894610232678,-0.0003347114670478472,-0.008293430439018012,-0.008556882762839441,-0.009349013840649605,0.004674403448881389,-0.018838588950472742,0.021050267536820842
2021-01-12,0.000823546073651536,-0.0003648380444367247,0.013944201429809337,0.004651522806841098,-0.009830678068906208,0.01259823812393076,0.03434523460022585,0.010263224007822992,0.009885851086848384,-0.004792588209340798,-0.003322055547852598,-0.005358649728774891,-0.010912270986151051,0.015158541126555182,0.03111519406342745
2021-01-13,-0.002330349780668176,0.012201868553232307,-0.0062266838074771375,-0.005421692586082143,-0.0012673126482482,-0.010248290873807473,-0.007839677097472337,-0.0006386083519125195,-0.00865853983319928,0.006333575223164233,0.0015112733564982997,0.01934941835796264,0.0027393757001187976,-5.9442300616223915e-05,-0.004186211612338885
2021-01-14,-0.004734424037575172,0.004313608291319675,0.010947107297362375,0.0245662451225038,-0.004745596794313898,-0.0033964141696676492,0.02919916705114353,0.004460123283408484,0.003450412106105137,-0.008816061808114612,-0.005300110363768467,-0.0038397750415445726,-0.0031682285991933884,-0.006383306284993535,0.030437060493229483
2021-01-15,-0.0054751299296114135,0.011294274794353605,-0.012958293729524145,-0.01965568405689176,0.0,-0.01436384025471602,-0.03967029852056474,-0.016667223332495616,-0.013085383009809895,-0.010306104778643377,-0.0034983716305303095,0.009731023531633503,0.0030825370820760953,-0.00775049152885986,-0.023885775789942634
2021-01-19,0.014213292203788702,-0.0027227915217860246,-0.003595549332639285,0.03375678406631454,0.016512187754085215,0.003445019366553181,0.019917152024998833,0.002582484393176603,0.0032594232872770936,0.012943611570840525,-0.004428643158401352,-0.0038173912375362657,0.007495281741905215,0.005653571593354361,0.004850752343266312
2021-01-20,0.01922620812851292,0.019951402206923943,0.016424248542218953,-0.004168120661739499,0.02882525835779734,0.003301406740694404,0.0036622237787240974,-0.004199490595087273,0.006152219065080802,0.019638634731766653,0.0018349374641881246,0.005879008477979917,0.005500272280373018,0.018715559887652618,0.0035878551041444375
2021-01-21,-0.0036205190595679335,-0.0030256454550584015,-0.016687781513748685,0.015348257613561577,0.0019463921626148928,-0.014742051917491625,-0.034398189882295066,-0.010740745366266546,-0.007836855628971216,0.012831004793886264,-0.003366482940673496,-0.005879008477979935,-0.004736967219128847,0.004639355881262174,0.007958275802948195
2021-01-22,0.001143333938925205,0.0019794046604537994,-0.0029482505558967066,-0.018994125916942477,0.0009720051323620476,-0.0048286071045341,-0.005215611954760296,-0.0072248524110740085,-0.0051834390822091524,-0.0038319427744133764,-0.002609096611952883,0.0014332922563921333,-0.0029721810102480545,-0.003404130763822055,0.022967846809588983
2021-01-25,-0.0031261739550948347,0.007416684014244106,-0.0009257819772925331,0.0039353025038110275,0.006293943359641503,-0.005257045845799141,-0.010273696166463465,-0.007277639195758488,-0.006802170255948845,0.00832197762386258,0.009939642230327308,0.019852422870534316,0.0065269382996504316,0.0036969198919120714,0.017345797624134938
2021-01-26,-0.005578730446143916,0.007247948538354219,-0.016005861550551382,-0.017432356580373558,0.007612476447981764,-0.013881506556751683,-0.021605388588275407,-0.008000086423077885,-0.009256898922964878,0.0006715564224001819,0.008937381765491293,-0.010034587404935617,-0.003724330292323237,-0.000644342568369331,0.06664477672804836
2021-01-27,-0.023523025330433413,-0.01676070838067742,-0.030442836310139006,-0.05007615594882387,-0.03401986352456301,-0.029907041524994293,-0.013589048065614204,-0.029893456657733904,-0.0200620242966556,-0.019056877034195865,-0.017034345753974042,-0.02731575360373102,-0.030829914244752985,-0.03131380524472217,0.11363988662862534
2021-01-28,0.018591305877243197,0.004303950936473847,0.011941733196383215,0.020704959291230136,0.00855268112383887,0.017080133251879275,0.011624013014440429,0.018449316188173723,0.014767098320107808,0.004098040783311058,0.0038272341299614926,0.011912601553224869,0.014499806022753015,0.003139364540643536,-0.09490465633595638
2021-01-29,-0.014541343532006515,-0.010266480005944744,-0.027353330564442346,-0.018407729504250205,-0.01776246318596881,-0.019624927518750425,-0.03375757978689941,-0.020175020705443608,-0.021820053921378223,-0.02383510862584026,-0.02084540183289288,-0.005455735267843313,-0.00848347991275322,-0.023606331603983084,0.05897102041352686
2021-02-01,0.02457651709935362,0.023868669677093952,0.013932285809787706,0.038438002488907434,0.019971158574099406,0.01168120355129879,0.0070960460379477,0.013040756119417166,0.010327491190622299,0.024743655103664768,0.0009359541458526642,0.004815418384357412,0.0038178657287875005,0.025654071227362952,-0.059212345919664296
2021-02-02,0.025814701084502283,0.005366929325686516,0.0203819679771601,0.013581027387154176,0.016771526375047047,0.013066613583801191,0.010799749794486778,0.023918947322770168,0.021026714506613225,0.013453452070295694,0.006680712727878186,0.008133381360834312,0.0028539894612347612,0.021014629269747627,-0.08566410109674187
2021-02-03,-0.005137267792762282,-0.0027368167283617225,-9.063976796253495e-05,-0.01898857084221893,0.014754689879788641,0.0019317218851115454,0.04183079013301134,0.005643161500757932,0.000685639578294619,-0.0034402343985958073,0.00154711780721401,-0.003181723566024044,-0.0071066420719357905,-0.005612353734265167,0.016671485538081378
2021-02-04,0.016223393455793385,0.005693504224652764,0.014763139670115956,0.01150378180353496,0.00796463694104131,-0.003590458710252718,0.010960482918013064,0.021935647169489883,0.01068191351171781,0.01583040039803217,0.007240287922940137,0.007777421236473701,0.004166127912516777,0.010607151393802212,-0.0033638567219414655
2021-02-05,0.016521320607485093,0.0019281383089417871,0.006768282408907036,-0.007286059273333938,0.013263877165392244,0.01700764546842502,0.008494422554877935,0.00032397245874542284,0.005860536370092971,-0.002214218026684232,0.009319496987789451,0.005360965097604713,0.0018170983010504249,0.009509083475415413,0.02179269060061134
2021-02-08,0.0020924903810094486,0.0027162620922973604,0.005222924659741736,0.032870837960041935,0.006027168983720232,0.008261855541667544,0.040972439871513666,0.012865829217329792,0.008503959469635752,0.010438534841455127,0.003794521619838875,-0.007735535276174705,0.0012095432135516638,0.0056740369645753444,0.015227302249302391
2021-02-09,0.008457284032689529,0.004397980558982352,0.008002449665366418,-0.00296651302630895,0.002462154046222784,-0.007446014604951454,-0.010656437815172148,0.00031939416102142024,0.002559270600419799,-0.0011708191665322403,-0.000909635605462928,0.0014253478380406282,0.0014670377773889054,-0.005557872633039988,-0.0053849308382954006
2021-02-10,-0.00202209118348879,0.006393298380785721,-0.00039429001535317375,0.0025550717432636354,0.006511244260307701,-0.0010876672154941035,0.018966443923995914,0.0,-0.0015569127960142536,-0.0014654543074157675,-0.0010618567507188563,0.003948398703549282,0.0018089585275318308,-0.009918446705122895,-0.0007537156733312163
2021-02-11,0.0067335293392094715,-0.00022356561926671907,-0.0004380771368576475,0.03637198771756279,0.00472267100368649,0.0009515865556874575,-0.015553032205359243,-0.003199814376134582,-0.0021170022059382085,0.010938800664403225,-0.004411734377087016,-0.005690687798791533,0.0018915893794793257,-0.0027594562190312215,0.0053891865240201986
2021-02-12,0.007595857916422356,0.0013413256676390072,0.01682014640800261,0.010226519446222111,0.0013672143710417404,0.010275821664158448,0.01465775627739702,0.010204115422571743,0.00722408474246613,0.0051361521200369645,0.0015236457750291876,-0.007319083636063528,0.00744594989081114,0.0014098385482133888,0.0
2021-02-16,-0.002828774974056261,-0.00987662422018873,0.0012061264802508893,0.006109443761502235,0.0040141664957641906,-0.0018848234937080522,0.0247638608121686,0.016986894147302686,-0.000997249183174185,-0.0032521817493662794,-0.0018284402057546125,-0.011241582349688915,-0.009940185746585041,-0.004354035239813695,-0.00425892956498721
2021-02-17,-0.009714776822380415,-0.0013546480962944507,-0.0077357175509264135,-0.019555825922582714,0.0017367219896311345,-0.0005393861250430933,0.014741134881984762,0.004978366182400416,-0.002774886665733599,-0.008870962478639737,0.0036536097947387656,0.0008073602223235652,0.0036103007213298156,0.005762262238229476,-0.007812275594125822
2021-02-18,-0.002864231301020219,-0.002714320563241073,-0.0028236527998878646,-0.01068750804574008,-0.007954085079765099,-0.006221932348099816,-0.02285454829304406,-0.005914579400027809,-0.005015058000468541,-0.004905215291906717,-0.000608108488533566,0.005952785587398641,-0.006283650549955752,0.0002930884201366652,-0.013499919245501379
2021-02-19,0.0014462254377827716,0.004632823294678651,0.018235428607958327,0.02138026790993968,-0.005567954148031493,0.018152123253725044,0.016594114223764854,0.011794059673631053,0.016289408143790006,-0.0014692394686234157,-0.01269981336191565,-0.015030483147189945,-0.012162355822857036,-0.00581949942037027,0.014764072115817756
2021-02-22,-0.03074119193783236,0.005956515253454631,0.006938881483865395,-0.03724044973335928,-0.004522372815480388,0.003856332102868432,0.03406055797931894,0.00921373161035661,0.0031824301540157654,-0.02229745398318345,0.000923439564644807,-0.019734307966607,-0.0023626739182726606,-0.02133216497820998,0.0008840196390374794
2021-02-23,-0.01062500705653507,0.005587062457313837,0.0013566031620837183,-0.009654814880589554,0.008720156222241635,0.003445019366553181,0.016398777210541962,0.006096062737766935,0.0030632726966433083,-0.0027846159676138444,0.0013835624242568133,0.00827002605419635,-0.001666112566593894,-0.0065858816092332,-0.015519800819629934
2021-02-24,0.009594689139236666,0.005334726749902438,0.01638760555224892,0.03165320559278435,0.0030418644194460534,0.008692296173801035,0.03480034422116788,0.019260194108504387,0.01872017052306961,0.01518425679638771,-0.000614702736166437,-0.011764004463184544,0.006909107494819797,0.010433001419671665,0.05159440117088602
2021-02-25,-0.039790599600396985,-0.01699124638781998,-0.018126151835318054,-0.05737015590258508,-0.03021664380613686,-0.02334961012250439,-0.01947667947167509,-0.018349130592053054,-0.018611199010171955,-0.03559018327350528,-0.010974784957024369,-0.009040729605600581,-0.010073543038649492,-0.03790615329142203,-0.031163617971345516
2021-02-26,0.0009874462304832253,-0.015336843684087218,-0.0025495854589756618,0.020418691534166818,0.00530768267921104,-0.012833503084638806,-0.024008233659396472,-0.019311171691091266,-0.010429835698263471,0.005293731830750162,-0.0162960081400678,-0.018672991430742383,-0.00866478342359806,0.004166346679972152,-0.00440629799384739
2021-03-01,0.030029680012459193,0.0025156115822498547,0.021259109908335853,0.029645482422125873,0.02604733236470266,0.02497450554050243,0.025629191862273644,0.030781080234761254,0.025282095160563012,0.03170540097864328,0.010059900217625475,0.021863557335163267,0.01296958243308242,0.023185306605485522,0.049834901101474795
2021-03-02,-0.019705191593439822,-0.008141034788276656,-0.003337909071662078,-0.03122380581531919,-0.008454303279567883,0.0055539840925363515,-0.005480565648485911,-0.003607930114717593,-0.0029098587097975974,-0.01599047791319579,-0.001722113853492354,-0.0030222844209335776,-0.0028971549197805203,-0.011586967948843986,-0.01731361513180688
2021-03-03,-0.04221502985149991,-0.00878826825583691,-0.0015892911037717185,-0.03201557372939242,-0.017126101715656455,-0.009939958749436999,0.014548493492174047,0.007801149330904439,0.0010786338209504615,-0.025479923305784986,-0.004710877200681085,-0.011840486912996379,-0.012739964747920444,-0.023772709524205363,-0.0036706263351423516
2021-03-04,-0.02798876607976724,-0.009921361913553077,-0.02590832005453258,-0.0497607223101249,-0.00436665839108881,-0.019637461531898652,0.023591130560557925,-0.011422080567804756,-0.016083701527140906,-0.02234662739310527,-0.003626909163451967,-0.0008511108339510232,-0.013536016049498806,-0.02139577518167773,-0.019432311370829413
2021-03-05,0.007516904136111424,0.012589201766804661,0.032375404022700165,0.031569726885795166,0.019808473116074265,0.02269625379521401,0.03673853917825054,0.01886550624985701,0.0233879476192733,0.018708336809612473,0.021875643550041634,0.01621658445624867,0.01983778388741011,0.006333166740945822,0.020657384839571195
2021-03-08,-0.029218330856217067,0.008190609892490248,0.007334182069686432,-0.05650816036685762,-0.012101690140312132,0.013322214603117432,0.0018868212485330118,0.012675568093084625,0.010433459713061153,-0.024492885247686197,0.004318391876174388,0.013976990145319546,-0.002480452456166839,0.0012107817441577551,0.059183155399618034
2021-03-09,0.04302989579023872,0.006298942431182258,0.004572230974253661,0.05755654153167437,0.012331403927680232,0.006139609381329662,-0.01768620159453329,-0.00912194000225731,-0.004139197138410038,0.03344844529662942,-0.000923724064979752,0.013131919278565031,0.0058372572838428114,0.03707255278736175,0.03937143216766018
2021-03-10,-0.006793442035986969,0.009544691654566307,0.006145446911865842,-0.020511880483424835,0.006261578851054599,0.01640295337069176,0.025010888079132446,0.020190909823072187,0.014674319633285896,-0.004004728953969438,0.01300799584503634,0.006826066804413521,0.002290032311480162,0.005080651394961285,0.019337199044068092
2021-03-11,0.030685940299874717,0.010685458451136864,0.009310030164222754,0.041167738973522654,0.01705703447046536,0.005366481776011142,0.00037410030550455957,-0.0029010862332079492,0.0007333653334073452,0.021149861258521897,-0.0024356719224711745,-0.0025948425271203573,0.0060524296417613565,0.015210276533409508,0.00985333835015915
2021-03-12,-0.010876315099434968,0.016533034516058292,0.010826743661620805,-0.012567412529799116,-0.0029977447300529145,0.0026723183597000843,0.002055443419344382,0.010117072538047084,0.013315565240095415,-0.007203220734642731,0.008196933492710798,0.013388322663024288,0.0021837100608527948,0.002942411225007014,0.016880816944259254
2021-03-15,0.00861291006065095,0.013662033976412165,0.005508994674153691,0.02133940506443606,0.005165472494498334,0.0011428972595245435,-0.011452209048249635,-0.005768835063099071,0.00833555134902926,0.010596941672147035,0.004374334828416361,0.01273697346461306,0.006869910604223625,0.01334257978270018,-0.010222499412601371
2021-03-16,-0.005262636753280746,-0.0021733947444734004,-0.01532457890625197,0.010878884022271749,0.006104430817122758,-0.008285227271428816,-0.028926347979466898,-0.010468101037037249,-0.014347321939851465,0.007501602138611685,0.0012033306186022767,0.0012649824931615164,-0.0006068259907730001,-0.01040861061670179,-0.020327473783854293
2021-03-17,-0.0015871266425863978,0.0004351138452284265,0.009415128438081621,0.009350112518718045,0.00355617723164817,0.008919594302696171,0.007744497693498909,0.0067006695351653125,0.011473448148965204,-0.0008224798627998423,-0.0015044225929496187,-0.0164084534968168,-0.003648637115073827,0.013952254103568916,0.008375751722262601
2021-03-18,-0.03682647061841405,-0.008847308397936116,-0.0005606088285804042,-0.040875601021514135,-0.021226275849422244,-0.005597391041159632,-0.045978443012080865,0.005213276412510286,-0.0009251317426899711,-0.028140782387988002,-0.004073242854069078,-0.0037007571871080424,-0.0020907937791719415,-0.024772273034205664,-0.02689676655744198
2021-03-19,0.009660966709430964,-0.012252187000288213,0.0020412161537938936,0.011318541365026115,0.007675345566998332,-0.004987344448914945,0.00020201489556272392,-0.011621504333343087,-0.00764158448222769,-0.0030046953379341637,0.0034706549891874174,0.002736721270670576,0.0035692254361526935,0.005965569381159212,0.012055750869745287
2021-03-22,0.014757468634808266,0.008845509820570351,-0.0004798007949326382,0.023556341410017227,0.006872824774354036,0.0006176086569964988,-0.009636194950871054,-0.012969447611698359,-0.0005616026804465185,0.0194725499929291,0.010501631614142025,-0.0014426490584966958,0.008665501966064072,0.006561402562914262,-0.008438357910831123
2021-03-23,0.0003215696463290072,0.00010989783444245396,-0.018656165695892474,-0.02535537710635932,-0.010628113898217493,-0.02106436984550524,-0.014735158005919602,-0.014074310435624762,-0.017632765807781958,-0.00623758189517263,0.004187852190660097,0.014812942055553663,-0.010166538034755429,-0.00942977961212642,-0.031935181779147254
2021-03-24,-0.027440464333536314,-0.00463365378553238,0.009452208500379486,-0.017296889553377423,-0.02429553710627874,0.007201593762278387,0.024779472719903564,0.0036125588114693384,0.00727990461308771,-0.0122071333768501,-0.0038879000698983065,0.0003194264598119275,-0.001136005946357454,-0.01489541157927564,-0.03524265690325201
2021-03-25,-0.003883101739453118,0.008234032012604735,0.017338755451915763,0.003657173163569503,-0.0023928656349861952,0.014377357472439067,0.003664296191705052,0.016686691873598534,0.015851755281151944,-0.000618142397415469,0.009691909325392723,0.010647581805078533,0.004188101208673643,0.008721222592822177,0.0301847722807875
2021-03-26,0.020538086360599624,0.021911888642281534,0.022349184361743102,0.04893509589764021,-0.006211340095552628,0.02451693164208908,0.02448930738253773,0.015540346016527158,0.01713128266000295,0.0251108703061257,0.017504381457498133,0.0033142522979570837,0.01871792176207708,0.008283943726209534,0.02256244076492583
2021-03-29,-0.008516262658200803,-0.0037810517768665608,-0.00620607460421294,-0.016145129768636624,0.004352054188993978,-0.003393812479885518,-0.011969064943961745,-0.00876645871184655,0.00020305757890911648,-0.005214378370702291,0.010011048094876641,0.010656751625656392,0.004689074153702474,-0.005495109870379066,-0.019455668666292024
2021-03-30,-0.00519880037217114,-0.0007582482145809107,0.013610347847840588,-0.004299148410592757,0.0012397421032641924,-0.00290040226383462,-0.008666674198725771,0.007019607519691227,0.004363255399086487,-0.009516260084832584,-0.010740331203852415,-0.009082485076459389,-0.009056810717493619,0.009761635663584652,0.01990632291636816
2021-03-31,0.022481518852858803,-0.004124569669528417,-0.004956047483128858,0.02831747067881481,0.006869079269694108,-0.004936562811098807,-0.0069063243473346265,-0.0076068203916323145,-0.0032450425017305573,0.0157852871699526,-0.0032154339911090388,0.007366264623250708,0.001972039492082033,0.007764895825328313,0.004719094180665161
2021-04-01,0.023561869351173267,0.01768056186267966,0.006962635525136329,0.03783010472315334,0.018594090780383106,0.008718204238802168,0.025159701998656244,0.012259634257940797,0.0033461555666041243,0.019904676101290365,-0.004842556138776613,-0.0009371486812120126,-0.0030025373317238598,0.008000496237422144,0.0033574092880005674
2021-04-05,0.011236652528992228,0.003946140128294428,0.00955199259096634,0.016507223667463045,0.017735236546207497,0.012252933815909216,-0.024140893887867654,0.007801991624594317,0.012275109044643755,0.020456412180569247,0.012716553866906868,0.010881558621354056,0.006935340481145498,0.022469839555163768,0.010667616498989117
2021-04-06,0.005641518607297735,0.002657229156231722,-0.0028293965832942385,-0.013783034297470742,0.0053264056617277145,0.002234558774405258,-0.0026508195209998158,-0.0020171388026881875,-0.0024029174321444596,-0.004275610651072767,0.00420337746293645,0.005242510064743045,-0.0038469564508900045,0.004319514868657115,0.0036410802215182643
2021-04-07,-0.0017454478329908365,0.0,-0.0034515606195495564,-0.0022894358890017744,0.005151300212141346,-0.01738533632663567,0.003464764489246055,0.004891478256051779,-0.004621717653682549,0.005287494093420761,-0.0024619881146291894,-0.0012308563459459537,-0.0022296567501444327,-0.002992764161932347,-0.00818347060695482
2021-04-08,0.018343468200861402,-0.0024444719727291057,-0.00015388803237796286,0.014243012464672185,0.003590139086678501,0.0012605622632611134,-0.013106795923127945,0.0002868427268412045,0.0024139525990133997,0.014345560535823714,0.0010143382864694487,-0.0007704572713746415,0.001544094246771899,0.004715104049532425,0.00807336516477094
2021-04-09,0.006342932622824153,-0.00010628067111489715,0.007998924298373641,-0.0023402527592370223,0.0005848368876983577,0.008657376034144664,-0.006618434137536203,0.008571802549017288,0.00969773954934172,0.009568240362120397,-0.0017396854844270184,-0.0010792548083212172,0.010911384467054634,0.00947773338276968,0.015519232923423575
2021-04-12,0.002388930933506922,0.005413029566686415,0.0038428575362742475,-0.011665633303462259,-0.0052765943227498,0.003491705172158319,-0.007916801062498134,0.004258180147983692,0.003674513182573371,-0.004808124593957628,0.005354385821953475,0.0009252152822680146,0.0010168054038626967,0.006400443275523094,0.004976424303497554
2021-04-13,0.015943214390301025,0.0060156515788223775,-0.007202818936243047,-0.001977400052506669,0.0006610694475137287,-0.0023678871923527604,0.0010454311556279646,-0.009392189632772541,-0.00486903077394479,0.009382334155220126,-0.005354385821953441,0.011798310250088312,0.0041415896840184645,0.01050321250148078,-0.007582333397055711
2021-04-14,-0.010173303798651948,-0.006121461483306261,0.0,-0.009626208835713428,-0.0070005944045465705,0.007210967371537205,0.02741025618160008,0.005986766061576911,0.001294044127746834,-0.010659084556353175,-0.0008706314547735655,0.004407460732051164,-8.432680933171283e-05,-0.009882202474183798,0.0024976661424618418
2021-04-15,0.018291688506990065,0.01752516539668643,0.0036269353224177526,0.012748679580794444,0.011762157688848056,0.011700517733233636,-0.00816500310214564,-0.0008527565767878192,0.003971247373311982,0.017028095381282027,0.007955671497466645,0.011009932825527239,0.01697864161201306,0.0071406111791629525,0.0032486177424855397
2021-04-16,-0.006958481133310602,0.001974338394711042,0.0005714863701234763,-0.0039145518196588465,-0.0015357612527214762,0.012048859493971794,-0.008025666592800755,0.0070870443419239456,0.0021774457487899433,-0.00020894886354031494,0.0057461058167624975,0.008067062795229079,0.007436160565986219,0.007701753774042365,0.002591263670320325
2021-04-19,-0.013271020232837653,0.0023852622416671056,-0.009413945250833703,-0.025072901087943588,-0.004916215548881994,-0.004607642749485013,-0.001033571524377591,-0.002828864193940436,-0.004161057211967296,-0.008339185456065648,-0.003875329001085538,-0.005071848101280917,0.0002469267400378053,-0.011293609486471172,-0.012259548139519462
2021-04-20,-0.010491066132119748,0.010406172863331647,0.007851116399845155,-0.014114524309709948,-0.008643316242997218,-0.009647836722196134,-0.026830280677227168,-0.018873910129352897,-0.011081722095550013,-0.008905756962667002,0.005449543895812011,0.012631351560420301,0.003860534515496846,-0.012674937146936429,-0.022743177914497502
2021-04-21,0.004077660744496426,0.004602186781784489,0.008849118022968042,0.026027254632365042,0.002371430969998071,0.017998946904877276,0.012666069128142679,0.013761771558789552,0.013560683393866499,0.010031123502815828,0.004993331548778634,-0.008452827803194132,0.01173608360452257,0.013237102253987129,0.01727013414898354
2021-04-22,-0.0014859246203935018,-0.004089607889380095,-0.007705523857389786,-0.0223670162431875,-0.004525561696718728,-0.017017625733461227,-0.011816668070472469,-0.01116677736101146,-0.005063659184824116,-0.011807377528001891,-0.007427447593523198,-0.007173738451174337,-0.004466251564113372,-0.011132373876604608,-0.0003292285347560825
2021-04-23,0.014516161959363536,0.006026376783327552,0.014375799996863343,0.02272824599993689,0.010650108719998526,0.016294045304130974,0.009086242051589673,0.018542929451048754,0.010890137140313684,0.014825248101987964,-0.0025837736811763325,-0.0013508157447068828,0.006570711289936371,0.010401488655982597,0.023867618844662545
2021-04-26,0.01120022466259271,0.001627947562743445,-0.003499200407541064,0.01695035378680366,0.0038184597828006084,0.005892694780458605,0.006708622605691211,0.00394926284202312,-0.002958391430532507,0.0051024414061621864,-0.0112753463383338,-0.005723967458984296,-0.003401680464024108,0.00437705289016573,-0.007316708498975455
2021-04-27,-0.004141672994418923,0.0003048131822387885,0.015112812319999084,-0.0058564084745342734,-0.0028626245953058222,-0.0026414073453493283,0.012045466794418593,0.007851692626657213,0.008261169352701766,-0.0024430378331420357,-0.0007271192601314476,-0.00773375001443078,-0.005776793320747657,-0.0011768519992197601,0.012875772809006805
2021-04-28,-0.0030499193456572267,-0.00417579020165102,-0.0015977167960892669,-0.0161226719754968,0.006666207392355958,0.002761264357896009,0.033895067732891665,0.0039027903702805737,-0.002058842396326513,-0.009338964013616814,0.000727119260131526,-0.0013709820109308864,-0.0030236890891264536,-0.0011780602288979265,0.004149067748561424
2021-04-29,-0.014183353204521229,0.008131948278485292,0.0085897763264439,0.009193470705450252,0.02259448681644709,0.006215060779099101,0.011113320361949758,0.01765106419198672,0.007041769981707449,-0.0008470592164046235,0.010556382483707763,0.009104732025361764,-0.004018633592395509,0.0002807353250626422,-0.0013812567480120735
2021-04-30,-0.008646416117264341,0.004142127929557193,-0.0043225444527678954,-0.029359056554630534,-0.010043483763445167,-0.010660888357839045,-0.02558605498525363,-0.008786644984179578,-0.006649274889926817,-0.013720551965013,0.0008623694295712788,0.007824411719990581,-0.002962757240911691,0.003864042201335753,-0.013270497948396727
2021-05-03,-0.015467918418903203,-0.0016146642278172408,0.014118293362371305,-0.011672847491995873,-0.005856601152420258,0.014822377633081214,0.027163586204137405,0.00495192703897729,0.010248560841546675,-0.002795635668437657,0.008158669737475373,-0.0001498141950720109,0.011309878610250158,-0.004762173020376111,0.020896299907511674
2021-05-04,-0.024048340797450544,-0.009129752995121842,-0.0040240665141311445,-0.012484958082590989,-0.012478692713411472,0.010856912418207425,0.0005909106080641715,0.007926889123231605,0.00436036969106782,-0.01810854709263042,-0.005145035177432091,-0.003754739007098909,0.0010586359148123895,-0.01050008182395279,-0.009327960928136089
2021-05-05,-0.0077982051362880615,-0.014576191973289517,0.0019778572247054396,0.004416895057299187,-0.005227320106486402,0.012596031865267886,0.03178551696055912,0.008134107636971115,0.0009661912224323785,-0.002415388093878243,-0.0007169463942965043,-0.01699600767391622,0.0017894795953114291,-0.003126218184345601,0.0002128186984485595
2021-05-06,-0.004912347780140503,0.005362763792437921,0.0037243436775158656,0.008192986421484999,0.006914880947453267,0.00842535006104822,0.005137769809526017,0.014744032909111275,0.006930529306200203,0.009988480092896048,0.012822792688368051,0.0076232904616088705,0.0012993276101213051,0.002160824697566603,0.0025519608940081594
2021-05-07,0.009598652579529009,0.013890155633508322,0.015622721246545405,0.014013990608273304,0.010935910076391301,0.009835401500453386,0.01768273655019179,0.005307772346791196,0.010496219408502932,0.008523726340048497,0.0,0.0030332526642177643,0.006874274317817232,0.008935260970369573,0.010879761954496761
2021-05-10,-0.023004288313163933,0.0004058007050299971,-0.0014724266435431467,-0.04534780467082114,-0.018884729834088104,-0.00444840903397083,0.0003727974607727237,-0.0007944878459511483,0.0009487470708850949,-0.025570593014670913,0.007615389191714501,0.010094203555188473,0.0012889572096038816,-0.017950990094778945,-0.01684482249612865
2021-05-11,0.010808980092525232,-0.011420599512123677,-0.014405383895067528,0.0019311035390247994,-0.003034076856658774,0.0033098069400762375,-0.026058765306172415,-0.01790768676975391,-0.014904028980622352,-0.003029932056053758,-0.008748628071089616,-0.012368246365173502,-0.010844993314951265,-0.011356159938599335,-0.009230233797257192
2021-05-12,-0.025534978712461506,-0.02502580723202937,-0.022564094952422366,-0.04211792752455914,-0.02301717358989613,-0.02550185055882578,0.004771538112060732,-0.010300720534061147,-0.02425973330833298,-0.028528404293673412,-0.013411637733923018,-0.023649787399733165,-0.00948410336060983,-0.03444341566220579,-0.05076007747616962
2021-05-13,-0.00023980578248117225,0.012123851406415939,0.021870993909713973,0.011293970461314203,0.006953334772318648,0.015194698634497433,-0.01226078316825745,0.01594833530407249,0.018564382361230425,0.01316406997928899,0.013978633416500394,0.019086264312848423,0.00899580400934435,0.007055796880638453,0.015869073415249204
2021-05-14,0.026621634075343056,0.011054257922947954,0.014343548490840371,0.03120967675712984,0.01850632476007403,0.011900812931269279,0.03056130301097487,0.01569819328163391,0.013748146152149272,0.02178269047587906,0.004381156362624379,0.004867126551024008,0.0050347452678613834,0.017190415776092257,0.04219635338924694
2021-05-17,-0.0069713506644070835,0.0009242756997144231,-0.004830692426460353,-0.011204941313457005,-0.008166324344951754,0.008720785140478783,0.02291732814901344,0.0018460319326873763,-0.0030600111332110555,-0.00738140176999658,-0.0014113664483211123,-0.008226832910599157,-0.0018646841290656424,-0.001817228672808658,0.01138867293837078
2021-05-18,0.00047011278246755095,0.0013337165068694717,-0.012362596798393573,-0.005519307326646111,-0.009662345662285158,-0.011112518403929255,-0.023478292672505174,-0.014064211483066486,-0.014665171918778539,-0.008033160499344029,-0.0031116165709935456,-0.0001529762753219856,0.00032455151268592807,-0.007834471730196156,-0.01031868840374624
2021-05-19,0.004777593222771618,-0.002771867885460476,-0.00598101491482077,0.017752399468229024,0.0006017462909171642,-0.015397210641934701,-0.02519301708792853,-0.006165531101127306,-0.005652999703501733,0.00350414976466898,-0.0032634955201363133,-0.0016843534060517603,-0.0017053237844974897,-0.008433100798550718,-0.023696167540804412
2021-05-20,0.0233222957699981,0.01226027482372873,-0.005203280788873366,0.024527513119758055,0.018113644964350122,0.0005789044290768257,-0.0015360027211093743,0.0005380386690822229,0.0022456204281873352,0.018945701114231276,0.009195733286120163,0.00869769275306,0.010428966350872437,0.010205320481986647,-0.004279455778727699
2021-05-21,-0.0034622659384404143,-0.0017278931039082376,0.0004811470734523741,-0.005067564560991995,-0.002736645894003352,0.0021963572465025106,0.002111363031391409,0.009894266199692721,0.004864195083548433,-0.0054921425143834735,0.00014080405264429085,0.0051522797922743295,0.0001609269823226883,-0.005030003212941932,0.0009894232709106313
2021-05-24,0.016319514055495365,0.01122757001558846,0.009202062316543682,0.0217214923411468,0.018058338585685507,0.008852218352497245,0.009919886499042864,0.00477851459059892,0.006191921908804005,0.0176131920211601,0.0029525589219433594,-0.0018153706075154574,0.0009644869912543777,0.009859326370607166,0.004056323086154344
2021-05-25,0.002056692877182788,0.0009049415100920563,-0.0101270627287078,0.0065521112697373134,-0.00203931615880048,-0.008505778596511013,-0.020520319580477182,-0.010114721125585795,-0.00299442592862821,0.0002889665953800297,0.00028090190646149914,-0.012187995679369118,-0.002976872014359945,0.0031668705012571114,-0.004056323086154397
2021-05-26,0.008407392568785109,0.0033106091525233975,0.008733719000004832,0.0010198343768671736,0.007191154590885988,0.0003462225130482093,0.008873358078778457,0.002938581078043587,0.0031873045779449148,-7.26054369900267e-05,-0.002107802765598852,0.00015339374155030235,-0.005818202750566767,0.00950052492795241,0.028481993639979015
2021-05-27,-0.00700126054022234,-0.003411321070870941,0.00829461065618046,0.004799875492226786,0.004116546668341661,0.007930598020622842,0.0007678690839414705,0.01140424548077385,0.013600395616885223,-0.005279196353604978,-0.0062075054603920425,-0.006766133794677397,-0.0021904067851820754,0.003994590017233446,0.009457666546950039
2021-05-28,0.00859061045589035,0.0069109863866170865,0.0018543653514698111,0.011137677362303602,-0.0011540785117112723,-0.0010310087956235065,0.001917316830322644,0.001844086794950348,0.0,0.003546994926569545,0.0021204221499512154,0.005385696316241146,0.0038909686374039017,-0.0013876215051375736,-0.012665897084056887
2021-06-01,-0.0059524658007897805,0.015646803466091718,0.0009433208160871626,-0.0014858943688098201,0.0021630804676715278,0.013884644121638399,0.03777576013659319,0.006036305408643936,0.0038925989021375293,-0.004925604454225266,-0.003395021948955354,-0.006157493974426375,-0.016560338391596808,-0.0019112902182339352,0.016149957393976688
2021-06-02,0.0016524529056705212,0.011916557764691256,-0.0082346625077356,0.0058505155418371825,0.0032347778005849402,-0.008398813648901821,0.01845642911411213,0.0015686101922782855,-0.0028466270525527777,0.006874463193637782,0.0036777126563932922,0.00523618798367477,-0.0019760784788314984,-0.004647979516880897,0.009962827019229592
2021-06-03,-0.012360646135483438,-0.001943759339212207,-0.005907680162565674,-0.01724870467418641,-0.01147734887635012,-0.00022780027135745333,0.002712097701184452,0.0023482029366228055,-0.0021882313016033388,-0.009346220402059069,0.006192591018957212,0.0059731688405165635,0.0030449082325098692,-0.011951407446234063,-0.01704932485435135
2021-06-04,0.02138631158771719,9.731991585543085e-05,-0.004500163023243679,0.022031889501999163,0.010256487078301041,0.0021634005343925903,0.0066590429162327,0.002602711620006755,0.0032330320743275565,0.019034400075735616,0.0035016741927602455,-0.0015281454235360774,0.0031994487365919005,0.007983423535054315,-0.00308302303117617
2021-06-07,0.007899860152669174,0.009777003068802467,-0.0025169126119341544,-0.005102941614276798,0.008799701152313035,-0.012246004257982515,-0.004314206714344721,-0.006519524748908081,-0.0069539595111598115,-0.0002142284861424221,-0.001679188102960361,0.001833602926475551,0.003597284014147121,0.0,0.01111778975637218
2021-06-08,0.0022809378863143086,0.0064333532813656055,0.0031452716680577548,-0.008267374596461888,-0.001069036758298856,0.001840646146902464,0.008609962944975265,-0.0026199761777881765,0.0025775187472247096,7.111264109460993e-05,-0.008438805121533327,-0.008585338245184256,-0.003106025710305472,0.008036341944275684,0.017328202217074873
2021-06-09,0.00010975304528580533,0.0021990095088644133,-0.012379618939702275,-0.003107959199066091,-0.0028562496869801823,-0.007846716399456399,-0.006270859601866168,-0.009488521459037674,-0.010254599037671492,0.000714469277766442,-0.004813997159447124,0.008890499198268127,0.009613919495040067,-0.005525264298499814,-0.0076877455742944
2021-06-10,0.0174141345803915,0.007496644355159401,-0.007660316148116638,0.012972907998608335,0.003996560704942201,-0.006042459447129225,-0.001258888090812896,-0.011721463838710955,-0.004924707904101881,0.007325143136596846,0.006225378421258392,0.0065402531896480215,0.016963984391539046,0.004713137140616457,-0.010799564470627262
2021-06-11,0.01009105445774396,-0.004966133053814272,0.010439790093896542,0.003505367411196436,0.0033421204998075535,0.0037228006073523664,-0.0034250514541840776,0.006410652475835142,0.002030847836753458,0.005933838905633717,0.0005639093453664696,0.0022716323926948016,-0.007120423384220744,0.005441554306887944,0.017140955059778876
2021-06-14,0.012287561018342075,0.004394463305207017,-0.009006387118791414,0.01342944811668862,0.0067211379884287974,-0.012384897988337815,-0.004343010515372736,-0.010437888519229067,-0.004551068928359765,0.010092224756282209,-0.0005639093453664736,0.0021154954167432183,0.0008828225436220488,0.00028851417921657455,-0.006967289102776893
2021-06-15,-0.014105007006845159,-0.01054049950744789,0.007548516216675908,-0.008669033276121138,-0.0064373846330566436,-0.0021183854096004547,0.018863441168305673,0.0018817082499925592,0.0042612456648200995,-0.006155432926057605,-0.0024006762176401603,0.0030143081392619286,0.0003206704779540702,-0.005324060784089642,-0.015352412618661783
2021-06-16,-0.005633682785316659,-0.008999158569156764,-0.010379721019860743,-0.00846530027737939,-0.007550650287335975,-0.01113622752754243,-0.005353308386390474,-0.0010750520110803644,-0.009515600409572495,-0.005416842016467527,-0.013379060750409733,-0.015163434814828756,-0.003856513424543544,0.00046400455378104295,0.0022225858428027113
2021-06-17,0.01715042870346934,0.0015540486043717813,-0.02182193529844613,0.011231826106267004,0.006698692223387967,-0.022529841138117766,-0.034586616122987725,-0.030015872696157884,-0.015534920184803253,0.011502411113952362,0.003575923742314902,0.005485329347956066,0.007618608392689638,0.003762983754338807,-0.011484337883649795
2021-06-18,0.0032476064371982456,-0.015945603858351386,-0.013066715207918982,-0.025785548390911368,-0.01042402940515856,-0.01633827403103738,-0.03008303464507215,-0.024394958823813036,-0.013065333558727245,-0.009177329488431621,-0.017862962435398,-0.02632749720114265,-0.011490052110479269,-0.005272040269015895,-0.018349101124906907
2021-06-21,0.0038410805249211744,0.020109838136877858,0.018692066299914226,0.0026288813092347754,0.010121547148582424,0.020548265861986104,0.04173152009378998,0.02307135220280484,0.02175627567327869,0.010660114003181394,0.011404346167364307,0.012871750769447344,0.011943604614247627,0.007678351857012843,0.020737007799308167
2021-06-22,0.010890216093627024,-0.00484369727267934,0.0017659419950738935,0.006522057620055815,0.009138828528921119,0.004013487224312022,0.006636139199044226,0.0016696496421500272,0.001083368549205709,0.009027513816381064,0.0014450386047653464,-0.006071518055529324,0.002162227468824313,0.009365314269107113,0.018838325471246573
2021-06-23,0.0,-0.0026257189277193406,-0.0014203047562383602,0.005043500331736333,0.0019729996431363597,-0.006453508699292758,0.0027518217311151985,0.001944120157320625,-0.0022664548523167734,-0.0011063469955008612,-0.006229660405057555,-0.010675193742699438,-0.004168476913963493,0.007690928735628708,0.009599444663180362
2021-06-24,0.008869573099421208,-0.0033158053167621783,0.0052480611582770295,0.016198039761495895,0.009665533193774101,0.003171205705963018,0.008574416656727733,0.012408762101832406,0.007763873622661147,0.006278026328254245,0.004929238418794239,-0.0009474947496187027,0.005127778082086139,0.0033992855231474257,0.007964208879167706
2021-06-25,0.0004634073959730264,0.008463278228222994,-0.0012233998427490134,-0.003936217115602303,0.0027149374813189684,0.00012181207742985946,0.005254177492789162,0.011985947806725896,0.0019558850977392265,-0.0011697121492255816,0.007634968415733726,0.010685465947500594,0.004544908884411962,0.006314177084249122,0.004829992928829792
2021-06-28,0.012072578092586491,-0.003979542266956051,-0.008566782679952662,0.023966067972997263,0.007203744842901358,0.0,-0.03437534328272025,-0.007337795564417738,-0.00529008148694738,0.010411519140714852,0.0008605433550971541,0.006387691801446518,0.0015105435933544182,0.00022516548532085194,-0.0065829805464568585
2021-06-29,0.004565994372606167,-0.0029222199456488294,-0.00011593127101410417,0.008664558400338526,-0.005189861007454537,-0.000487235129203014,-0.004874412376385132,-0.003552771031394064,-0.00196643106452371,0.007265108294026192,-0.004454714263935917,-0.016283458502595202,0.0011113640443558372,0.002469121664790982,-0.003929399530828444
2021-06-30,-0.01296553215594955,-0.005673350893946188,0.0030822109325731543,0.0010683874523422959,-0.0022226866763254624,0.0026762993831134846,0.012327619488150534,0.004370582431801931,0.007744846600900196,-0.0010829296879375332,0.007747588550761384,-0.00189604820395841,-0.000635082088083347,0.0007843609052468217,0.007329121800472399
2021-07-01,0.0005894709590754727,0.003916147220150582,0.013298049024375452,-0.014867510348644702,0.005754574499987352,0.0054523954102797725,0.017298890668549453,0.007872975278467411,0.007103560191045391,0.0016916228464129042,-0.0030057158661597624,0.010853506362065994,0.008853228625338914,0.005640675033679678,0.009723354114526205
2021-07-02,0.013008409851602686,0.0033167891861514624,-0.0027751660645351723,0.005519566170079289,0.005377924124386953,0.0014488707212167466,-0.0021921700923119548,-0.0010821566255037633,0.0015503290346843125,0.013097548279129456,0.0024339064260329867,0.0015630605772578253,0.00955523568247722,0.008760909821233561,-0.00531046525794099
2021-07-06,0.010616826147692859,0.007567747400010861,-0.01086918964908566,-0.00030803792137075204,-0.002547329360217754,-0.014951851124919494,-0.03308813441525228,-0.015825679103246913,-0.009630635447622212,0.003795994471478013,-0.004155611990689139,0.004208525427556612,-0.0009357250985986204,0.0011588551046282528,-0.017248059970081865
2021-07-07,0.00022530142753121853,0.0036659451070125276,0.005334578961922041,-0.013958140564112981,-0.007334230576796914,0.01035643866550439,-0.01638778073461584,0.001374072788419991,0.009920950487558982,0.005436504662637515,0.005299027593560663,0.006511698065546525,0.00629971355653847,-0.0005517683378230066,-0.013107693641945698
2021-07-08,-0.009148889861372822,0.0003852700328378964,-0.03303615115517927,-0.013482547659933583,-0.009279066107980391,-0.013668950445709984,-0.005780249066050204,-0.020252994378490666,-0.014035265343678554,-0.009499358013976349,-0.0037207979601026502,-0.0029406081170329956,-0.005519892552067195,-0.0024856787860563427,-0.0047611302108178395
2021-07-09,0.006317575599481124,0.014526437880770402,0.0249271665754321,0.01691267943486851,0.010112082544779839,0.0194700525210734,0.0210331842406702,0.028458806525444504,0.015679348957024934,0.00916870862289016,0.005718357396657863,0.0012392802814708765,0.0034244158729101223,0.009303955432428856,0.03716260570561972
2021-07-12,-0.007201631403746877,0.00727876778996061,-0.002047254311592508,0.013027470647202692,0.005052436069558071,0.003248542821281058,-0.0015147891818645873,0.009758977301759583,0.001351863987911709,0.0007934795129266567,-0.001569161718013948,0.0032455250030536398,0.0019404066786003482,0.006826167967571464,0.0021437735669970603
2021-07-13,-0.0005309246357862288,-0.014515774649890251,-0.009518609424969854,-0.002152986397785961,-0.005677244662961479,-0.009171114112740575,-0.00760890407716998,-0.010849436536495314,-0.009696369812106483,0.004088793577616177,-0.0002857633126950336,-0.007589091124866404,-0.0009310531873847669,-0.012045556540006592,-0.016449427768426877
2021-07-14,-0.007181363058868819,0.008090200235149371,0.0010927131952590615,-0.0021963343058912232,-0.004592629660590024,-0.00206285352912053,-0.030240527072933086,-0.0046465426885841125,-9.741287254028138e-05,0.007344240710636714,0.008815707685584434,0.008668550969835176,-0.0009316648896174383,-0.0018196281407098502,-0.012727112936271164
2021-07-15,-0.01224811196029092,0.0025566076579949036,0.0003506094439993664,-0.02780944858251871,-0.005876634636715945,0.00012121034816833843,-0.014072462874480102,0.0032822188607528864,0.0019467760742251713,-0.008265918583744382,0.004097026495318893,0.011188816278063361,-0.003502104474508408,-0.005422660311600886,-0.01587340238584339
2021-07-16,0.002111772586104149,0.00018878939286399912,-0.014132198020088835,-0.02116395429793252,-0.007959323496856689,-0.015175648429163534,-0.028752775700304375,-0.013747864980925619,-0.008889712892518008,-0.009930845550490161,0.0015497920517939165,0.010008987696178083,0.002724690561756058,-0.012394352171126426,-0.015046068863046077
2021-07-19,-0.004719017021806993,-0.017643960634512196,-0.01682443390445581,-0.00020261302052932589,-0.014245618602367236,-0.02169121861378865,-0.03597200523452604,-0.02836047253871154,-0.021122479655722934,-0.013868007820940276,-0.0029605592617777655,-0.01597084814673503,-0.01055130803772945,-0.011526040103232105,-0.00968374940679083
2021-07-20,0.018921786997518855,0.022265466630712594,0.020494405256642135,0.012162382351392647,0.015234999080341382,0.0112784138836393,0.013326772126056072,0.024477196697863766,0.02757780961835463,0.014732402882443863,0.00028225168927347436,0.004284024736039324,0.012105340135085744,0.018300569348717797,0.03364992825802493
2021-07-21,0.007605627206263861,-0.0016008350796649499,0.012020352821303523,0.02833548360606241,0.00893251122938181,0.010905943530258044,0.03428640046597874,0.01708488967738597,0.00950918756724787,0.009592929903578816,-0.0025436883429852428,-0.011053374417407797,0.001628675884943822,0.009164354343011674,0.018228249167671625
2021-07-22,0.012656532294272067,-0.007473674718593488,0.0008169245401526207,-0.006049427613579712,0.0007001611397378978,0.0003697462781137974,-0.011230239315918504,-0.010988958245738922,-0.0036764030565964675,0.007347546766414934,-0.001699822942134377,0.0015423938538619037,0.007335747101102707,0.004303331748638164,-0.01106517138712352
2021-07-23,0.013136190477285835,0.008886428601338694,0.002408069547282178,0.007254860689977287,0.026992304813965116,0.006998712018601342,-0.0037030410703132446,0.001655941720181728,0.0042556500406406,0.009885278376703398,0.011976284423114597,0.012711712911195067,0.011474051941967949,0.008878677766856394,0.008778416519135709
2021-07-26,-0.002628239642624951,-0.00065884722800565,0.0015892819897257186,-0.0011277219730755426,0.006720127466842805,0.008406829478264639,0.024431346408776467,0.005774751216700002,-0.0004827881907577516,-0.0005176870016593904,0.001679241099753458,0.0003045023123669469,-0.006485584456581821,0.007393443343270213,0.003946128949360958
2021-07-27,-0.013420231815366114,0.007318879475589725,-0.02553836521560574,-0.01782183494764884,-0.012320763214869268,0.0013337381874419546,-0.009294958869818218,-0.00027421162624471234,-0.005519191494901979,-0.009498221833712114,0.0020951992729107733,0.017045469805895684,0.004658663225990796,-0.010180019059079993,-0.01335437948467645
2021-07-28,0.007796763830248538,-0.004779432735500002,-0.004619780437701527,0.017705143638708908,0.008253632820048557,0.0029037037521836106,0.009093731032073503,-0.001372301004897471,-0.0023330604686254263,-0.0012429286045848858,-0.00882890593815504,-0.007657107669708141,0.003574841908735736,-0.003233468051836951,0.0006298340161798785
2021-07-29,0.0011371425450264875,0.0,0.004897908514393972,0.018581879181773297,-0.010996924455974173,0.010934365101774072,0.009609566655472617,0.010926037198198122,0.00785225196352747,0.004635745531442117,0.0049144064855200925,0.0027090994494698315,0.0024267451574617547,0.01119037762839123,0.008466472798036669
2021-07-30,-0.003911240075720574,0.0025333375799920827,-0.004538600387445492,0.005067270380331008,-0.006338809669334045,0.004054812712039637,-0.016067847643360614,-0.00790936615293229,-0.0019330899436283294,-0.0006515039783686694,0.0016796574786211587,-0.008453052170574609,0.0009084431769316371,-0.02078810586746852,-0.008466472798036594
2021-08-02,0.0002727801608946125,-0.00225155649156898,-0.004038358838117889,0.007043529708158091,-0.0029767573906539315,-0.01221399739728041,-0.007519682846106064,0.00027353418479575804,-0.0068927394068061965,-0.0035917070753317807,-0.00420414186344755,0.007701179434509875,0.0013609947663524476,0.0028778481779675414,-0.00020978538289283545
2021-08-03,0.0005949759184740535,0.0019703283772998107,0.011353865805746885,0.009015744226885622,-0.0042377041852830356,0.010307845169341016,0.016990862268693577,0.011161401084765486,0.012969515826469007,0.006391052248466081,0.004483891277982568,0.00569988095630289,0.013809099166786565,0.007378292117159603,0.009612396664205576
2021-08-04,0.010476959903992758,-0.003944627780887154,-0.019722600904119765,0.010860835732423116,0.0006263929230581309,-0.0095852421539595,-0.027449128517095665,-0.008427337165272192,-0.013651872455577026,0.0020132824619026784,-0.013086832694374401,-0.0014971446788350372,-0.004257689494977917,-0.00975715555383849,-0.02794222252403259
2021-08-05,0.009008357946355898,0.010018471689211042,0.012127636057179968,-0.0011105169084102997,0.011551964092847457,-0.0014458297506607346,0.011274071533533577,0.013018772115770964,0.004668396620983615,0.005499280625239222,0.004804072699375122,0.010875572002692813,-0.0041249497554491955,0.009537674985367367,0.012010668418985446
2021-08-06,-0.004652806260003183,-0.0024252412568436686,0.007238404077089871,-0.0053844647432909395,-0.00296144280240178,0.014364382847177282,0.00913072660745239,0.02000869213016718,0.004646545382920877,-0.0008392590684232424,0.0,-0.0005929474303164175,-0.0008272587702227612,-0.006827287826778415,0.003585682135059268
2021-08-09,0.000512689972523118,-0.005431094074429686,-0.00839663137230308,-0.0030203114146950512,-0.0017260825343542315,-0.0011889577152943676,-0.014239485568592681,0.00263792540061369,-0.003967604520467974,-0.003233797957688053,0.003658314481990939,-0.0002966709536177989,0.0038288581316260587,-0.0013818843090250017,-0.0008425747605224314
2021-08-10,-0.012178244217704968,-0.010097808641032819,0.012825037934396034,-0.012892819186502032,-0.0010369483300872939,0.014998782573894488,0.01746578392186301,0.010482120602250025,0.010129891749906082,-0.007217007004654269,0.007137348469532744,0.0010378003223806614,-0.002325535522259373,0.003919950515253018,0.023224363124840386
2021-08-11,-0.0025476732619833966,0.0056748955202727755,0.01616269249717724,-0.0026516499573934356,0.0009676967550987142,0.013968390652995651,0.007821493846586088,0.011405181670357152,0.012874993713043497,0.00013040035456813822,0.003341545651267831,0.009290112698000938,-0.009963975718186031,0.002916484585555662,0.003904114574010326
2021-08-12,0.009833162223905002,0.0038593774135646766,0.0006595102795837143,-0.010984599469664496,0.002553593483855935,-0.0016196566630388104,-0.0009995228401535315,0.0018023406478991219,-0.001896657853157273,0.005725157559470752,-0.0005562496381378419,0.0010267550226742965,0.007858653501248212,0.00043942861737792223,-0.007927058150443337
2021-08-13,0.002669571109153177,0.005714427782993897,-0.0012811362040031668,0.006498645683708482,-0.0016558002934303061,0.0009255896559658831,-0.011867922718835962,-0.007488832981070725,-0.003138235287748571,0.005434506116726537,0.008309104531310833,0.007013521598503452,0.006227921211017837,-0.002859874811945769,-0.011330099429395942
2021-08-16,-0.007241368502796291,-0.0013086753420498123,0.002095431481670927,-0.004314956149746798,0.0003454566207644164,-0.004986440637498565,-0.01858514478185288,-0.0025954781317733835,0.0034228504384494485,0.0045061674202490215,0.005775434392097318,0.0060966107617525895,0.011305269277323638,-0.004637415231574669,0.0005224780061343861
2021-08-17,-0.006971661328873153,9.366616265098817e-05,-0.010481626233992462,-0.019124099510282138,-0.008804156074877912,-0.011575402673326721,-0.010360686648635115,-0.007041290947006062,-0.010879031544203131,-0.008320418283402187,0.0005485314121984021,0.0005788566051604981,0.011763672701129381,-0.024024738146906657,-0.029045770711769562
2021-08-18,-0.004525351540737464,-0.00977456468697021,-0.007746667101013736,-0.012995032576231844,-0.006636519029522707,-0.011711262908991929,-0.02104888108577394,-0.012376404113071775,-0.01099860818422154,-0.013891234948117002,-0.01254928263257848,-0.005075127752923911,-0.015320217082156707,0.00356463533552658,-0.00442000218995978
2021-08-19,0.0069784341275975215,0.0054629725925194545,-0.010675859733354024,0.008734312766305588,-0.0027373106493152463,-0.008964393887426569,-0.026294772838797505,-0.0074471845426650925,-0.0070094274201416805,0.009737543219283433,0.008016659961274318,0.004062020327069763,0.004517580774014093,-0.006402393612726876,0.0022662986279196762
2021-08-20,0.012028938352044046,0.005059315914379876,0.003584542992325993,0.004299794284683835,0.010765438069935926,0.005865650367677365,0.0021816899890819918,0.006121018065297073,0.002634446251846192,0.012795326822064971,0.0016505396543465575,0.01237445279400261,0.005673559392509732,0.00956018717543146,0.016251887647049882
2021-08-23,0.016105418812472634,-0.0022452547968911125,0.009063179708699206,0.028340986151462622,0.014427629907020045,0.008557493827065209,0.03679559810596113,0.00819162363399277,0.008151369109252802,0.012823573415689524,-0.0031661100959692687,-0.012953513349383123,0.00036702894597995126,0.012810270292050835,0.010129838567918607
2021-08-24,0.006571128379075147,-0.004506095726444198,0.002243022282919451,0.0006821291610526731,0.005808524471275245,0.006252512601675837,0.016457017605683175,0.0060341875718555316,0.005012943999114754,-0.0011420546329201223,-0.007611898573202153,-0.006540484486697789,-0.0035316251852443997,0.007034435317236039,0.02098548016418151
2021-08-25,0.0022444222280136256,-9.439255093141084e-05,0.006425896774489668,0.010815418964578338,0.002653971331028577,0.004575809823944346,0.007615548339121594,0.01170239470003163,0.006422455630974701,-0.0005712655978291794,-0.001668380166014157,0.001894093614697459,-0.0027309491472485396,0.0038559162455649417,-0.0011314630012929118
2021-08-26,-0.004445998858984096,-0.001223851338496563,-0.007015678184572952,0.0015356223512077512,-0.008599764139533346,-0.006930701093990161,-0.015289633196784969,-0.0049239869879510074,-0.004405041926882801,-0.006306262913757287,-0.004602797453117934,-0.0024774213012739984,-0.003924501391669992,-0.009279740342756929,-0.018070948790622262
2021-08-27,0.015215515838185005,0.009657136510378575,0.009200727622261642,0.01791431572068832,0.01618221037969849,0.013116277830097963,0.02630116767810993,0.01316277643067951,0.006886155529400717,0.009603292352122074,0.0034888952347382836,-0.0002917593436887817,-0.0011132652753429765,0.0090599394776158,0.00803719257109185
2021-08-30,0.0045903247642526705,0.01030428669660561,-0.00806071264090159,0.0031561340438392834,0.00725776299074549,-0.0010475807028716927,-0.011832192671730137,-0.01420267220291754,-0.001144509053347003,0.01070174871231577,0.004447823732667474,0.0014584598930617774,0.005629112856085181,0.007505937438233165,0.0017658300783855903
2021-08-31,-0.00614859869762622,0.004699164036705248,-0.005831654786741013,-0.007614007144434185,0.003609169937006825,-0.002915608783981287,-0.006794890148716544,-0.0013014462366630515,-0.0027709634250072395,-0.005273804141909052,0.0022168740901298482,-0.0011667005493729214,-0.0013303965880555886,0.0023984139962958647,-0.004055574661184557
2021-09-01,0.0034206542473149072,0.01785554542022234,0.0038258278843097443,-0.0015521850712515112,0.005123886387890714,-0.002573494131299006,-0.014778192541195955,-0.005745463779513217,-0.003834756822707709,0.00025177469922773693,0.005245053576421572,0.013045646664388514,0.00029584405110735237,-5.435130829209053e-05,0.007371139944520178
2021-09-02,-0.0009896659429181707,0.004414957480565999,0.009988575231126905,0.00243801772214052,-0.0033242278778068055,0.006420676308389489,0.025055727310183795,0.0033990598658542232,0.01070032208871722,-0.0010702811610422336,0.003847029952886546,0.00903167266421332,0.010663917044226187,-5.444067864157894e-05,-0.007371139944520142
2021-09-03,0.009315334028416583,0.00026949415505771743,-0.010264206562746144,0.008156418501528966,-0.0011327723037824235,-0.006654914375446459,-0.0057425129711637475,-0.006284272688128401,-0.006100532342291982,0.003960845283056319,-0.0012346352910644922,-0.008311774933440007,0.0010963565299003588,-0.000599043156713357,-0.003444176274823069
2021-09-07,-0.010754338861422455,-0.011206611028519204,-0.005052928330117247,-0.0020511551559549814,0.003460848990704744,-0.00658114066702942,-0.005982277063635928,-0.006059951392171026,-0.017457067837761023,0.0002511834177347617,-0.011601192764149984,-0.013327807904185869,-0.0058629094261165,0.002938009873356237,-0.013050209175519441
2021-09-08,-0.006370822934505513,0.005528651320954814,-0.003846436098500185,-0.013287852067306623,-0.00599772902070909,-0.009596746137740867,-0.012911766247803028,-0.002381499323973892,0.0013612758990235745,-0.003834479855410169,0.008575915787445449,0.017778822900668536,-0.0004407950793644672,0.0011401366159047442,-0.01129241662481295
2021-09-09,-0.0016882510285010062,-0.01962367465576443,-0.010142778531131628,0.004115805688210419,-0.0032806046388924068,0.00035731530028764103,0.002094173870178038,0.002909854738074859,-0.004870037815097942,-0.0037856193344103428,-0.005801198241076659,-0.005459143929511077,-0.011612435383633993,-0.0013030085774772815,0.009702033628311369
2021-09-10,-0.006158931269638687,-0.013362070163973566,-0.004747027705352345,0.007520602213915349,-0.006998684763373083,-0.00023822931307095792,-0.0004183890107413602,-0.0074230523215655705,-0.004501440296738451,-0.009910491156782036,-0.004303742447724699,-0.01407119648127369,-0.009192383672591743,-0.006159592319745553,-0.014965560114628235
2021-09-13,-0.012699747665228106,0.004008799111046302,0.00466686798983041,0.007464235366991373,0.0031691203769388613,-0.0002381861575947992,0.028263579622053267,0.01137717191132765,0.002644607103931609,0.0003193903933269025,0.0025011630424091524,-0.001754655187916943,-0.006176015443395401,0.002457607826581147,-0.003776493062674358
2021-09-14,0.002228630517636975,-0.0025150803494904833,-0.013659651481026795,0.0006559688845433848,-0.011033272023306308,-0.011013902588384469,-0.014548057622476334,-0.013508267396869836,-0.012104741311412535,-0.0012774662372765212,-0.004590174616021233,-0.00337182706038357,-0.00015091168891325312,-0.0033322813716449334,-0.009231865135631543
2021-09-15,0.009752404993212274,0.0037240033951885113,0.007782224471288335,0.0034911758738921206,0.0062420323859409465,0.010537659917105688,0.03667738590853339,0.00955414780710767,0.010930018323311174,0.008717034278251627,0.0036180364749679255,-0.00132253416994191,0.006477196272040902,0.006436093855404188,0.013977401047802025
2021-09-16,0.006115731981432994,0.0018566139819739965,0.003948936604444979,0.001451124036939685,-0.0004055072671524514,-0.010898802112533475,-0.011405526342744518,-0.0029098547380748477,-0.006878667300133637,0.0005699268684670778,-0.003339144890033419,-0.0084163696089923,-0.002555605689605863,0.00455691307406528,0.013996517265132145
2021-09-17,-0.006690964076917708,-0.009506074855556589,-0.011120903942967646,-0.017774644002294115,-0.008085362150182433,-0.020807338996680948,-0.007474294193096049,-0.004513197583490725,-0.010707155441727833,-0.015697970447258933,-0.0054504055124175756,-0.01554128027406239,0.0009778910183644188,-0.0035242449272111158,0.0013784896396293917
2021-09-20,-0.01778012522220753,-0.005257568689287878,-0.007715254080305997,-0.024655926062973448,-0.021722756802260275,-0.019403010079044866,-0.031012694864978704,-0.023470864336588553,-0.011535484368888481,-0.018382424426231635,-0.010033713079528894,-0.0018377939139093118,-0.010490272795492476,-0.023083757298843748,-0.0175862970126117
2021-09-21,0.0019505265473450687,0.0,0.006005897278859128,0.002115947189450975,-0.0014651525539805432,-0.002395070947922953,0.002325793004963574,-0.0013690080639678717,-0.005273792827954219,0.00039362489859221206,-0.0011400136396587282,-0.00274014146675268,0.0015239155012442042,0.0015017724818525246,-0.0021634434266160074
2021-09-22,0.009214110824589741,0.009742435153621581,-0.00057056713966171,0.017879575991173142,0.0034847870742161346,0.010296441276619299,0.03036826288072269,0.01657422646021363,0.007900254675654889,0.013617296596445947,0.002848059157676022,-0.0006100524955020276,0.0016735168321148199,0.013526206286277872,0.01994044648074446
2021-09-23,0.016065487403083428,-0.003455235960959658,0.014847446985962224,0.012489510446270889,0.008797446700877707,0.014140547238978314,0.03443411996626697,0.02422591473520085,0.015218742755248739,0.013306462989394434,0.0036898133811251637,-0.005352838269527236,0.007194425448543521,0.01009349304249624,0.01150363214722684
2021-09-24,0.003201198710611211,-0.011509541508597038,0.008991114406320442,-0.0027130884681207126,0.007009668526864103,-0.0014788967443720227,0.007493593781489191,0.005246808829514808,0.0020844456214532377,0.0007022922896295259,0.0004249852438794442,-0.001073974330195536,-0.0040830550469633025,0.003738799367423826,-0.0035739589879211064
2021-09-27,-0.016952315255724666,-0.013661660084748287,0.0035042436702435566,-0.00356732689975434,-0.0013019028099670671,0.007740867402547842,0.03494208403052258,0.013513714817789018,0.0009909986325523864,-0.00974686714860497,-0.0045417810353927885,-0.011891223337946384,-0.0143469896998925,0.005340072505566626,0.017329980748574093
2021-09-28,-0.03693863114524442,-0.007143449527853202,-0.010830536058546125,-0.041103106793717474,-0.027671468381581507,-0.012439125896138702,0.0034094062923647173,-0.01665849548297295,-0.011657648992732755,-0.030089360090514678,-0.01187674449470375,-0.012663226624633308,-0.017289238331566578,-0.019446794756196525,-0.01943846006142124
2021-09-29,-0.0023013276355549426,0.007624497508614926,-0.006530683696281574,-0.015201904295788006,-0.002476615079938652,-0.004098330881293441,0.0,0.0007869874895925747,0.0011021205563853836,-0.0012623399801226383,0.00902808016817235,0.012973972304347216,0.007867623755687541,0.0009871784024138835,0.0006330367111405787
2021-09-30,-0.0004007180485163106,-0.015698079871507422,-0.016597978641566345,-0.0011309591676866193,-0.002625231538737782,-0.015677117476713864,-0.015241452171950911,-0.015860843794746136,-0.020736196918153493,-0.0072065772977034145,-0.018137972805161294,-0.00795197412639432,-0.012335306068279959,-0.016798847800826536,-0.04862149566124411
2021-10-01,0.014624106235314184,0.013965885868446291,0.021480049074061792,0.0008580269098382775,0.017324625154976986,0.01580147135140197,0.03304360766479492,0.016385302510947608,0.013602780752985207,0.014955789788494956,0.002611190252698577,0.0,0.00023576838602167195,0.0074949198579116255,0.009476806614917942
2021-10-04,-0.030483186957550625,-0.002024637266938102,-0.003992622933799403,-0.02638890017854209,-0.020383594876514206,-0.004364223601062436,0.0162126762230391,-0.008687630045591128,-0.005459419243761262,-0.023430042256609846,-0.003192472065034927,0.013681698066917299,-0.015353376021775137,-0.007941183927261444,-0.008923185023265352
2021-10-05,0.01688573670107188,-0.005710059092073352,0.01260872737908115,0.013952848109485086,0.012955331397104518,0.008833696840811542,0.005830981355661335,0.019377360829148395,0.011089933212278334,0.014150178156078013,0.0050745317610679155,-0.002473760249508374,0.0059636076974970975,0.0040062338212284295,-0.0012181175112675668
2021-10-06,0.006137994289137487,0.009851314181948992,0.008423634579741419,0.003034946023223268,0.0031602942001931317,-0.0018601559098518129,-0.010593755736032563,0.0010367407258176449,0.004401993305691509,0.00650474772552809,0.009642356580047248,0.015361379062442447,-0.0018250182293317733,0.0031603715671063705,-0.007004454886868311
2021-10-07,0.01250823202194721,0.0018241008659951607,-0.0014254566163949222,0.012359841777882755,0.007613498714133508,0.012946551335596097,0.007682678674893822,0.005940968755337165,0.007755629060632745,0.009088566214704625,0.004429953855626257,-0.005349699039409504,0.013176206337490061,0.015434243630351875,0.021632198142421365
2021-10-08,-0.0072734215641387726,-0.008768023885480333,0.005295652625531861,-0.009765682333725878,-0.00775391384519367,-0.0055278342711087385,0.030329588302898437,0.004881251385842656,-9.919173332556522e-05,-0.0037438049092641886,-0.0011412534208032103,-0.007383504316574947,-0.005029201241976271,-0.004588923019523135,-0.00822228218306146
2021-10-11,-0.0024279494233329603,0.002706114773431371,-0.009823136033426674,-0.005984459130437944,-0.013697674021678872,0.00012309785018349838,-0.0037190521009952656,-0.010045315919893237,-0.008056190129552387,-0.0055433386353971065,-0.000285731708827185,-0.013679844823112176,-0.007829580944835738,-0.004060334564510141,-0.020126403483469224
2021-10-12,0.011345835880705119,0.01351690809323733,0.0014320484061460877,-0.010160859998214181,-0.006705358340995606,0.0013540022032545438,0.00088666059343951,-0.0031112449444219573,-0.003300588657382322,-0.005174483751221769,0.0004282603299379069,0.006707978757957162,-0.004854811181727775,0.007885696300044511,0.008611872937935517
2021-10-13,0.020247949929612152,0.007021768966806356,-0.0006363195722462783,0.00850095414704486,0.005923086355642024,0.007475066835719963,-0.0008866605934395212,-0.005729140236118337,0.002101597490809228,0.006100562298170304,0.0018540863881439486,0.011593075334669922,0.001594236901582327,0.0048971141237802145,0.006216469001714548
2021-10-14,0.015643182077131612,0.013430534753755784,0.020821481811317565,0.029580637659269014,0.015391395659512962,0.024004423384579643,0.01216825040297946,0.016576515952154553,0.01871991770806261,0.022293764346300333,0.0111923730976194,0.012219296200522726,0.014236384878543127,0.010421557577139653,0.015265717358402967
2021-10-15,0.0025521758996744585,-0.00018668324129905882,0.013503121783312973,0.00833698359650503,-0.0016129232919467574,0.002975619970413807,0.004896296471424541,0.014788542353943999,0.009570427368339839,0.007985002412318318,-0.002397975212798811,-0.0028886453720718334,0.0049351943304142,0.015193430202254438,-0.0008723060246702163
2021-10-18,0.011077746979734073,0.00232999832180153,0.0008450426003698703,0.007852294081236924,0.00524943227934083,-0.0007135126105862764,0.000697283265148758,0.00025300012105979416,0.0006800985053641903,0.008430720968172803,-0.005949197604436393,-0.00963801415862131,-0.006821782770207921,0.012147717449324913,0.019017215686566995
2021-10-19,0.008853364413429987,0.002231660893177219,-0.0020757026584265438,0.011384061102854271,0.00792646956862875,0.005219027083959383,0.011266232367789808,0.009820096872988076,0.005907437748887938,0.009872917716539508,0.00042619251401856706,0.012526659530693153,0.01305390017600889,-0.0028266205653232654,-0.004827685112866679
2021-10-20,-0.001829299185314604,0.014752409301397004,0.00694040119360752,-0.00441804933670864,0.00283556715551437,0.008012072176991004,0.00806801881733871,0.007985868354257696,0.006256056266882921,-0.0027747475593290737,0.005805286441257334,0.015665661328579987,0.014187847222691657,-0.0007339612684296394,0.003971158983557378
2021-10-21,0.010238125189439921,0.001554681475272421,0.01211603866076041,0.011342588518603288,0.0017939696942979326,-0.00258503916029108,-0.018637219228668317,-0.004234437943114971,0.002012916181679878,0.003844933413860879,-0.0012711066261590273,0.0,0.004049688104755587,0.014580459928040879,0.017310719005308402
2021-10-22,-0.0062134247946223084,0.005377081799631448,0.007596847991552858,-0.008869081027033666,-0.024706430827085932,-0.0018844405636209893,0.009361988500073385,0.0138822625942837,0.0035369274800488293,-0.0034659464414895608,0.007744695364200422,0.005068426640721667,0.0040332295796327656,-0.003573360871054346,-0.005278224415154177
2021-10-25,0.00499676712119852,0.0031763243550972857,0.0046348418888363255,0.0050404917639749755,0.0030340666878952713,0.009970162743254251,0.014561332014514013,-0.0012319565098245068,0.0022874407464408032,0.0032770271581074135,-0.0007020504592066788,-0.004321706442052008,0.0012144183516333321,0.024496333444864443,0.015751736844966606
2021-10-26,-0.002529832952951607,0.0029852256372610805,0.012415605559068796,0.005681902489425381,-0.007424775647447749,0.0027973895915018522,0.005765586822540934,0.0007392950163876959,-0.006207457380109803,0.0028276699977852486,0.0035034107707258184,0.0053620018115347065,0.004918631061469827,0.00015183567799435834,-0.020100993817666845
2021-10-27,-0.008765558744727378,-0.009165567458397915,-0.013721921291482345,-0.008478973238161045,-0.003341292271309495,-0.014419121565028562,-0.029166530170741917,-0.01663975126195348,-0.011755796335432974,-0.0008786778714954313,-0.005892322636841409,-0.006707153828182973,-0.007957602828303208,0.0022246788032956643,-0.02322937791411541
2021-10-28,0.011915290865650454,0.011511826779068401,0.013611319360535197,0.018867703756347203,0.006671796886190513,0.009869430141022721,0.007112535221531921,0.01219637323764057,0.012426203975344986,0.009997297981137417,0.003511353730547668,0.006558587883907791,0.008334663506986908,0.013195535438265139,0.017579654277282097
2021-10-29,0.007819814878564927,-0.010145224141572868,-0.002618736569207739,0.0028545238242940582,0.002895827490097327,-0.004805076257258293,-0.006590430790584781,-0.0039662443816089795,0.00028700106598827674,0.0042806497844885705,-0.0009817511354386595,-0.005960156065929122,0.009686904365308474,0.002588313107194691,0.007985718758422125
2021-11-01,-0.002211701846960119,0.0018192625915083654,0.003943849330370489,0.011409579956434884,0.0027469635542108736,0.0023469578922497036,0.01707966367617582,0.0004968210270909462,0.002771562776316913,-0.0014867079795885978,0.001542740797317473,0.0035802245140873074,-0.0011963480319159498,0.01817847204490301,0.022027291760725296
2021-11-02,0.002143485730106986,0.0038998808466080845,0.007842046881114147,0.010959344796012403,0.0008436172403468238,0.011304613821841695,-0.00945253631200471,0.0024793871848430766,0.0033348025424295314,0.008765542934216003,0.006703675046721497,0.0008933822066762155,0.006264782726412075,-0.0067597354978021175,0.006617849455599116
2021-11-03,-0.002462979031086936,0.0019895991387606305,0.010673746446263899,0.009850254513296295,0.006305327625005923,0.01037613427430042,-0.008323353251995017,0.0037079488929241807,-0.002190092611199299,0.0058215667865309925,0.009283216057512894,-0.00372688652209386,0.005856548950659891,0.017828809324652636,0.03762189775470136
2021-11-04,0.010132358163765698,-0.00880184387727092,-0.004161292100153974,0.04056708526330389,-0.0006286125735763134,-0.000573550811372526,0.0013920454319334844,-0.01316301959985355,0.003995692138171745,0.015521238508259934,0.0009649955652752907,-0.005541145808548834,-0.006897957676955904,0.013380380817403037,-0.000992732578134359
2021-11-05,-0.0077149170669155625,0.004728244744904879,0.00895258669785702,0.007784728594652603,0.010219915807608077,0.007772931155450276,0.012956915370914517,0.0004997400816000763,0.010108393227099739,0.005160533840141963,0.005769910690464001,0.009416624114740273,-0.011226924648613038,0.006410813261734102,0.010279468024513174
2021-11-08,0.013214977136152118,-0.001997728615967208,0.003910119385170077,0.017843874685574603,-0.0008996227349282048,0.012448112254045785,0.009056010189127085,0.005482567318189429,0.004127180167522615,0.005372066980485203,-0.00797701863230236,-0.014988315208772059,0.00592856630167475,-0.01425410840682621,-0.0014760138349451746
2021-11-09,0.0037470138324554422,0.0021792134920104733,-0.001576306969285938,0.0013239453626118054,-0.003328481797132485,0.004600295613269757,0.004073907325083716,-0.005482567318189471,0.002524105710806736,-0.004115944280875152,0.0034462470733249042,0.005121039104122379,-0.003672877969821906,-0.018658647508388318,0.00911726004764448
2021-11-10,-0.028946742859190303,-0.004545229741312803,-0.007992032803494949,-0.032062368139469895,-0.012019740876355555,-0.0068522219837397,-0.026782652429235075,-0.0017505972789850935,-0.00561791204168074,-0.016636172364235483,0.003022715508327512,0.008080369696128726,0.0028493384064668097,-0.003724842468100329,-0.020109264431495463
2021-11-11,0.004783630076862971,0.0020931825861762897,0.0007946718875693406,0.01783850962779004,-0.0035216547425111384,0.00797089647407363,0.003820796395429724,0.002749740997455416,-0.004139918006255064,0.004669252785233281,-0.0006862218334159578,-0.006129009460503389,-0.002924604322184553,-0.0027040370673729617,0.01197620175749704
2021-11-12,0.016587151982958244,0.00045468142609050464,0.003497213108494244,0.01011420178210058,0.01185271649215841,0.007463919537010722,-0.0024295631401235855,0.002244224433651914,0.007888671768570539,0.012086450079202195,0.0,-0.0005998162426876701,0.00494458157454936,0.0033420326365776955,0.008035499441903508
2021-11-15,-0.0054077298230875296,0.005889479985368724,-0.00291932801453785,-0.0013292965461980729,0.004105331845257988,-0.004560892301523817,0.00830591389663543,0.0,0.0018691582793653823,-0.0010167484763696647,0.004793575829396239,0.01311692317462425,-0.006222068611482061,-0.0008343838157039375,0.005935919107328916
2021-11-16,0.011325029262878938,-0.005889479985368762,0.0008294861393128151,0.012886214309816705,-0.006059471534457318,-0.0027911912144456194,0.001549591817769021,-0.000996799903562408,0.00018667799009956416,0.010474835970819772,-0.006304710818559134,-0.004749782847009896,0.004202091359117142,0.015641689889183994,0.010519553229136181
2021-11-17,-0.008515647850941825,0.003537879827525645,-0.010221955966714186,-0.005959992589388761,-0.004480884488369371,-0.006618408340712464,-0.015431462300180087,-0.0115346166967202,-0.005992354864101876,-0.003023909151595061,-0.0022021958345718926,0.0008921297557601334,0.001421845274031051,0.006361879115980001,-0.023212767893269412
2021-11-18,-0.009227947711451887,-0.0004529973636257014,-0.00361353486963766,0.024306613603188584,-0.009305619057464829,-0.004286264181734687,-0.005958818450414606,-0.0050569955244725824,-0.002068513313646984,0.009927628921545993,-0.0035894342269199332,-0.005216347822843621,0.0003739050870199357,0.011274113781051745,0.01849760266311075
2021-11-19,0.003237227914857068,-0.004540121608090854,-0.0006585401388859285,0.00629795970407165,-0.00696501740852971,-0.0018101540680482292,-0.039804545838207694,-0.010959696919752498,-0.005000019486075998,0.0072645712177881235,-0.003601887645030306,0.0056621144173125085,-0.006073209524812093,0.004313535781826039,-0.025597370480103764
2021-11-22,-0.02865229421235174,-0.006757278989625528,0.0065647958593389255,-0.015201423888137638,-0.010828216820079405,0.0015839222145735275,0.017587449772643073,0.013996711627879606,0.002739024871932546,-0.011212147969679167,0.007880332383211423,0.006073689714476209,-0.00452269756574263,-0.002509985368553914,0.014247179064036676
2021-11-23,-0.015674371408429456,0.008030670370851895,0.004063286174424621,-0.007278706287086133,-0.003973195694610789,0.0010174045977378915,0.03027042603463967,0.015546999290004611,0.001696552444794081,-0.0023048843390554045,0.0065874486049355765,0.0010332962000169016,0.0010572427638693633,-0.007281631145499114,-0.015039334449880211
2021-11-24,0.004581332084993216,0.012016097560783236,-0.005372802148934468,0.010039249106215783,0.001157411085477904,-0.007140909366844054,0.009717339175980055,-0.002241679880373247,-0.0011305351374183608,0.007251422990814807,-0.0030140188360578495,0.0005900127932015069,-0.00037711758520214656,0.0020519924490007813,-0.013861949968109596
2021-11-26,-0.009637987361248022,-0.02805012570832575,-0.030489898816090155,-0.029422555828974097,-0.017063151380190367,-0.01732580282620283,-0.04106677979927013,-0.03372946939295196,-0.02742798386057352,-0.025281636628382627,-0.012703749821831393,-0.015753323783088653,-0.003706246143623018,-0.027643903800338987,-0.024396411676050143
2021-11-29,0.01977028909051719,0.010474084798436983,0.0006006346457403126,0.03936191835709943,0.005281476248166176,0.00461873683312853,0.005740935765100879,0.0030899869353314176,0.0017425442983564523,0.024693947164688722,0.0024978788124915595,0.014720895551871085,0.0027241563226647284,0.015414429193691683,-0.0057791952217743706
2021-11-30,-0.027668524764608026,-0.020499205200874854,-0.02525636268333652,-0.0211586589731648,-0.029473979478347134,-0.02508130412111886,-0.023713701434554955,-0.02420397736055059,-0.025667566647815068,-0.008381144356266695,-0.025978794928347634,-0.0296610728409998,-0.019843432075099372,-0.013603229533136342,-0.02823600186241109
2021-12-01,-0.04349701936775617,-0.015512893900250775,-0.02153882459040366,-0.0035483131140894115,-0.02564248069542623,-0.010211453089573844,-0.01068138621782703,-0.011125889401845968,-0.013990342537306797,-0.013785762243770431,-0.0048488428201301295,0.0018230083868409131,-0.0017745334538836002,-0.018214052800927995,-0.03389024336624947
2021-12-02,0.016998017742417867,0.029961442418368244,0.03377183314358854,0.0025967458513744077,0.01883822493976944,0.020202611581783738,0.02865415188728115,0.029398410141635814,0.029254756590727123,0.009152213097249546,0.010523414283848497,0.012668123404678515,0.004853203506148616,0.014146059349201585,0.01919750899117512
2021-12-03,-0.03426436932682406,-0.004515754835693821,-0.0030441746636053076,-0.011423781088365993,-0.003800378946613141,-0.0022246628081366527,-0.007947817741958706,-0.016430235559783974,-0.0011734306812896562,-0.016873858904895737,0.01237196335046154,0.009990388027620709,0.0018423857155187072,-0.01964065694301125,-0.017437053922175018
2021-12-06,0.0012541982195932765,0.015944552231762363,0.024247140753380463,-0.003826034425519588,0.016389343956830518,0.014545818143931835,0.014761594601733036,0.015135780424057176,0.016785992429151755,0.009462780902256645,0.017451933146282583,0.015166360766021654,0.005660145134261886,0.011355272117390458,0.018193148523509527
2021-12-07,0.03743056783581361,0.014888576667314066,0.008113426682051119,0.04736048636576527,0.010507367251844422,0.015134764902840252,0.023139653553259518,0.01771330244930907,0.010147519484286837,0.03431739226081752,0.002194460659334382,0.007425193772870214,0.012807861236326235,0.023057145787160654,0.02167831582812347
2021-12-08,0.009588162302061234,0.0061609273209804125,-0.0003320735849929999,-0.004332871999300606,0.010544886230575715,0.0042013625333261456,-0.0001746383841577208,-0.0053576560929453655,0.0024733785993124972,0.004568602267747853,-0.0031562602476202487,-0.0010160911790895641,0.007501874989996315,0.0025133575726469285,-0.006464913656954914
2021-12-09,-0.022933273435643223,-0.01281080267139102,-0.003401446780163742,-0.024500255205981782,-0.012399975957454687,-0.0055678844857285715,-0.007713886849407212,-0.002048843033069654,-0.003140556723781714,-0.010848542511338499,0.0027453127417342202,-0.00130775835385729,0.002314162747181563,-0.017481710673142387,-0.017375152877228114
2021-12-10,0.01383778726210176,0.0024315770569979735,0.0009994604604621603,0.006327823088391842,-0.0013374371296168697,0.006134317996478984,0.007364596976465799,0.001024893384635954,0.004090068320348869,0.019866610925757377,0.01671779241111003,0.005365247461347377,0.0034985908726117717,0.006951287614099463,0.0
2021-12-13,-0.002293072600336113,0.010908586981561441,-0.015473031878930125,-0.026289514738943625,-0.008738955672637971,-0.006020449151938189,-0.028170764941407855,-0.010813649451226136,-0.010400377550218744,-0.014978788355747499,0.012989792169921407,0.012217178608597827,0.009392329862094932,-0.026094769262355773,-0.032883520566711184
2021-12-14,-0.03348372843805156,-0.012300157978893491,-0.006230990860932826,-0.005791678808703155,-0.0042101485316421655,-0.0010256678836619451,-0.004141571469815409,0.005936368651548452,-0.009540800032509957,-0.01656318074613449,0.0006651611260861777,-0.006018064532607748,-0.004057021498715957,-0.005825219019187889,-0.0007827967410544576
2021-12-15,0.024856378175436903,0.013647673350370745,0.00953854753989866,0.04053186516012899,0.009074038357727852,0.0021646897982218736,-0.004883956896104433,0.0028267603063431256,0.008677020607665087,0.026152589566095806,0.010054203237344916,0.01625122766863616,0.02026648423964549,0.01261200364719877,0.007913153516139897
2021-12-16,-0.031926192082909484,0.00026930059726018677,-0.003947742087570743,-0.04443421447629199,-0.004098254466839402,0.010189938757279375,0.006326534179354267,0.012495268720590372,0.0004800655129563785,-0.028752645428892325,0.007083121682772354,0.005077516964748053,0.0059215751547829236,-0.022329273035909952,-0.028602385525374193
2021-12-17,0.004386064010816834,-0.0019763530966940075,-0.0062730254238295095,-0.004696171624491762,0.0010523537948504591,-0.01258318488776871,-0.02057055037442627,-0.022294439814726327,-0.017226744746269416,-0.006708342840041296,-0.01727020748885613,-0.015167885395781356,-0.007008646478084877,-0.006838330659485071,0.0051273924909198115
2021-12-20,-0.01599534086656434,-0.008035076037678243,-0.011782374662801309,-0.007542364057711042,-0.009057610653859237,-0.018024550676738946,-0.012466730297669322,-0.019615299043833655,-0.016150484489949636,-0.011965366256482928,0.0002944202247858403,0.0009497591401863344,-0.006074171452924996,-0.016275276944854717,-0.022148684181648483
2021-12-21,0.02721908484453052,0.010011429134372274,0.025262152095160157,0.03548511912304283,0.020489006691902928,0.01252921941384502,0.02808690916866904,0.020500026877221595,0.01972066365743217,0.02499155421883751,-0.0013395863071953389,-0.001439506245487357,0.004165191982707833,0.02557574640077543,0.030305273993414653
2021-12-22,0.005803904597880427,0.009645397674880521,0.00618953223856832,0.01181580822689301,0.0039294016540299065,0.007923286198635112,0.006399188977052775,0.004671938900495264,0.0028273621708723995,0.01299235440377445,0.006279794703201402,0.004311881521850967,0.01160047828203749,0.01807568136160848,0.001707413469377517
2021-12-23,0.006620765890377121,-0.0008890498204757486,0.014574996347415752,0.00856834622786323,0.00986713853254515,0.01001477785608098,0.0005466704367057321,0.0051653832720467896,0.011711941072305736,0.005566823490286925,0.0022617359283235226,-0.00014337008585321958,0.004100231953820741,0.013776184616290474,0.009734424684574926
2021-12-27,0.012716537422430311,0.016585954556202376,0.008716581034208802,0.02656914536500087,0.0072275087216665135,0.014948399188641425,0.02162231812193178,0.010251300822187963,0.010529566645268081,0.02122537012116618,0.010575187553041846,0.004864574663216033,0.010497667149779824,0.009697436505885308,0.010977989253827713
2021-12-28,-0.010494421928897454,0.0034065859132872012,0.001995297063348363,-0.009904794525940945,-0.0017472797130147614,0.0057843512776671055,-0.0007131250185911754,0.0005096545187854921,0.005033862460755509,-0.005221594926213584,0.005638260470394561,0.008952158008635263,-0.0026320407077526677,0.0004385975295833221,-0.004802183866710044
2021-12-29,-0.0013976410349678043,0.006518653995782584,0.0021720510222711714,-0.0001594133989588264,-0.005333909313637055,0.004095297757431593,-0.0064423865706174374,-0.001274990536437807,0.0017983741716148542,0.0008533819407236747,0.004565812294936726,0.005361075327279083,0.005681844686104258,0.0019953512095755572,0.005804272970877352
2021-12-30,0.002369828579946073,0.004494685623854225,-0.0035136318256155136,-0.011424799077561991,0.005042224709861764,-0.003540890621450273,-0.006122935097176232,-0.0017878901961635948,-0.003600065679448792,-0.006617136442584659,-0.0031286906258874377,0.0036518668723079808,0.0020518955525294052,-0.0036045092221641778,0.011178347868389104
2021-12-31,-0.00926159715590305,0.0016374727301423668,0.0033325556570063214,-0.003362275522293339,-0.011952611051264432,0.004424318260425406,0.0025259665942478442,-0.0017908820755644164,0.004261818284571878,-0.004876920692334552,0.006766390022900426,0.003498631311093334,-0.004249838914170924,-0.002393992882661517,-0.006293529003896545
2022-01-03,-0.011533683534612845,-0.00760588091216942,-0.002679732945643376,0.021814112071965142,0.006983830057132055,-0.013108510861180391,0.030520293008009066,0.012217050335785644,-0.008256326803605281,0.009445021077551432,-0.0001298325477409958,-0.009968456422715618,-0.010344888058614785,0.028308162432416566,0.014186373115875688
2022-01-04,-0.02235487916780346,-0.0019106177120312624,0.015224279116116365,-0.00521001374455294,-0.004699575090087188,0.012225083222205103,0.03401802852364416,0.02596878210205069,0.019907456168897525,-0.010653564208131402,0.006722113101377349,-0.0031089288839537166,-0.013283738497357797,-0.006104690894253386,-0.008663642852043334
2022-01-05,-0.05055430098207661,-0.030090122497002787,-0.013448789373537134,-0.03490585429705868,-0.027988120504214137,-0.00011057519501062288,-0.00016888088308549996,-0.011652210447410077,-0.009574093964148413,-0.03123256783225864,-0.0009019949107642746,-0.0005662550135533355,-0.0071475915406617125,-0.02735255920575097,-0.03428514516541863
2022-01-06,0.0011212481857265871,-0.00017925488597655208,3.608764735366356e-05,0.009878764559661815,0.003249648082820063,-0.012673938092663282,0.02205579486566955,0.014605783435616554,0.004610559532632744,-0.0050624499241395055,-0.0027118697295785395,-0.010392586552227433,-0.011631919817284165,-0.0026091262666885777,0.0063625359295724155
2022-01-07,-0.008454048935875652,-0.00674236434646694,0.0013385133985523109,-0.030876649737045302,0.0003770823769492071,-0.0008952182175655326,0.013623665912169508,0.011727621834923476,-0.00028123797390829065,-0.009238421305496436,0.0010338660969234888,0.007555998834291517,-0.00512313082906857,-0.016802149394814496,-0.012651607961495615
2022-01-10,0.009383087232365568,-0.005064195896318111,-0.016806491727472245,0.0012790855177930995,-0.0015094241715573114,-0.010242878911086653,-0.003102204323313803,-0.0034062636900230366,-0.011332832486980665,0.00018079850568876435,-0.007910276522033898,-0.0065547629995946,0.010219546492204837,-0.00613462129109602,-0.016655528109553307
2022-01-11,0.017567290933648637,0.002535303704743008,-0.0013240423597723249,0.019982510755091408,0.011937792481674587,0.010914367695768097,0.0334489156854898,0.00873556052702869,0.0059655324870945435,0.011919486638525285,-0.0011724452939232523,-0.0090471046681588,0.007925379307386965,0.009587932581882773,0.016655528109553185
2022-01-12,-0.0029827348519357155,0.0009942946626172041,-0.0009946574996287604,0.008504024476617786,0.0011932319481654135,0.010021267819130378,0.0018960778738971585,0.0007244726410267999,0.0032048286892656552,0.004692941782368582,0.000390819592798911,0.003168608574777906,-0.002854745514726095,0.006572401787623355,-0.011652963829077208
2022-01-13,-0.04378900959400026,-0.0031670955131278726,0.0031270271870953046,-0.017546608830057264,-0.01207408009985649,-0.007785480136751149,-0.005064148443012727,-0.0038701324654523608,0.0021624713106205293,-0.026239217248242033,0.0018226218731295237,0.004877260258683999,-0.01566210821621674,-0.020304958116831973,-0.008741674524901226
2022-01-14,0.003872564334884081,-0.009561684239000544,-0.01208494800498436,0.020973761120364132,0.003088262446824602,-0.008522118859595529,0.023209420482177587,-0.010476279142571283,-0.006028288135364458,0.00842081585050875,0.001818973589589537,-0.006892559422035628,-0.0017141771291163466,-0.004670466284079602,-0.021177883672546378
2022-01-18,-0.01857256538521754,-0.009007297519463048,-0.023017904192989446,-0.045767800379510316,-0.01836999885227404,-0.013263451120927043,0.004022134811909888,-0.022539882258229515,-0.011592737988262497,-0.024303504341240935,-0.014514876415806942,-0.01203166188053771,-0.014121860500364092,-0.019110857543857277,-0.02139174574920803
2022-01-19,0.0010835672429809625,-0.012635916230585971,-0.007025433616351403,-0.02801703119339023,-0.003222475068653293,-0.0025135209908549545,-0.0072825702173665435,-0.016925748519998854,-0.011245198463155253,-0.014067897234514478,0.006302698070227665,0.004510603115018083,-0.004093342166488041,-0.01821475444797353,-0.007356672651302453
2022-01-20,-0.006863928580773376,-0.01251359230683092,-0.003377445204472541,-0.03110153245350045,-0.011362449983808658,-0.014635908057071888,-0.009218287376984113,-0.006389952409597466,-0.01284061327552171,-0.0129977158797188,-0.006566113615729925,0.0013058113536971972,-0.006553853400948633,-0.01839129679565967,-0.03404602845057202
2022-01-21,-0.028586776682451787,-0.0023700537677438984,-0.01269028722899483,-0.01678563765558294,-0.035769000649104925,-0.024680808873519963,-0.019975228020864422,-0.02072603566144468,-0.009245766936232072,-0.020078584489326864,0.0007903756224062118,-0.0018866216943096079,-0.010143620363051721,-0.02975990584810203,-0.014879660080081368
2022-01-24,0.02086571941898655,0.0016120151964755347,0.008452422513666973,0.012724527192626752,0.006744788264725515,0.0005946695415322372,0.006702771176697846,0.0028753493991522557,0.005714953376560631,0.0051703840193094795,-0.003296571916974677,-0.009633860804185792,-0.0033270198170091757,0.011955583465957592,0.05835678651998206
2022-01-25,-0.03814201365880489,-0.004558474327095969,-0.013096550727288997,-0.04040879655680341,-0.02004596806665635,-0.009079400159321032,0.038076236857767204,0.004167632423745866,-0.009873682000297462,-0.023413662943886936,-0.011156938082296926,-0.0158182820120067,-0.006452775238670156,-0.017067944581904925,-0.016594557235186262
2022-01-26,-0.010601868822617011,-0.016313342763652535,-0.009985606189475653,0.014310955404187933,-0.015883145615767036,-0.010495077885910328,-0.001685920144536544,0.002596203797806423,-0.00877021680855343,0.005855674442678039,-0.007642290184327294,-0.008229229085914502,-0.005239514063346632,-0.004858446655809858,-0.027009649037615886
2022-01-27,-6.0708948459744624e-05,-0.015109851519053995,-0.012403758479763145,-0.04364014753399161,-0.00016587924749486834,0.0033900420522678934,0.010830801586834405,-0.00911581858268685,-0.008948898922661182,-0.006912324280547546,0.006706807030552517,0.008825201407549622,0.0025841510098503773,-0.024538723589691266,-0.008825489563867929
2022-01-28,0.037929218197151664,0.03066159993730801,0.014613998202540031,0.01929144266672547,0.028140974123412307,0.005784511008005164,-0.004257296368766945,0.012997317655782369,0.006944909875751166,0.042801885835559626,0.011696006596054711,0.011990521143324953,0.020205748530927083,0.02156731855028308,0.009461761557149864
2022-01-31,0.03741654234242379,0.015126036400690539,0.01739093290031699,0.05106403537377709,0.02650682763760786,0.01467176828719419,0.004408959949119421,0.00874257074293088,0.010377275343707828,0.024816152779241776,0.003824542776821692,0.018803931881516342,0.0057316243637040975,0.03774011741519216,0.03930383631977128
2022-02-01,0.005784969383439941,-0.00555122331194325,0.03636916590412901,0.004275472967681958,0.01132602043881724,0.015276690257348314,0.03502860234755415,0.013730079990890855,0.01370342961244657,0.0025897469689401616,-0.0009219318422363686,-0.013374257684938572,0.0026635900293966452,0.006037505993548211,0.012040673288523736
2022-02-02,-0.01015984861807613,0.013773917186036815,0.004250103434130473,0.025205673949411214,0.014419794642794864,0.0031437300609881225,0.0032174233625118106,0.006794936350624192,0.006927891154846491,0.008095649793496546,0.011918322199714537,0.014672720993694217,0.0133619984468173,-0.005983358665327063,-0.028074417331102504
2022-02-03,-0.039023886044562806,-0.012642380109109615,-0.021813110470952236,-0.04536559251727578,-0.06328372516418988,-0.017591746077297157,-0.009535795530975673,-0.011096957705085118,-0.016075661631800423,-0.02944385636791052,0.0002602951148037614,-0.00448067624027698,-0.004283513125998657,-0.03107904034135278,-0.026584381581762004
2022-02-04,0.03204082065748288,-0.009278735004157755,-0.008898330780634895,0.0054085024990614934,0.009335622084511419,-0.01670278025404304,0.01550418251632464,0.016849541635560964,-0.01082898063527942,0.004018006581490004,-0.012310294884132012,-0.007999359360535328,-0.003621497515851343,0.028046813035277826,0.0021681903468994865
2022-02-07,-0.0055127960943947224,-0.0017133829270650869,0.0014183526155058118,0.0015766225914665098,-0.015717639678912085,-0.004944975688509839,0.012691163433566008,0.002988036124804773,0.0007986963461238455,-0.006663708345470579,0.001843144735944927,-0.0014614039754853425,-0.0017400513131054385,-0.002062742628724521,0.005083623154009428
2022-02-08,0.011335344307245566,-0.005254388729650147,0.014904724802303329,0.02027226461822202,0.001230523662515432,0.015357347502689443,-0.02173029302708739,0.013827216247622424,0.009931538624803374,0.012286863422807092,0.003806858334633699,0.0007312542693359872,0.00814399763703484,0.013976223400482164,0.028121600947635054
2022-02-09,0.03152746601804868,0.022634397405963604,0.018323464988268666,0.03423066939746158,0.02773138194661291,0.02155425000431283,0.008313208508694514,0.006355557463676542,0.013643063229409327,0.02193826847193313,0.0002619661260246675,0.004374248480438061,0.007706130596069623,0.01314944174686859,0.020372416768232825
2022-02-10,-0.015876454820754483,-0.02531998110443872,-0.01847438867702937,-0.03039664173214431,-0.012921126987027824,-0.005843093763311572,-0.006265236883172962,-0.008810891885841738,-0.01651311832344532,-0.026496899599537674,-0.010799546056209738,-0.025642484722586574,-0.01577422780699778,-0.017391600318225762,-0.021852615710081222
2022-02-11,-0.035096228039520456,-0.010426854974583536,-0.02697142127080358,-0.05275866401994434,-0.019988555603271792,-0.015592182597383306,0.028670246838388855,-0.01411059924766085,-0.015380437837806552,-0.03102011712863759,-0.003581388574634631,0.0005970394699607072,-0.013952206978516552,-0.029158502772368176,-0.019694054378959023
2022-02-14,-0.0023417479895134533,-0.009360485758397593,0.0033293007547570024,-0.0006787752738783427,-0.0007417163471577403,-0.008248158353816376,-0.023858692742659286,-0.011282581791466639,-0.0037305581275814924,-0.00032251657681844464,-0.002794760374792766,-0.008540131599679082,-0.01026364311518484,0.005690384550408317,-0.005680803992799025
2022-02-15,0.020937023056654944,0.007611988493382257,0.025602838586467516,0.0529723375287616,0.01668341365227351,0.01819860777960856,-0.010527933979847354,0.013523861711429627,0.014939876736425823,0.025945448788528162,0.001730951069300937,-0.004675297193085492,0.011184212296592309,0.022121789201340832,0.03324302632323892
2022-02-16,-0.007568071095620659,0.003299998792585155,0.0038352437040513583,-0.00021471810998008857,-0.005938178427990296,0.007281224403843592,0.008052394626496266,0.0007457060956139709,0.005260630532927055,-0.001007520155473974,0.00186089594008194,0.0022649955014005666,0.0015331735980420806,0.0028519633088800174,-0.012445595135351378
2022-02-17,-0.044947659389120896,-0.011303995381420483,-0.017757403890540903,-0.04090686454600445,-0.027963553776503922,-0.01723167382963553,-0.0016054682606256195,-0.02517101104954521,-0.018484512084855957,-0.03037802181647773,0.007671878799650869,0.0006031202873921743,-0.016214162755595594,-0.02712440328317492,-0.026637771011537952
2022-02-18,-0.02165107975782778,-0.005207513756702739,-0.005592784160067661,-0.011171979598898736,-0.011391145917345165,-0.0016681101401067229,-0.006152681871974601,-0.0002548073696788283,-0.008304027745979914,-0.010181485414461823,0.001843144735944927,-0.0018105187428172416,-0.007500572356450579,-0.00620319857135019,-0.007798317632026587
2022-02-22,-0.008337690288912392,-0.005135791948025337,-0.016851232667501128,-0.0068851734329908485,-0.011093000648287731,-0.014292018301482032,-0.016296796289545383,-0.005112566962505837,-0.009707272940802052,-0.009292664088944963,-0.007790386403317165,-0.0010575970459753502,-0.0025127021466825406,-0.029600178174326287,-0.040196295747091736
2022-02-23,-0.025249174080036,-0.01778260998908851,-0.019846376952932038,-0.021176996669811318,-0.017659743629869423,-0.012904996916990085,0.010253569003146676,-0.017580837793662672,-0.018550779978674565,-0.02534644057389322,-0.008118848998836244,-0.017076264083199396,-0.005044425002050907,-0.03399062762679752,-0.02420544615087395
2022-02-24,0.059143487499484206,0.017584467485870045,0.013221978064731238,0.03373858805037878,0.028243574768472997,-0.002944877960122498,-0.007866720894176298,-0.012070362378713884,0.012680658821069057,0.03358911043100281,-0.017389433718008995,0.00796462875910572,0.004021743051299581,0.02259525376266894,0.0385308841389688
2022-02-25,0.007765847960416871,0.02378170916292165,0.021283745537903548,0.013848798222121709,0.01817336558661479,0.03584946821372527,0.02603288487083587,0.03169921753402371,0.023578566393646378,0.013501859398072464,0.031719087039949426,0.030498696277421793,0.030156214376656096,0.019601848716082823,0.017364625431517962
2022-02-28,0.009783908965288192,-0.016676044475306503,-0.002119531086237388,-0.00865175244518919,-0.0006673244890189635,-0.011447913572644602,0.024381161353316125,-0.01494507944400051,0.00763768086307313,-0.001815625186784219,-0.013394544905544334,0.0051657211110044485,-0.007588811981687575,0.007013129933207271,-0.0002588082672336042
2022-03-01,-0.00860360291467532,-0.0025600533621203967,-0.02294665843514614,-0.032057746649614506,-0.01394634295654914,-0.023296247143526794,0.010009145340483479,-0.03756028794844104,-0.015028867318544385,-0.02019356659572839,-0.005891977429878964,-0.008723229847508689,-0.00555577016099227,-0.015277096907285403,-0.025835960270334152
2022-03-02,0.015102504365194027,0.01710601584850048,0.027027606072601764,0.03220707405243856,0.007249427439375659,0.02173616761172832,0.022606707830354345,0.02554688428310216,0.021116881407416906,0.021425778541120856,0.010553994245450043,0.012103243754002183,0.014975855802895966,0.020785185895929186,0.03537076617469407
2022-03-03,-0.025626897437791982,0.008204289802393345,-0.003232534058786711,-0.02178750989398117,-0.011743581655776094,0.0012003615400406622,0.0027389792302981025,-0.003157991128981792,0.00109400727693967,-0.01199960213826097,0.008073603658167425,0.01745236823445341,0.005093674389965286,-0.022904831416564832,-0.012646796461947558
2022-03-04,-0.021691530462304216,0.004890800140151623,-0.002779262225177445,-0.027273023233654863,-0.017315482325424732,-0.003485195856825854,0.028448020765859974,-0.018891239197462512,-0.0021892127167199575,-0.01767249529888734,0.00013184212262415304,0.021819351164415836,0.004992957957936047,-0.0160132416840809,-0.01993780354545901
2022-03-07,-0.043892674032458286,-0.020683381097263878,-0.042885961138038255,-0.05105620287846683,-0.03690276478105439,-0.03528955403436214,0.014647337512496401,-0.03721343213517568,-0.027160934372455817,-0.03728085421164807,-0.01835687522583553,0.012894323066345248,-0.01758501901756445,-0.050250897481126135,-0.045120248093900965
2022-03-08,-0.01046051845846532,-0.005581807267239701,-0.0018576549104985284,0.014971310987482781,-8.980751880871684e-05,-0.005126450185797044,0.015596549044883314,-0.005871854237237694,-0.006160123438601072,-0.004863550921330769,-0.027353751956209562,-0.015578227203962982,-0.020640064953998893,0.0020811817238148883,0.022068965826703434
2022-03-09,0.04738491565123456,0.01588011579130541,0.020762868437477083,0.042525823632959966,0.031182187913706815,0.030494382896277577,-0.031041747813102514,0.03607747968883447,0.01796320720691581,0.038799805958052866,0.006737694185096014,-0.007097412756762307,0.018718365981758082,0.031659036118273226,0.019467733356738997
2022-03-10,-0.015328861888141922,0.002413508957267686,0.006786900708478168,-0.021871629612772312,-0.007507568049600781,0.002671423057824949,0.030138745380346364,-0.008420743436875202,-0.0013157031474982238,-0.017641973994821702,-0.009501027165461608,0.006672898383835165,-0.00038480851972084404,0.00708421592587687,0.00039866283181902315
2022-03-11,-0.031027646223590586,-0.008424248622914982,-0.00781687006446051,-0.022726972511145874,-0.020628460102519387,-0.007424927160029278,-0.008035449607947368,-0.007117492581568358,-0.008033884025705292,-0.01775085330276144,-0.01168973052747068,-0.003401571016938881,-0.007494927572731493,-0.01942378329935784,-0.02707757872979185
2022-03-14,-0.029371126088560053,-0.007123564161655477,-0.011480164390408996,-0.029311813000954725,-0.01405293913248334,-0.0014668846939141988,-0.030385274469618792,0.012558512743072882,0.0033635722930381337,-0.01870770461066276,0.005305387226523293,-0.001136618158546882,0.007032898831537876,-0.016815382415115068,-0.011398754099767133
2022-03-15,0.024863637025304187,0.0069293176178009015,0.02662391221539051,0.04104145086602125,0.021006074360275816,0.011435244204616005,-0.037307255064991905,0.014009003691935164,0.015750090937713884,0.033042904063613696,0.022169529084896455,0.012712034160127133,0.019749874483281502,0.03293928081268603,0.0289953657762056
2022-03-16,0.04090852247971696,0.012468050588602857,0.040284699204719145,0.051602859666837274,0.030359811222580226,0.015603165038128834,-0.00460509671604164,0.027702228412526286,0.013135713272839472,0.0319861127940232,0.0010890035138516802,-0.0018262555306864862,0.011934147801344311,0.033545518319437695,0.03804303870711734
2022-03-17,0.022905645564256547,0.014494246961270453,0.008513017948659971,0.006243493587799131,0.010970251582672666,0.018992029031938057,0.03383155458551055,0.012413143437738767,0.012770427554499642,0.0070660487767819705,0.0069135474508653025,0.004209269607866243,0.015693168885124554,0.01652840932808993,0.014745016732529093
2022-03-18,0.02894343570025671,0.001891764329498026,-0.0013395064002663247,0.02136398482618053,0.013966089720610057,0.00605735625616619,-0.0009471603211330855,0.002310111107160955,0.0037994628289091314,0.020259347354064046,0.002294318315733041,-0.008577556658172196,0.006150783551954071,0.02083335254953106,0.013024069889555918
2022-03-21,-0.009129500201631764,-0.005305531945668036,-0.00623633468512185,-0.0023431809270382134,-0.009374034113589036,0.008277903369320121,0.03952012988153184,-0.000978820338380187,0.0022511484532415278,-0.0019014068950603859,0.0012852431959112923,0.006659487567479852,-0.0007617272366873641,-0.008410729477935986,-0.02323435943432985
2022-03-22,0.024452272026902932,0.0027509811554851395,0.008467451403816745,0.006864940204610239,0.018577650799084307,0.005419694249048257,-0.007382914027436703,0.016102536447118624,0.0054363280096769,0.01426800312069913,0.007409808929619128,0.0014113481920025937,0.00021991374596122863,0.024519113912503058,0.022403936449039433
2022-03-23,-0.0250163659043612,-0.010858236982183795,-0.012559161679834783,-0.02531671629268477,-0.011728495650424064,-0.004610434140823579,0.017056474487065154,-0.018682427272311668,-0.009630705067650075,-0.015498658725925138,-0.008086137563301045,0.0014091163152953013,-0.018113322782619675,-0.012486115260548044,-0.021889194170025928
2022-03-24,0.017223802586449496,0.006355562871370438,0.010878229571704937,0.047515978806207004,0.014641981427959869,0.019902235620059484,0.0024684611520695986,0.007976439281324198,0.007595671874211941,0.025656725730788463,0.007011786705664715,0.01022785357535621,0.011866053491664462,0.007760797951097988,0.010368089047071004
2022-03-25,-0.01310430143251495,0.011590295231453312,0.0036122967593360403,-0.004168160727278163,0.0024912613716068055,0.011149254984047553,0.021694043486030153,0.012732509238289048,0.006189527686660287,-0.0005687606957530154,0.008296637551030779,0.01439254120147497,0.004633942757971411,-0.0017434987445313283,-0.013202927438816157
2022-03-28,0.022951132044539507,0.011271101100847652,0.010832727825374023,0.007237881445691627,0.005212184069984154,-0.004489576899525786,-0.025073433764759845,-0.00278721525401761,0.00028919991241307686,0.011812086644415744,0.004122873417564878,0.006437177384771931,0.0072385800776490275,0.026319361430785306,0.009247430932654285
2022-03-29,0.02382019870164587,0.028087877562196266,0.0153990069681752,0.022356560809026954,0.016855240163213877,0.008401617016279136,-0.0026076947221529085,0.0022810734187932104,0.0092104342682833,0.021014266930518177,0.008852223937510726,0.009240195798453631,0.005884112794607093,0.017273563673353302,0.040954868803320624
2022-03-30,-0.019292424688122815,-0.006834075637864025,-0.007013032873830358,-0.029449235937647793,-0.008555730701365944,-0.003352292363269866,0.011551741119300558,-0.007113851561498072,-0.0011466077378430033,-0.013422909774710256,0.0006579205958828826,0.008217491007546674,0.0019536234876856786,-0.015310127903787597,-0.04531103350747398
2022-03-31,-0.007509383130374878,-0.010570475687341404,-0.015730719995908082,-0.020471680972195334,-0.01775075681092352,-0.013409180487495414,-0.013642781072166182,-0.023214792790599587,-0.015513150193435094,-0.01492595753800203,-0.002369378421794194,-0.001073843342557505,-0.009806747062262089,-0.019378461382104844,-0.030506855685818943
2022-04-01,0.0017090767273995951,0.016586739040980368,-0.03909468436747844,-0.016330353050414782,0.00738630831252797,0.01049489736608106,0.00807812495374828,-0.002613243674941453,-0.007798949744517731,-0.002961741073746643,0.009964869636537595,0.01387081544686351,0.007853123574576282,0.0012424887997345532,-0.0025186190139860243
2022-04-04,0.024104368563673033,-0.003642010028650252,-0.00297067801202511,0.016367344088093507,0.02224131172266245,0.00022461326357663968,0.0012970281912261165,-0.004457709509862061,-0.0012729220231411298,0.018817216998926554,-0.003135987056754189,-0.007711991141791407,-0.008363782732358504,0.022209974098081772,0.025808926966909135
2022-04-05,-0.025610501948341722,-0.0032890024098442576,-0.02737731288178845,-0.044101248433342274,-0.015730456932104616,-0.008000611992155293,-0.01580604569801601,-0.006327482304496622,-0.014310703874135935,-0.02128128428076785,0.0009156468154812445,0.006253536857105232,0.0021156915358034527,-0.023722754992982403,-0.019326839639691014
2022-04-06,-0.03102625683601747,0.011645897033251723,-0.028720143489199608,-0.020901781511614485,-0.018572869349656865,-0.011606722724561553,0.005907419929233417,-0.0069003025529291405,-0.0077836519949451965,-0.023945067178933823,0.012603022006891543,0.019701207021690162,0.015116936662214947,-0.025851595142984636,-0.016619501727720407
2022-04-07,0.0038792670695459576,-0.0075361769302632374,-0.004300059989064091,0.00015813382324246595,-0.008995025246997199,0.006502614353954067,0.013004170525681641,-0.0010659077808416653,0.003400360438175457,0.0015541247361935899,0.012063983852533051,-0.002474119940064272,0.01905656596000092,0.005091414663868116,0.005348369005519999
2022-04-08,-0.015577717055230669,0.0011840445090644217,-0.010479212485176229,-0.02405507687804317,-0.0038073626387143834,0.006121792521953898,0.02714737893232561,0.010079786784648317,-0.0056068525955538925,-0.014072988403376669,0.004200898214549769,0.00338423846507972,0.005968733079314861,-0.009261482791342694,0.011798360315082405
2022-04-11,-0.011408529493423324,-0.011168166418687207,0.0032298230707899296,-0.022739909577164433,-0.01142379112157827,-0.0049852508764526,-0.03051201269980994,-0.004496837526396103,-0.0032180402562321914,-0.025517936036673114,-0.004073236846017803,-0.013737366318227869,-0.020083726125176986,-0.01872792253401985,0.002763633670639429
2022-04-12,-0.007062185675819408,-0.0022118182386977356,0.00020660471669797103,-0.0054020335415643,-0.007400902262186581,0.00022717221534120885,0.016456790072974382,-0.01092882972181204,-0.0016129938529899233,-0.004452276828459176,0.000255165518479042,0.003812800760011256,-0.009762796864179094,0.002211365069907881,-0.007916616815931738
2022-04-13,0.021461057420410705,0.00588737108048187,0.019725771069881135,0.02347229816990121,0.014832781675840687,0.014654636062779796,0.014809276280036223,0.0,0.009338791270335444,0.01596265825792287,0.0055950768536839465,-0.001970037907973289,0.0048930783650684454,0.02456299241436578,0.02188115272797086
2022-04-14,-0.02448535511038113,-0.004872981185247126,0.0020645486915090486,-0.03091656402421842,-0.01699477489838884,-0.0033627205496839837,0.003261341111937568,-0.011320985924830468,-0.0010997357867632953,-0.024586015580420777,-0.00025395717289405765,0.000525670172153177,-0.0048212294640993785,-0.014081843188397263,-0.008851869938300068
2022-04-18,-0.010595325162226603,-0.0036007552930594866,-0.00950810190447241,0.016982027012160637,-0.005555583853863341,0.0008978874685516071,0.014546311492945883,0.005945932287834781,-0.0035085916765628168,0.0032676971818028392,-0.008278320614813766,-0.005402886989367946,-0.011096748400165531,0.003022169100655394,-0.00866740590513257
2022-04-19,0.02650883107378203,0.020779512033059246,0.024798121159655632,0.021072269639801633,0.021358141307456276,0.009379416098318783,-0.008179345711455047,0.013649450977703736,0.01801150796881954,0.01858657947151082,0.01510438684730003,0.006453625405210016,0.009509107911777346,0.02859131313602181,0.036772815728860514
2022-04-20,-0.01501760264925177,0.017957094932591813,0.005837514969366408,-0.0018201599195759879,-0.041670914462652156,0.006314407316196894,0.003850282444541032,0.006887398041628077,0.005409194479769365,-0.0009345903554418161,0.014879951214068834,0.008106901449677024,0.013347581864779716,-0.012954881521870775,-0.013438444480245886
2022-04-21,-0.031589305259162155,-0.007951144957610016,-0.0007526643720094061,-0.027790350425222297,-0.025917072910343713,-0.01647946572166216,-0.032248726153967164,-0.015966373080896226,-0.010253038549664629,-0.01710821353900254,-0.0008689343864148371,-0.016676850610868856,-0.011110713177507902,-0.009730280084580874,-0.02056833986979756
2022-04-22,-0.025794393781962695,-0.01746245257465544,-0.02438647819849048,-0.02320253147151066,-0.026700048951166552,-0.03810302234044285,-0.02475683247063197,-0.03022703659312738,-0.02488360109307648,-0.028388348660602275,-0.01577626447608611,-0.016959807612032207,-0.037155509621374413,-0.023495893120094757,-0.0401206687417836
2022-04-25,0.018308734396341036,-0.00338296598278734,0.010300444084965773,0.01714850932476118,0.010802650764496281,-0.002803340865251808,-0.033629731325737613,0.0016574915744324657,0.0,0.014915018127225729,0.004407130034884321,-0.006892455156039751,0.006710304110978458,0.007197209992710355,0.014947653082040354
2022-04-26,-0.0377255187106413,-0.016436164229939567,-0.028451167550939484,-0.043566957933943,-0.032478024129351524,-0.015558919594219105,0.0013561305001683257,-0.025437728458096706,-0.02208505261670584,-0.03796296649394552,-0.015574651846903986,-0.010086090107198702,-0.017768485791434512,-0.051920507107455216,-0.033324877452002064
2022-04-27,0.0003333838125020736,-0.0059765124395554006,0.010569937089334451,-0.004823324507858726,-0.021373059182705413,0.014622788175160823,0.01453208246655754,-0.0008498124074287335,0.003732056384753229,0.01469620670890065,0.003693966551351628,-0.004805849833867849,-0.0021959587669228807,0.00011875412282894776,-0.003492216150893712
2022-04-28,0.039605248724955355,0.018466891038839663,0.025567360324346974,0.05552588922704473,0.03278981278454171,0.015680675721874884,0.029872567073440968,0.012670943874491117,0.011215732047064114,0.0392506666589333,0.014641225305086197,0.011087465697694655,0.013702913904519907,0.02030976184256921,0.019264613805951025
2022-04-29,-0.03977186313952267,-0.047159442957504,-0.03213477026314788,-0.04529310798173757,-0.034746711728696915,-0.020256360216710012,-0.02600616893939427,-0.035021644540202714,-0.026859142783172963,-0.042568572223059056,-0.02756612633786928,-0.030405669753373606,-0.026060259152191137,-0.05215226153013659,-0.03605763854118424
2022-05-02,0.018694000924436086,-0.024984280891791194,-0.003754393266214183,0.028690370787385882,0.02313849154941703,-0.003062813434378178,0.015841903761360566,0.0002896359836581108,0.0020999700568937493,0.015088557200419638,-0.013224643364046119,-0.010297164266071307,-0.006236255031629861,0.014506333240677932,0.02972326276810066
2022-05-03,-0.008115135796510221,0.014909452147919548,0.004783367527177167,0.008168182815682394,0.0036302449247828383,0.01114465034856338,0.027643252915453928,0.012951762045169388,0.006586397384031991,0.0017398779619140828,-0.002875304526743505,0.0038210498933177986,0.0031614896012785026,-0.002484173484737398,0.004686095198520007
2022-05-04,0.02980155596802664,0.010941713476683507,0.019796215420229576,0.03372541667810103,0.0332911680510857,0.03191611566503371,0.04069442308879361,0.030138875788131795,0.028555824248649025,0.034510671151400114,0.022263434775120838,0.022070810538217703,0.021930430286490218,0.02893721049024761,0.025922397285276157
2022-05-05,-0.05922677697142106,-0.026444254132701996,-0.02644152513006877,-0.04808493143394198,-0.038933112615847865,-0.03144953036057469,-0.015160153033953374,-0.029567070320232407,-0.026473997415658736,-0.04929058291148029,-0.01912703756348162,-0.010276281970437576,-0.019623470338418172,-0.05767498816278186,-0.047464714807668645
2022-05-06,-0.03171903316183978,-0.012937956956121903,-0.01032351433825347,-0.010304862071211401,-0.0205392966573179,-0.014446308579174874,0.02937087865123643,-0.007170587814707138,-0.006781674053035612,-0.008077094161152923,0.0010432466299738106,0.007924780037462241,-0.003154067460741992,-0.012754233580387405,-0.024604948374271976
2022-05-09,-0.055369516117758304,-0.043296148833741215,-0.03067605181393497,-0.05195627340467494,-0.02980555106749868,-0.032095929665896514,-0.08635403090387248,-0.024181780464447928,-0.024480761922810602,-0.039468315487196134,-0.00039097917409783734,-0.007506145426157707,-0.026231072661424465,-0.043552328416761286,-0.034422793979960294
2022-05-10,0.012962380712584258,-0.019541230464643383,-0.0005181401231973846,0.025521564866996166,0.002819781845071711,-0.006249864610100714,0.00903078963442229,-0.008886488713568853,-0.006565816566862381,0.0151298066094825,-0.006934929824534638,-0.012213163179084736,0.0035532066541282695,-0.002976952851697931,-0.01668117191815656
2022-05-11,-0.03382332646530904,-0.0021353485392004283,-0.014041481694193303,-0.031151136412776014,-0.018164776036448962,0.0004916434956980261,0.01333098121479664,-0.009266141446050523,-0.00911280393975208,-0.0320711183876171,-0.0043425236795112876,0.007177097603858718,-0.0066428204326137805,-0.03649506115335429,-0.03988140437422453
2022-05-12,0.009004436102587611,0.007136284348954013,0.0017059291244689526,0.004723774157788863,0.012112620072329027,-0.00184475784376333,0.004233907367359608,-0.007535875770683382,0.0018510430799526289,-0.01036499743241969,-0.0002637699349839526,-0.010147823697130407,0.009633543561928309,0.006846841516562154,0.033039203587148784
2022-05-13,0.04810764677318312,0.026704742362938603,0.01857562326495281,0.05109832553601402,0.026753443554775536,0.015269185239088587,0.03361120692976101,0.014419214388448683,0.012646656305348671,0.032693874495798775,0.014925598749060694,0.011829593257428087,0.010553175550022846,0.03861713160683941,0.032720749972847324
2022-05-16,-0.02394762974975689,-0.006635734099020681,-0.00792506787109579,-0.016277424671691212,-0.006224825899329904,-0.001819934929814846,0.026026449543510327,-0.008385977464462263,-0.00139715638014845,-0.00887197513570602,0.004537987258812165,0.0030751655948862396,0.0073600828262170015,-0.02183601308215945,-0.011883665598286498
2022-05-17,0.01731289020734538,0.011069240577622784,0.030784973954905683,0.046722976248944205,0.02263794378142284,0.027904614989980238,0.011512331716700765,0.026414722314567284,0.02244189449056822,0.028550754931396662,-0.006879906503532398,0.0102750344391301,0.013646417024411338,0.024916910897553598,0.021874878494492603
2022-05-18,-0.04049824093066743,-0.029335651864644832,-0.05907185154412802,-0.048957305467377324,-0.0312987599663305,-0.03155435062227542,-0.025969355061913658,-0.027919560856454008,-0.03794271015888467,-0.04683630008244288,-0.06651148721788304,-0.009716971729670528,-0.02615193111511411,-0.06761943969473044,-0.0865330117928085
2022-05-19,0.01712619510872763,-0.0024395736745185257,-0.01845140779152106,0.0002631457289607052,-0.0008000127155062092,0.007044526729400534,-0.0036777974265280247,-0.00664864788621819,-0.008998240967390091,-0.01102723183123786,-0.017980563278840234,-0.0020944031815999546,0.0021864045964300623,0.0006997758525839108,-0.0006378495464182451
2022-05-20,0.012081888286100828,0.007617429095614871,0.0013585756528301143,0.0004821398021075701,0.0001999437600141476,-0.0024237603699997904,0.004289486549458877,-0.0018209149772539937,-0.010861385693031557,0.002215231834114151,0.0021236718572065997,0.002791724131482234,0.012092993996014545,-0.017578085254125297,-0.021932771143870645
2022-05-23,0.010426194974816033,0.012151934624361973,0.017581960802364387,0.007988411142247152,0.012822671806910301,0.01815493849531084,0.026072713546166137,0.0319861640755145,0.016248024261890707,0.022706696249051847,0.02044032986264707,0.011916377931655715,0.008745637967005412,0.007450431653723676,-0.0024488025604065327
2022-05-24,-0.03540906895686641,0.009533715857796875,-0.0193483021479689,-0.026745860320456272,-0.039485545684480004,-0.005735200041979364,0.0038052885925849533,-0.0020616733327350925,-0.0005482495351501659,-0.014954062284289122,0.016220207167960805,0.019775812252564286,0.0029745715740401497,-0.02606889736059429,-0.03340565340963823
2022-05-25,0.029485274120351176,0.007091109103224517,0.010954748596586827,0.020596578369747844,0.015800001443976183,0.004424102606390184,0.020442567500566007,0.00792830785103002,0.005797058447526394,0.011591873964747177,0.0002727680079847039,-0.000675385766998915,-0.000304653492847511,0.027834413780188232,0.06652230724302927
2022-05-26,0.021220184753397032,0.0009212726572226911,0.03046723098418696,0.03287583460143937,0.02111406572431387,0.018205901591598635,0.010987363208643465,0.02284314427027891,0.020082832827333176,0.023739156327102072,0.010576321288815,0.0028336761734126144,0.004256911429000452,0.0478793230632567,0.046649384511105986
2022-05-27,0.03379037758916285,0.026452689573881978,0.019764981729757432,0.03889834101282511,0.023680520331193618,0.02315993743580715,0.018123184861495334,0.016726540160553544,0.020315940399438615,0.033278004571542064,0.011533043605465088,0.015510258771743229,0.016475830745144058,0.03373075262519446,0.01868920180605322
2022-05-31,-0.019983001990194815,-0.012230622161821672,-0.007103022084596386,-0.004161714611260209,-0.0007740074038378291,-0.015341311535516801,-0.015137352155620606,-0.00281556399263194,-0.008098189111103375,-0.0071653849968850445,-0.007091638544222101,-0.013894795378559291,-0.01344643003979841,0.005060050150973275,-0.02019950002065848
2022-06-01,0.0056509352035906115,-0.008916068279645143,-0.01066359228471412,-0.016572974943690297,-0.010604723059574385,-0.010047108185971978,0.016153214158705933,-0.016200114702826597,-0.00614329595798669,-0.0029946533962525177,-0.013111008667194347,-0.0016154633931838628,-0.014472988003425438,-0.010472503900742272,-0.018920339026715898
2022-06-02,0.044891783989728457,0.014348099890105118,0.022148949361254996,0.034724358479311025,0.02377609468230829,0.02721838142067519,-0.003164461800690969,0.01365965829668298,0.018943873039298793,0.023920408277551587,0.014452751703389834,0.006714890500681401,0.007871907163306458,0.030143314060526873,0.030939941122219615
2022-06-03,-0.02358910600664819,-0.013432716228233733,-0.006772849950478025,-0.029913822753229468,-0.02201728640414221,-0.00975966723494696,0.013157574077433554,-0.014519819420244398,-0.0038648600378540948,-0.024206461702704546,-0.010108554676502119,-0.004830301489897527,-0.011792573884709471,-0.02968561468583888,-0.017019949236290438
2022-06-06,0.00010217120310597657,-0.0034627328725094562,0.007918291001757243,0.0008270889220081956,0.006811454402128491,0.00941664464604505,-0.0011179726110615153,0.0028635900173089777,0.004177658051639255,7.171773879527695e-05,0.0004061767456259417,0.004428704791441169,0.0001538199975055837,0.009949995553035065,0.006510645355391735
2022-06-07,0.016210492585988685,0.013277375221812743,0.0046113979279491365,0.007946201317376026,0.005415877665254265,0.007174932377765508,0.029425132065345916,0.007691225686527942,0.01335482730234609,0.011857741332192966,0.005267284634024246,0.0060076552078666585,0.012932082283562463,-0.002461964353612526,0.006318984707273423
2022-06-08,-0.006756162689129136,-0.023223679007646894,-0.03155824433842359,-0.021052560253394585,-0.0017376457975337416,-0.020985640935315554,0.002169778526191744,-0.017750168675284828,-0.01826518821011143,-0.011358108124038813,-0.012333150509127862,-0.019760204457747368,-0.007938273214738245,-0.005920511966662977,-0.0009004886978814339
2022-06-09,-0.02478204724950134,-0.02243281285642038,-0.020904295046397705,-0.02695466296822823,-0.028618061151284683,-0.023925239160674388,-0.022354736004556213,-0.02545121080787932,-0.01988651881150727,-0.027063952471350187,-0.015114415872767288,-0.024322594758066602,-0.022866636032000176,-0.018241530129356344,-0.01162553224528853
2022-06-10,-0.045085393560749885,-0.02224456680642543,-0.030714418720252636,-0.03770386839263181,-0.029051819115607516,-0.03110174583053991,-0.017100285262636298,-0.03681776127229485,-0.029930732398994592,-0.03919396093825608,-0.004301227911697214,-0.00768001502391736,-0.01620386488118755,-0.040692207874236955,-0.03523761531511831
2022-06-13,-0.058540159658832955,-0.05057067808612423,-0.033922065815418144,-0.05718477890350036,-0.04876475682913921,-0.03984301449588781,-0.053604014258708206,-0.030272157417780984,-0.030513659669937937,-0.04533304511025333,-0.021787318798540477,-0.047067613489410666,-0.030749192606083258,-0.04726829189361885,-0.04340134141801011
2022-06-14,0.0056980173738058705,-0.007879934934988361,0.010180222213375847,0.0073059225799761715,-0.003444989781526131,-0.007674539622647915,0.0019013211185433133,-0.008591976460892633,-0.0025001990824018473,0.0062858798433661316,-0.01186500566673654,-0.02559661340796869,-0.009578259364951613,-0.0007987629863135711,0.00785477188706841
2022-06-15,0.026194477738486602,0.022335081551583626,0.009937808082337766,0.018150256621032014,0.02513171995815121,-0.00025687058485384,-0.02232734146825443,0.011123651330484501,0.009624947809097171,0.02088003357786991,0.0010060601958196598,0.006460967805891361,0.010071135308681475,0.027719061212105545,0.01985071538478783
2022-06-16,-0.04544506679894949,-0.025435571335160254,-0.03276198388450024,-0.061091667770145006,-0.039687659826430986,-0.03675790801477742,-0.05797254272991264,-0.025609614836791878,-0.03392494905643088,-0.04155701568881589,-0.0076429204275247145,-0.019509039849968726,-0.014811444492696446,-0.05019338767248449,-0.05282522932603926
2022-06-17,0.019479325159241886,0.00813256472667236,0.0028877346295348764,0.008153702265051988,0.015957198588587292,-0.0017334012270960168,-0.05622075978733403,0.0029140288001102232,-0.0025678183768041065,0.00910906779825859,-0.0036256288488793545,-0.009359689843243443,-0.000583719358224599,0.010859625700127704,0.01885739964243216
2022-06-21,0.01828402544955651,0.015507534664135363,0.010992706913508125,0.027954771780825657,0.010711144745845806,0.015006801656376597,0.05050904666026297,0.01976052804755086,0.018077915743665962,0.02512857384047031,0.026335063815419186,0.01885624439714141,0.026565139987207005,0.02820236005900877,0.013830740508268524
2022-06-22,0.0018698974658129426,0.014274968528915629,-0.002712921318788827,-0.014191384012335235,0.002341377674571333,-0.012925822771692155,-0.04085473591769194,-0.002233187917725065,-0.005549136529180534,-0.004245563539078072,-0.0007134776648772005,0.01046616341361883,0.013771066468168546,-0.0019350604385238372,-0.004764640610908305
2022-06-23,0.0357817028990639,0.0194094897362488,0.00806984209194295,-0.005193309743613627,0.013361005497019183,-0.013774814098243814,-0.03777165412093983,-0.0038400378126667496,-0.005113768269292404,0.01485907828798867,0.019217742300459962,0.02326774817730215,0.02219745156331866,0.015587932224768525,0.025045963318224767
2022-06-24,0.04176317393256443,0.0210625215468537,0.03607717308831636,0.04127310208063902,0.03378577682452185,0.03893848078265104,0.013075354862040818,0.03620733690617083,0.03435981422869798,0.03531067574449909,0.0194045884937099,0.01724684930521057,0.016465888807654927,0.03742920736492786,0.036430832434946346
2022-06-27,-0.018671321956431005,-0.002235708473500032,-0.007920715351740552,-0.0033364204954008264,-0.007444004830107659,-0.008273688241151302,0.028912051591688748,-0.0034071035531472813,-0.0023672808252495152,-0.006766927542573079,-0.0027489214795226578,0.00808185597559366,0.003708436609912075,-0.010532415704302066,-0.016552614954379905
2022-06-28,-0.037763322189474875,-0.0119003448094493,-0.01253516085385182,-0.025527346304223538,-0.02707777027473626,-0.010739452343064415,0.026646527004476315,-0.009978256407884387,-0.011692054747453889,-0.03040849727502712,-0.013441754745298537,-0.0037442901423815162,-0.017581152122969523,-0.0407643097755496,-0.0372136391236116
2022-06-29,0.0028858546667142795,-0.006058020039256434,-0.005273594801054503,-0.01777517042351459,0.0016812959083592155,-0.0072241030875152285,-0.03536976563076748,-0.00565675501771628,-0.005840332489340663,0.0020198458514257434,0.006258126855873598,0.000721143070720475,0.008673491742115841,-0.0007883345864329301,-0.02331271287055113
2022-06-30,-0.016662409868626618,-0.001955047214628903,-0.003797406691115111,-0.012584386257058372,-0.012891178523220938,-0.011885601231728774,-0.021306810865447234,-0.008863719586367906,0.003096178274760542,-0.013439623405346886,0.0006931307470499375,0.011040331887310444,-0.002258657359654915,-0.0148011621840576,-0.027473228360864667
2022-07-01,0.016261125670310576,0.018633706756974056,0.011766952671738861,-0.03873189013386256,0.010473593028858702,0.0070403014960419225,0.014852146341526817,0.013579880173664837,0.008663960624855917,0.0022787175195389782,0.014305709634519442,0.024230071353580566,0.011166317740508701,0.018235275443153596,0.009752868389189621
2022-07-05,0.0255440146938259,-0.004170411183558911,-0.004512929979660062,0.005241631507461431,0.021344834933005066,-0.020307561982366263,-0.04048912981972516,-0.0034564780386252365,-0.01509630035380979,0.012479535673627015,-0.006439691271601082,-0.03469393691656026,-0.005800294963895524,0.022109439039219945,0.03628261367412198
2022-07-06,0.0014218722381191516,-0.00010710925221860797,-0.0022873650556021635,0.006778286822768975,-0.00164933702140512,0.006313564031638533,-0.017220454348448277,-0.002521082340663558,0.005745169270214432,0.008567209503294787,0.0028822309622291245,0.010321249581388477,0.006725290532343855,-0.0032889651231014765,-0.02376144337521754
2022-07-07,0.019905721387867285,0.0017132767728760287,0.015351665717316302,0.04514428196420687,0.016476555257701864,0.008853854673172816,0.035418297820603795,0.014411229159769653,0.011731916480519284,0.02046233937836948,0.000959285433695219,-0.0009986986634532584,0.004228177267407161,0.025466810065860053,0.036325757051311754
2022-07-08,-0.0034882223233697663,-0.004933626555180814,-0.006047366156008411,0.005382465738529676,-0.003762457598639182,-0.00981170640235474,-0.0004228964025573612,-0.0021797073871560385,-0.004539426438865354,0.0004517174348579362,-0.0017817178460325753,-0.0032887149284800913,0.0029876222213724795,0.00013664971847359222,-0.0071603134307017076
2022-07-11,-0.017377057986451255,-0.0019372541756851112,-0.010613835811295613,-0.02425659557820293,-0.027999302180533082,-0.0027429474557864836,-0.00963033337957863,-0.008137872534310763,-0.0067342621895220625,-0.013868638505377373,-0.001372804726730969,0.00628200626082204,-0.0025271768425344596,-0.0277786208082852,-0.022795748772761807
2022-07-12,-0.037900264887468775,-0.005075662763777243,-0.0034221666630001985,-0.0003929864682298681,0.00010469498772741827,-0.0019245270676080878,-0.01968883333730644,-0.00630490260740422,-0.003096981214127399,-0.013754027285506346,-0.0028888065804839355,-0.004850886141702772,-0.012811004475242365,-0.006059248325794793,-0.00016711188834201242
2022-07-13,-0.009237931995852114,-0.004231589346342772,-0.01071708855570852,0.007878111443567898,-0.006727450591886351,-0.0057954489877890146,-0.0015975922311976963,-0.008894691254151927,-0.012251636493656242,-0.0026338503838367867,0.000688623685673615,-0.0041561862971773375,-0.009756241079945363,0.008164259645277162,-0.00016713981939294004
2022-07-14,-0.00868459036560614,-0.009833964649508236,-0.004710232501781353,0.020884932923083847,-0.012310553303442568,-0.018577394431588796,-0.01907904485787682,-0.01933066401433429,-0.005714586131207547,0.009112154414528662,0.0008256069738717818,0.0,-0.002906135614194357,-0.0008415171013221147,-0.012784112791968748
2022-07-15,0.024731082901183282,0.016876698216483396,0.02221330160165699,0.024936958833061025,0.02384597248264751,0.015528132955889179,0.016167454399854633,0.033272427872912826,0.015550935080575342,0.017449844998409524,0.003295744070700116,0.0018652628824294521,0.0238615173658402,0.01600706671842119,0.02375485134191765
2022-07-18,-0.006070251585693893,-0.00813081674732691,0.004281739510804545,-0.007430090901476619,-0.003760457278864064,0.0023572499110658318,0.022631780899958653,-0.003783010779336357,-0.006005957854459581,-0.009716124618833562,-0.00978164643064268,-0.0140024836442212,-0.02134742713867436,0.002895454647594423,0.01672180096554627
2022-07-19,0.02844859437615619,0.025470273446744046,0.03482226325895423,0.04467208958188692,0.03192828601031469,0.03001178586684425,0.030321986963000144,0.029564726122467924,0.03505920997129157,0.03005507198089893,0.010466966938978682,0.006376139838888371,0.016882697336427194,0.030175091044431387,0.032941859255209247
2022-07-20,0.03295061494247607,-0.0029754792008723323,0.007240046237943456,0.023275843683466857,0.015090947950244701,0.0017457549277334473,0.009632637260315028,0.0036733172863867417,0.00768862595113486,0.015497301435174167,-0.006735781507335983,-0.013378395450067406,-0.00992404288667863,0.016297958451266165,0.01854640074964782
2022-07-21,0.01781709000514675,0.00868912301840283,-0.0033901682170309204,0.016645042874034812,-0.0008991059180045564,0.014119869951892272,-0.017684858483995505,0.006395690544961371,0.007189113604854494,0.013967838575444286,0.003029806502307549,0.002631454621800864,0.015693488928495734,0.022611744891562955,0.0016970894486158133
2022-07-22,-0.02094532599339431,0.005996145917742791,-0.005061700961510958,-0.022887260911632373,-0.03767873330855694,-0.007168154452249608,-0.008257951538931795,-0.005784770346399298,-0.0032011920402248754,-0.013895429420447377,0.006578972998988866,0.013631537665559502,-0.004150500487889019,-0.0057990009284279945,-0.017259064757160637
2022-07-25,-0.012294571846009801,0.001467157847678574,0.005240635725837955,-0.006192858849635806,-0.0025978703567605937,0.0041215394009726704,0.03602638276257973,0.006391549953380835,0.004742821521340405,-0.006360043436226776,0.0049057222526923735,0.012452762312856176,0.00522410937607296,-0.0086317277940985,-0.012944237437705973
2022-07-26,-0.0314690914931312,0.0006281741152770018,-0.01816725645805568,-0.01520127341867458,-0.019012317058499113,-0.00678972915248011,-0.009125559022470111,-0.014054633982481158,-0.005406177811721287,-0.01634102614236274,-0.0023133434120186087,0.00595681807631367,0.005120359852238814,-0.03272886948283947,-0.04251814783716493
2022-07-27,0.04184709799373856,0.008337610055327906,0.01865846598478675,0.0457456791690971,0.03960816245380097,0.01195069705958965,0.022324065989969666,0.015267891496541439,0.015369825460319106,0.04211525749464555,0.006789382714860218,0.0008477136791170074,0.006231600494899455,0.03715146779148228,0.025533195697938733
2022-07-28,0.018454420478103393,0.032672791603867934,0.01893017834158185,0.012148311141923574,-0.00818758780588461,0.01753278169884989,0.005603690897572316,0.007246039605373659,0.020701417101464437,0.015109279335232382,0.01584389005977518,0.035257369861214465,0.006343455202402822,0.017050632960019883,0.019682322933289625
2022-07-29,0.0111348526180792,0.005809140648037705,0.020254504392037475,0.008298760491567348,0.0021560089495664893,0.013270972028455296,0.04246005096765227,0.014040599125653093,0.020386076228694525,0.015231080266352627,-0.007756243083337586,0.008555586103372153,-0.003318081873358939,0.038054333870839736,0.007891585458560425
2022-08-01,-0.0009147301881842751,-0.008424590980099537,0.005566042628678539,0.002021879612930436,-0.0010263397102253167,-0.00809633716314222,-0.02087451575689853,-0.008340921079354751,0.001045127407740378,-0.0021516824544783337,0.012407461170897116,0.0010812138177091577,-0.0074290240265878745,0.004962242616414971,0.022999846835212424
2022-08-02,0.0016594023190913368,-0.012975153148005444,-0.007457044206184693,-0.0020640937023508428,0.0009237042514902448,-0.010245784682438485,-0.0023466700371197547,-0.011129664203216493,-0.01060542487676736,-0.00711285183368936,-0.007987295008635896,-0.0020283949777580488,-0.0035826926939167936,-0.006868033813691304,-0.009725782391683677
2022-08-03,0.031541455829691,0.0031578895244825543,0.01451968668150576,0.023627702188779395,0.023513737164494036,0.0010424910594296387,-0.02913333356243406,0.015010838585816103,0.009351310018381532,0.026246347285628482,0.006527602278440324,0.006207019534070985,0.009121946619046483,0.024074083191946684,0.02829591176412117
2022-08-04,0.0017689620770724856,-0.0005089292435627428,0.008527473741857458,0.010120636947979943,0.0024011760080030692,0.0006508582659865524,-0.037791880163147516,-0.003282738277309441,0.003653560029119655,0.0045569702084290314,-0.006661164407091836,0.0021498192356119382,-0.0049306379556347465,0.004076549899082005,-0.0015092069773989193
2022-08-05,0.0018964526387517337,0.0028452503584337203,0.006118591223322131,-0.006831450349310084,-0.006818336212426522,0.0035075252439178443,0.019622111170659304,0.007148786547989288,0.001561938738033996,-0.002309999100244102,-0.002275210362361078,-0.003630455090403486,-0.0003802412284036733,-0.017196834069168422,0.010516867216340825
2022-08-08,6.536304265602361e-05,0.007984559758624787,4.1815481246159255e-05,-0.01743204657897057,0.006318533364118628,0.0055611372986926755,0.005186444295287817,-0.0005937488920032604,-0.00031239464719414964,-0.00853841338660146,-0.0005358706896679039,0.0014806358547915616,0.0023553654267212815,0.004493774500320093,0.03538511621084893
2022-08-09,-0.015206171738902128,0.005921663544286938,-0.007969433439694782,-0.042754062867629596,-0.009846505335234911,-0.004912659239841839,0.017408016172064424,0.005036325446233452,-0.003648989261573728,-0.010066509294832736,-0.0014755229815808942,0.011103127400973906,-0.0030403990084180055,-0.016062782412853423,-0.0391283565286632
2022-08-10,0.037175130828773745,0.014800206659895699,0.032197091359128585,0.03970019978296595,0.025323153465454506,0.027987107792912535,0.007198165980419064,0.022210358478229983,0.021697337514042812,0.026936171664800265,0.007356388616495322,0.004380684123948613,0.010827176451175136,0.02780812000563885,0.03290570826355214
2022-08-11,-0.01140890631612061,-0.0034568703594147925,0.005733376122185701,-0.0002094816268153915,0.0032434288552435904,0.0033967633821035312,0.03382190472938908,0.011780133177084056,0.005300667440842083,-0.003919783542347839,-0.002401589041987561,-0.00013286806498230514,-0.006497314160018627,-0.005102688849264857,0.01926459684503457
2022-08-12,0.0191439542637376,0.01590133013918487,0.006425949913650396,0.02785298212771221,0.017219033931935385,0.018664349423592064,0.007547192225620111,0.01558759619890646,0.014934773290340682,0.01971378021509503,0.00864548453145214,0.01616224604799767,0.012728434927250698,0.02237766765036149,0.01680253832940476
2022-08-15,0.005943569044311848,0.004857275202525487,-0.0011287075699944595,0.004513582512575961,0.004331049361574594,-0.0006167104374892658,-0.019690562621654,-0.00028139036791144747,0.0024009162731254115,0.006287804532320394,0.009883327983375883,0.008307429675966,0.005001542407145267,0.00686264728338413,0.0008397032035382471
2022-08-16,-0.005753364171318477,-0.0036892474514903127,0.00695315356538019,-0.011342861776770167,0.00239764353676898,0.005535538810867218,-0.0023422816297639973,0.007287014748058127,0.004486410934488495,-0.002708951811395455,0.0112140957868442,0.0028399689701219676,-0.002684020080704849,0.010986685083463593,0.03936580107634997
2022-08-17,-0.01671947254979667,-0.004191246776049527,-0.01651672863985227,-0.021694522780745948,-0.021791400199498073,-0.013834215641201077,0.008303143413935472,-0.005039019652381344,-0.007989666458577042,-0.007170559645719318,-0.002856697265584636,-0.0016771985026050598,-0.0058413062868369675,-0.01081138951585086,-0.028928127346023808
2022-08-18,-0.0008385532701526365,-0.007746550807266471,0.004995994700315992,0.013867498339333241,-0.0026471811617567093,0.0031045643873948616,0.026518661755219334,0.0011217629968248318,0.004002570229083819,0.005183808671990736,0.0033752807441664676,0.003737436335892636,-0.004440908569227528,-0.0002922991987281124,-0.00708578162879137
2022-08-19,-0.022414939120782126,-0.009196426088914193,-0.01584503656155481,-0.028567921419168894,-0.01732967776250026,-0.018521329728572424,-0.0002516853867316482,-0.0201051407532544,-0.01296693174288309,-0.018330427013485733,-0.003245238723744228,-0.0005148267519275127,0.002712211074962864,-0.020851939767117286,-0.032594652478380726
2022-08-22,-0.027564889867415232,-0.021083022188777573,-0.014803845716779784,-0.03547443275670441,-0.02816259109129989,-0.01604314192369038,-0.00188966225380929,-0.022271636009134774,-0.01920362137963589,-0.028281167563180304,-0.010193518802500951,-0.013735870682047473,-0.013177106720496174,-0.02814863505885416,-0.03205561650410447
2022-08-23,-0.002173042694312672,-0.013380511160495488,0.0010020712534703226,0.006460568208509221,-0.007424767958110374,0.009834544479998873,0.035426230425786215,-0.004103186946488578,0.0018545338019700158,-0.0026425415636341385,-0.00434405153052829,-0.006020293595154779,-0.014048362521185286,0.002820191652979501,0.0017834713624500734
2022-08-24,0.006370047272002776,0.005946295215948494,0.0034579363581923404,-0.0006573200956647501,0.004853148153691535,0.0021586346266725463,0.012216699764152909,0.0052724063792202215,0.00328873891886153,0.000626553975927703,0.002503347425891842,0.0031455540021000593,0.0012360724726905217,0.004276201144886107,-0.010747945107025888
2022-08-25,0.008408487850957241,0.01531710407056687,0.013549539145359042,0.03302725699358525,0.01897822260906938,0.02244736421313631,0.007664531449436037,0.01536507869796285,0.015172772060314603,0.016769819077420842,0.004595257263324243,0.006131018984819737,0.010981240689647299,0.01187751959599742,0.019028416674961992
2022-08-26,-0.03611335657017305,-0.024868851905466043,-0.03528637926159642,-0.05720821223490351,-0.03340002725164864,-0.031108739820600112,-0.011760409557922636,-0.030376228521035335,-0.03527897069314684,-0.04364302817229886,-0.025069376687876198,-0.015465360400269228,-0.028271254025120776,-0.03881627841130364,-0.03537005419638974
2022-08-29,-0.01479745208215338,-0.008914579462904408,-0.006952195646567423,-0.0187218519683656,-0.007236726852510181,-0.007060944606825276,0.014976445551089464,-0.007142948948618241,-0.0045119972441375455,-0.013313995040526709,-0.001613149573376166,0.003033420279364274,-0.0070165770812717675,-0.005337033262097559,-0.004127649518756787
2022-08-30,-0.002081482018400399,-0.014684771871710833,-0.014528957129314199,-0.011505510881248274,-0.010050389061889944,-0.01649703524453292,-0.034479983695181814,-0.005390834177364716,-0.014512064455320908,-0.010487472668037384,-0.010413247005231363,-0.014724767962847636,-0.006667730202034724,-0.011206529360906794,-0.0109356346501215
2022-08-31,-0.006661511518520561,-0.004023214375964596,-0.007278805620773233,-0.006827479153959622,0.0009564488974557151,-0.012388108219228696,-0.009150459473471076,-0.007535916398824377,-0.008465138475129167,-0.00978471229929773,-0.006136210738914534,-0.006569699861350974,-0.006391883345227445,-0.00991793639164639,-0.017970707540050642
2022-09-01,-0.014467026196106342,0.0018019638055223066,0.004103583600527848,-0.022100179610685916,0.006353361610102817,-0.013215189640371404,-0.02490385987207503,0.0030214426213618427,0.0013979963462771759,-0.004891469404451121,0.005592240963981938,0.014290651516835357,0.016297928864409908,0.009089832119239867,-0.0023679869475482797
2022-09-02,-0.006550112896578199,-0.013004019779032488,-0.007872710152336022,-0.009863511621529018,-0.017354909993541806,-0.0009412783280271732,0.018173242156046984,-0.007874411681703098,-0.00971835030014615,-0.013086417374204325,-0.013143447653949892,-0.010799323516663871,-0.014456138991624793,-0.009218449828210793,-0.0090498007126475
2022-09-06,-0.00790972341829064,0.01141428358268083,0.0021055364121999806,-0.011226310743123896,-0.01286298513086048,-0.0030981368826241452,-0.009297621724460917,-0.002434941754302943,0.0016261957753270183,-0.006646291323707046,-0.005666554331582438,0.0025437477356634692,0.0009596227674455634,-0.002060034744499389,-0.005277227453898337
2022-09-07,0.0205012969512827,0.01932823725720561,0.010808063348955056,0.015834999004394466,0.017577624653880745,0.02728211666828062,-0.011681145587671422,0.019617065619699923,0.015905855564356287,0.015861727001313986,0.017857457086325756,0.03080832987408492,0.01617425083457753,0.030214710855589147,0.03187411896498691
2022-09-08,0.013355120112201658,0.002908887035045715,0.0022082849567018523,0.013463973939102147,-0.0003208382789453778,0.009668419429926299,0.004332741415777566,0.017479288163603716,0.00298093252817592,0.003424954844778674,-0.0025899141229123825,-0.0007783945235931912,0.017231712420633954,0.00927361677288033,-0.002176794573852092
2022-09-09,0.02804600641344333,0.0094982691092719,0.01808715776370541,0.02450707108025196,0.02804616838648314,0.014969764174491364,0.0246180902363994,0.009063340685673275,0.012885722845012448,0.01957827852583507,0.009780089265675383,0.004014020169003117,0.008774194541702106,0.018779175774269033,0.0270246104020859
2022-09-12,0.012613261442149979,0.008594393605470006,0.01115101027933867,0.0024869145490581676,0.007561449059749242,0.009307297878005391,0.018195760043855442,0.008115780707986759,0.005963945624004666,0.015907745119168055,0.0039120916238409255,0.009517778153958342,0.006644215248405003,0.012806877426935892,0.01712279359499662
2022-09-13,-0.047795436292376876,-0.03768180773324996,-0.03779525735086815,-0.06136655917207724,-0.05308184724395482,-0.0363113387470448,-0.025542662239246852,-0.037951157961698276,-0.03838670523949384,-0.054545443182142425,-0.0339616736741813,-0.026986479440653917,-0.033594277477690296,-0.05293740195351963,-0.05951770022167149
2022-09-14,0.0004986671340608151,-0.013204338362129314,-0.005204522780985839,0.010799277919347677,0.001739346619305899,-0.01231378786516524,0.02785486257426596,-0.0030029288189205197,-0.0019530232906438774,0.0036297826988782663,-0.000418244684873281,0.008120637951194254,0.0005509028199599134,0.012765347635301554,-0.0015819067436108232
2022-09-15,-0.03276014437551696,-0.01849981100691334,-0.012087732606683506,-0.017965755650491598,-0.005883078751075062,-0.013277222587294333,-0.026106701540680417,0.0033026958259945783,-0.010481480843580963,-0.023291800806042026,-0.008396389036471538,-0.025230687884429368,0.005570517828037252,-0.005136508587218457,0.003792189492147349
2022-09-16,-0.018983087784574894,-0.0007647227491445147,-0.04386687589823567,0.004472789473023221,-0.011317936704539356,-0.01592200922248352,-0.021565785474714702,-0.009033685719694765,-0.021074546578968838,-0.0055781021581222095,0.002386462394518301,-0.0037533220268927987,-0.0028205469620213508,-0.008071998207435172,-0.014614936769573084
2022-09-19,0.0040422346221740835,-0.0013120776571602971,0.01714938008977189,0.00655000093573933,0.003860233855203402,0.0164185139372652,0.0005925882171133453,0.01127807420761375,0.013480733261133603,0.008121734509964377,0.006624075244333343,0.013308735406151344,-0.005402826724564838,0.014049847739085618,0.012520404702620875
2022-09-20,-0.014788346309327379,-0.024703588475133643,-0.01826282695678772,-0.013933314289944316,-0.016762212544910504,-0.019181257983205465,-0.00697961949823972,-0.014841880381353142,-0.012523703772595872,-0.005888839113977615,-0.005481802245225031,-0.014647528524178888,-0.011791178882430184,-0.01709991808030226,-0.026406437282810495
2022-09-21,-0.013856486779642317,-0.015257166703666497,-0.014732110540530101,-0.008384509521617796,-0.02310121872849339,-0.02209882235814482,-0.014764662599920342,-0.020968999888203346,-0.013366908935714369,-0.015743472508680464,-0.0038124642564558316,-0.013767545073649736,-0.01672815458873942,-0.02395966031618315,-0.01099166718580932
2022-09-22,-0.015455523895420842,-0.009957210359079075,-0.026738386208389503,-0.028091246400823614,-0.008051836351677298,-0.012093837189316723,-0.003560380720943648,-0.016970833360554567,-0.01516730793584568,-0.010236150928725823,-0.0014160546497424655,-0.00357451326860623,0.005283017914114157,-0.02334554689641348,-0.025901779154008115
2022-09-23,-0.015301725214016052,-0.013199040406213442,-0.023551009756377528,-0.014399071413916598,-0.019827929705728078,-0.020681904165455206,-0.07144915970998524,-0.015974869988605686,-0.018934521866440387,-0.013166518959800592,-0.017148396896877183,-0.011637700167285908,-0.005120098336963807,-0.023289341405959476,-0.011749792175131599
2022-09-26,-0.006202743102555738,-0.02742618525244347,-0.015032242435346295,-0.011712515338898288,-0.017348646756013143,-0.016354017057906716,-0.02485250575611068,-0.015906768894577955,-0.010557272613547884,-0.006974446136539047,0.0007204638005187605,-0.024403421307887106,-0.009578879271318175,-0.002256303943158949,-0.015710246579042703
2022-09-27,0.007707914323582728,-0.014386663411499228,0.007241127954191561,0.007545297882204553,-0.0034819307437884564,0.002225780561491094,0.011138095521738802,-0.00426299089759561,-0.003344594054889193,0.0013012627865347814,-0.01743461977872741,-0.016993548162132575,-0.0030483131304299225,0.003144008711441596,0.010902553794742215
2022-09-28,0.0213411002695099,0.019217201454790993,0.022689078391195744,0.012656262544523051,0.03073406703932879,0.025462234511395735,0.04335052883932489,0.01952549148138916,0.021776081025304813,0.010510345110780158,0.011946529561450881,0.010690539407752357,0.021630704397802205,0.026662711682114384,0.0338439926608723
2022-09-29,-0.016878740959944252,-0.02896645088320662,-0.01769096047285151,-0.03199977145483433,-0.024976100820694982,-0.014847463047951967,0.0,-0.012648237628386513,-0.017478021900076926,-0.02640315374706238,-0.016647518286075975,-0.04091767900718298,-0.008433403655091503,-0.03516003888732804,-0.047359943575499684
2022-09-30,-0.01452629451883896,0.009626339695909958,-0.020245530096032673,-0.014905600998407355,-0.012786505932731642,-0.0026431183699556233,-0.008021225550885384,-0.009180178017932649,-0.013191336142574485,-0.019343739866246865,-0.017528615240353113,-0.019500279846568075,-0.013857891453859126,-0.019878389980343036,-0.015471598154559674
2022-10-03,0.02845620334686112,0.01849641945562433,0.02358027797007684,0.0352402354828755,0.028484351030455168,0.03197854511681609,0.05497277832892159,0.02665079518688653,0.029732326286645985,0.030511504538183454,0.017086673704991874,0.028887155644466717,0.02035127716004474,0.0009821446899213027,0.023983628283817914
2022-10-04,0.03692393604322727,0.01922578206614479,0.03960283211572061,0.04187294716105183,0.030560493362395014,0.036082903249111974,0.04207796988567403,0.03652794040661904,0.03421016486042163,0.033011101075003296,0.01505970732585906,0.0209853966293181,0.022954711906111164,0.03432950907755891,0.04498575626716682
2022-10-05,0.003961779347511059,-0.02019085919063603,-0.009742580660276624,0.009853105573645044,-0.008504813691118194,-0.01132791753258013,0.02045446309204985,-0.007760348287241736,-0.005450205462777979,0.003312664186284245,-0.005821294354744995,-0.02246937820464885,0.0033155771925985097,-0.005912961714882314,-0.007636388032482434
2022-10-06,-0.00295114734951959,-0.02864692482589205,-0.006337855233539876,-0.00685705531014368,-0.005323311908467848,-0.010614377236811735,0.017621852740180157,-0.01412229565262691,-0.011565934475809461,-0.00822313601591856,-0.014703986971687982,-0.033527842856604075,-0.012849340967035753,-0.0071145478606517275,-0.006519906188760635
2022-10-07,-0.04065827499738711,-0.023752317310117017,-0.029653024581429262,-0.0614851277842958,-0.02800521382935945,-0.025022711981610823,-0.007793669708683928,-0.02398967281926047,-0.019305302255079683,-0.04199716521433736,-0.015073964602124349,-0.02095226709928858,-0.02138105926429908,-0.03500057914223255,-0.02307548815414254
2022-10-10,-0.02873546827953955,-0.011254587726773173,-0.0010504339106107022,-0.033974633736531624,-0.004784704019958271,0.002157103501016501,-0.020751621748956957,-0.0045425381903197014,0.003516731387104704,-0.016951690283306814,0.003602634750808902,0.0017239449002967294,-0.006299461641782611,-0.006204784542643358,-0.004645124183220845
2022-10-11,-0.01767883776961049,0.011000423256534091,-0.009958753128483815,-0.03204970771683235,-0.01705096467265277,-0.007788062450857833,-0.008020147326138068,-0.012763880644056641,-0.0002342779335457044,-0.015446319873555325,0.00820715933444696,-0.003607680207151925,0.005320272174569272,-0.00818931058430438,0.010975860058960866
2022-10-12,0.0006120536145792053,-0.011386440613608773,0.007503627612733496,-0.0060219233868629195,-0.00244230474482825,-0.007556755262448671,0.008020147326138033,-0.0023084403811198385,-0.00787264846439953,-0.0030838075381450464,0.00533553772616719,-0.033879782726748214,-0.004910116072351165,0.002593427999292108,-0.0025616247771203366
2022-10-13,0.013813453431637712,0.01620878740793606,0.01642050836767893,0.030141213787976264,0.022127727141849924,0.028899854662581385,0.040002699154783425,0.040438953020366146,0.021820062542514482,0.03058456517082362,0.01642021608404436,0.02472416230089046,0.023030516746104904,0.010875931435350056,0.012743275811014846
2022-10-14,-0.026580169549195735,-0.025905688432593495,-0.011116711445285948,-0.0435651628302208,-0.017857696807194914,-0.03431205382263078,-0.038007752833770996,-0.01694678065297865,-0.02217374375596572,-0.028527614846739487,-0.01819546404464754,-0.014535673473662806,-0.006756665141257734,-0.03807692273089916,-0.03260404986538518
2022-10-17,0.037383721194692805,0.03623331297297685,0.021427709857194756,0.023403046857378075,0.032224353841339023,0.024628303295927967,0.012379391677082685,0.02484211348284884,0.021596437864376383,0.030024099104687545,0.010751998637734746,0.02070126952910085,0.015933746966012546,0.03978353707646628,0.028035103921326854
2022-10-18,0.016811766774538,0.011213705443366164,0.01570255874485362,0.0002255460964982098,0.00763309201595568,0.019415148361547355,0.00869753281201461,0.015915321905126272,0.023850121262793407,0.00843889488216137,0.012954143013202676,0.018117010951550883,0.005544932676997582,0.01368805635472131,0.014815203962564801
2022-10-19,-0.01157219072974957,-0.025219488906964228,-0.010781143781995453,0.008033537525698376,-0.0031636734570485553,-0.011859428074298585,0.029088554011303412,-0.016544779421905353,-0.00712982746600387,-0.0028875284121876064,-0.004638299335796539,-0.013086266892633968,-0.01408077072736247,-0.011275634067323745,-0.028132691625000674
2022-10-20,0.0072974307489914285,-0.004712385538112986,-0.03049985647106362,0.007914027164524962,0.003748435270868428,-0.007269575302479895,0.0009473251942317529,-0.016183117111403307,-0.019843443235500288,0.0005781730932935096,-0.014045703674743011,-0.02557123616563175,-0.00852838447653543,-0.019537862063883214,-0.012974826534084492
2022-10-21,0.01729955209307948,0.0068700638686505465,0.01955211949022789,0.03389228913164955,0.005712623881500883,0.03403488248573597,0.028469884862134573,0.02931652399918945,0.027085909823078003,0.026403153747062383,0.015207023437339318,0.01833170491911664,0.022214133998949614,0.028709059323883058,0.024255072836351945
2022-10-24,0.00857718089183353,-0.0007608959468397132,0.017343362284467017,0.0031611300346453403,0.006026859469477189,-0.005824406148238377,0.004705298315504155,0.01326973215837178,0.013217273568341554,0.013738231327992744,0.017834671146095354,0.008336601496351586,0.019098751620515077,0.004134612674532118,0.012498071870758787
2022-10-25,0.024626226422597312,0.03906948061998903,0.013575679600703902,0.015709864687342878,0.026005199634444243,0.024455081888567043,0.0010299950963550048,0.011884984000044774,0.01337376269603051,0.01893748133485935,0.01302948946828375,0.019851876921819812,0.007569641737396222,0.024728434005434858,0.039169093541553214
2022-10-26,-0.01768018254280421,0.0019504216415951105,0.006648349521678394,-0.009842923910493623,-0.029362047979608116,0.007032735485131034,0.013519024459331147,0.0024205283054234256,0.0035073136526382062,-0.022513676874708715,0.006591350287342798,-0.00046106421846938724,0.011019211689778562,-0.008083390788203795,-0.001938570483531792
2022-10-27,0.006104629080054918,0.0018251734370050272,-0.004887079350271139,-0.01257613073187732,-0.03348149752433561,-0.0025634848715570045,0.0036044921791785114,0.008126652582401361,0.01163879860584952,-0.011449747756289255,0.000838146186868423,0.007957376280085715,-0.005264960674378337,-0.0038591138192529085,0.006447426267087326
2022-10-28,0.01779646008173265,0.022002639189494473,0.012243464314460167,0.03747097465625738,0.025916992046737863,0.009948662144042528,0.003479265122125271,0.02457519475093755,0.022984593974733646,0.04256629435645608,0.021690693812986123,0.02706521512464515,0.01631481173574066,0.0008973373282834267,0.014831522311432484
2022-10-31,-0.006295606795461624,-0.001189857975250241,-0.0016928765574204144,-0.018639182116820554,-0.01328881874180332,-0.009003629968301235,0.008368276130758495,-0.006160914925145679,-0.00285763660981186,-0.01328434732001504,-0.00589403645063229,-0.00938973737804288,-0.0008284083650136416,-0.006436242337806062,-0.006670818957206272
2022-11-01,-0.013165506845741226,-0.0019067224598261114,0.0048359126565018454,0.0068992605423230735,-0.008440997944045894,0.0025613969308940334,0.009620296204556553,0.0026453977797750742,-0.0009543631080898049,-0.008402997728161037,-0.003166953490904967,0.0038858143917810633,0.0006024417306151272,-0.010188314427767709,0.004293388637801459
2022-11-02,-0.046938405869395884,-0.02720683252447056,-0.029420183741550886,-0.02907551395761607,-0.030424704733696,-0.026329863312934697,-0.02439549695704892,-0.012701495398706322,-0.01776773043150474,-0.03515341959341491,-0.017529567422741147,-0.009742995169698275,-0.017160515117444833,-0.03853954969631083,-0.04279403213361448
2022-11-03,-0.025400297957271622,-0.0007359180401771507,0.002408878224518361,-0.011794534517972712,-0.024418652945720775,0.007574346949723574,0.018324522270259713,-0.010158737218912538,0.010420701409034783,-0.029847905327759883,-0.003374267907927308,0.0043584893700196765,-0.004221219430928128,-0.0059953935261778035,0.009067621583736404
2022-11-04,-0.01600223487162644,0.013766348004369008,0.017032393140608428,0.045425926213717986,0.004655604999651497,0.03412092840112449,0.012105408869980109,0.01815287200597501,0.01590368412814652,0.018098105799907147,0.011759875946306956,0.006129791729904887,0.006057709636884818,0.008325555262882827,-0.0018070377263462586
2022-11-07,0.013189649565961827,0.0006049537827698577,0.012785099390734116,0.019556700093786454,0.01470399569251969,0.007792604703437872,0.017027705345187515,0.009976662799614764,0.010671679713789989,0.016557914084755716,0.008868122672629333,-0.019262924609582233,0.010645657159033995,-0.007006261772893343,0.00949114122680592
2022-11-08,0.013300043990538414,0.004584399412026947,0.00758406677928066,0.021340546200404622,0.0024710683922981465,0.017087624740121928,0.0009672590647536218,0.00582234661769575,0.008703849324138584,0.009546858745420618,0.0028926705132525463,0.006965150424580489,0.004979300454398053,-0.0024934361309738224,0.0029274746454701537
2022-11-09,-0.02223846494121824,-0.009919009388936167,-0.01876207979403714,-0.027559269679628778,-0.02183066908446923,-0.016298726160336473,-0.0501178854679625,-0.016979484495288445,-0.014025327329350641,-0.02635262546021362,-0.010926261719263364,-0.007877235399836332,-0.010820240919799023,-0.031019377413197484,-0.035874663300148865
2022-11-10,0.08692554403664877,0.07028852779782654,0.05767251405657509,0.09729075410181862,0.05710896969343238,0.05386649744642141,0.022008388442401362,0.049254030830019425,0.04109799668900626,0.07897351461211904,0.023229918102501575,0.04607054323406949,0.02509313587068272,0.07053668145425392,0.07535764568599435
2022-11-11,0.02527717618058748,-0.0023821459484407908,0.022439243336760843,0.03226305958437406,0.027955872843342878,0.012010363554713572,0.02864648991708354,0.00811779594917254,-0.0006025788827532037,0.01696770072840409,-0.001087675638699149,-0.01124675761724328,-0.012317670325372496,0.023712654626654183,0.02314552760581935
2022-11-14,-0.012372357691197758,-0.02321166924680181,-0.0025316924350123724,-0.009510572864468608,-0.004178603662618424,-0.00135472410160732,-0.0003222349223739069,-0.014319989194218166,-0.006147881350498249,-0.008599176943266104,-0.007920137529788882,-0.011969225325796477,0.0009009182423658992,-0.01597909194897067,-0.012277408150610463
2022-11-15,0.022773503615680438,0.011443502714741214,0.0067079610147668675,0.03101686098942931,0.016496776531497233,-0.0014799219099202586,0.010471512211627723,0.0022597858663239304,0.006850841285304945,0.012048111226364126,0.008328126067108102,0.010940452972054607,-0.0012768341546045348,0.013563983772315382,0.025460671051343507
2022-11-16,-0.020948729598009554,-0.009121164336182002,-0.02101375122847533,-0.03665659890706631,-0.01116040412730355,-0.00979853757226026,-0.020619427924889067,-0.004808551422237821,-0.007255187162477567,-0.013792231556047325,0.0048829229598648305,0.008929296282453647,-0.0004505685245257234,-0.01538666499343037,-0.037891066223694654
2022-11-17,-0.021549109693027636,-0.008034725792143376,-0.009980523981783689,0.00751250930659295,-0.006849729422313613,-0.00964399169746938,0.002167738547113093,-0.005401347666492907,-0.0017207040480451375,0.0012894772018705663,-0.000270951250272404,-0.01764236700632383,-0.00045125807264931203,-0.012212056592817036,0.005768238102599207
2022-11-18,-0.004495905858933451,0.012316996384727743,0.009182140605560165,0.0018239514066960556,-0.004787795561388388,0.006648103261177804,-0.007935277153226325,0.008232679859006251,0.007368422063185477,0.0011361019550668418,0.01063502607272222,0.02098860069485536,0.012036100132676227,0.0013487777457604961,0.009591591095973035
2022-11-21,-0.012256470486563873,0.005413446270558279,0.0017734145383216315,-0.01764765658139078,-0.008699694797213123,0.0033697696764771355,-0.013624986780064066,0.0031051429957929845,0.0032126005493373234,-0.01080853314589281,0.009462400848652682,0.004492238100530802,0.0004458003929625258,-0.014575296923909561,-0.0043202576822962205
2022-11-22,0.01766433678865478,0.005040941958016307,0.003625106659608644,0.028656319489500016,0.014535478420510697,0.022422741318325168,0.030828666123573156,0.010095486834312007,0.007689018533890579,0.019176797633415635,0.0072686346964055916,0.008494909272661692,0.008652845510579392,0.011235919608629838,0.026700554180510285
2022-11-23,0.014554213312488897,0.001370620453171595,0.005632811602600946,0.008658146587822534,0.013523833301797008,0.003891096708170861,-0.010893509293275502,0.004176641434214082,0.0037727571639134794,0.00882001287556469,0.0034181448088847085,0.011120529205955606,0.003968744878351785,0.014343116208387092,0.003307125089516323
2022-11-25,-0.002323532498634585,0.006597678874351752,0.0025421510025501965,-0.011816957713438181,-0.0050643638105564315,-0.0003637723309848364,-0.003694218017869713,0.0033287312376815924,0.0038574322696766747,-0.005821624963977705,0.0006557277103169485,0.00579645427380908,0.00592338599833082,0.000561091636283427,-0.0006005483106846612
2022-11-28,-0.015197634479583506,-0.027937897485787327,-0.020697905877713887,-0.023875959090204773,-0.016521757223492497,-0.02259181638057287,-0.02781357511168688,-0.01731913428023226,-0.018331077466612278,-0.021639654876038462,-0.0038102346347859673,-0.010343684008249273,-0.007538548362387956,-0.006189169713918185,-0.00935284644859191
2022-11-29,-0.007839880141611577,0.016535189074368378,0.01771677976762564,-0.0027348784013478938,-0.0001171554654364844,0.003347211673864156,0.014996278915601527,0.005899897287221714,0.0061144435549612495,-0.009838564446951713,-0.0038251402192964203,-0.007433962805530345,-0.0025008803933227234,-0.003179407690588658,0.00030289747401636424
2022-11-30,0.042948260716613645,0.0223404010486679,0.02450206290384147,0.05547822570577034,0.04114560029689968,0.02384711956082762,0.004949291608025218,0.01694239390555627,0.016354297355379896,0.04898889306387083,0.01988806018588299,0.02466124389089201,0.023582090552006475,0.03388485562210488,0.019208393867474815
2022-12-01,0.011046192654676339,-0.0012344942754805436,-0.004379130297186259,-0.0032107440873916666,0.00471809096519062,0.0012077483464218676,-0.0032969620638295337,-0.005800492885320273,0.0002946503264132324,0.0013964002675541996,-0.00454475824314002,-0.0008403528786797642,0.0028730303696484715,-0.00013687362582815146,-0.013617948779328367
2022-12-02,-0.011119719631532696,-0.0031487636983663528,-0.0038800943858501003,-0.013839686413387713,0.0011200731340016599,0.01092383484182311,-0.005961435676200722,-0.004720094332882323,0.005684031970609677,-0.0058191741068138675,0.004544758243139951,-0.004775524622598328,0.0025787697475246206,-0.001300695913991001,0.009745907122545468
2022-12-05,-0.03801056339956816,-0.01807172767628125,-0.025327720203209225,-0.011997756878054449,-0.01830160820752399,-0.02001770385091432,-0.030124628100335702,-0.025082390792069236,-0.016851588640924585,-0.016762183515358412,-0.012646114325470503,-0.005647052611344957,-0.009632685320097657,-0.02926787839169705,-0.024468767121902463
2022-12-06,-0.01710955484519108,-0.009449226034477808,-0.011630402064353243,-0.022168774349214392,-0.02844767305312525,-0.008931421658552773,-0.026714704427998535,-0.008886070949626169,-0.011897351034659547,-0.021643551415857748,-0.006185379286684563,0.00621012743549236,-0.007613612435650565,-0.015713451483927218,-0.007212489843582256
2022-12-07,-0.00522179104766921,0.0019662559325717205,-0.00954726710589146,-0.00023116685313449156,-0.007535737302608252,-0.002214421305138341,-0.0023467140060892057,-0.004039558038413141,-0.0013082984429701923,-0.005079425848007713,0.004215468629126136,-0.004653916266839776,0.008191242004579677,-0.006038146244292807,-0.0009244489802587358
2022-12-08,0.017927867186936182,0.007597554703366516,0.005910218758727081,0.025153706381586604,-0.0011823125749638962,0.007363013981064314,-0.004474370877049358,0.0008672533221479998,0.005924034771615093,0.01622555255638802,0.00537541011346771,0.006481484279940991,0.008983680083473597,0.009614905299956976,0.00920674687037217
2022-12-09,-0.004808527601903195,-0.0012622093502537071,-0.0034246160085326617,-0.008056992013337604,0.0020094279996569066,-0.009952869985633307,-0.02460999604428137,-0.0026033160530310683,-0.008242992973161544,-0.006168436674155652,-0.007744458768976083,-0.005210182997818287,-0.0128897269469768,-0.004365476391351001,-0.019433180490350744
2022-12-12,0.023588718465266053,0.007321913386109167,0.027425811452184135,0.01765830791725195,0.008232537400415626,0.008606996244852946,0.025907116988721838,0.013233926447857073,0.01701403491764126,0.021611736645373993,0.010486314754253582,0.022614182364806848,0.010597793726929629,0.002507081838523778,0.005281221857022305
2022-12-13,0.0161389940562319,0.01850602628883679,-0.001460720232217206,0.016517452169949733,0.014995827837152826,0.013739489381264154,0.018796820356066796,0.002568904007784212,0.0037638686837943272,0.011742506497670386,-0.001435298694516992,0.0030317631157239337,0.0030784038388552972,0.0,-0.005748522589616947
2022-12-14,-0.0021516345732672014,-0.006797519778822559,0.003218526159465889,-0.01736622708562646,-0.010438520233715417,-0.010805496470082793,-0.006148444461120126,-0.01262226960503744,-0.0018801635045088303,-0.00845840520066904,-0.0006531199952707076,-0.0012392676761813668,0.001571665125659411,-0.007468081551606215,0.000155895431265953
2022-12-15,-0.03545745021177017,-0.014426587216723224,-0.025996340799186102,-0.038818628121767874,-0.03864593994740126,-0.030993114411470297,-0.006070043904676915,-0.01982571536719867,-0.02446488558847136,-0.03812152947819819,-0.017132594775348738,-0.01219874231810775,-0.018514381623445725,-0.016569972534273985,-0.0295651827171889
2022-12-16,-0.0075706196152164566,-0.02558119256325714,-0.01053604612662782,-0.007788705915994573,-0.0035287275190326603,-0.004290149989336498,-0.012369730226893224,-0.007685507244182262,-0.004272182344721835,-0.013324777890165994,-0.0049303224217322065,-0.01716167269149028,-0.014649086996540488,-0.018863732560939605,-0.012432348114066785
2022-12-19,-0.014882235225781233,-0.011901803471098786,-0.01332807136850787,-0.01190420299749133,-0.020814806858531945,-0.013079558653910152,-0.00011992342425271562,-0.002691166956781856,-0.005278313523312104,-0.01342418465795153,-0.0006327429921165355,-0.003984521610096761,-0.003740940794534559,-0.01618474046306016,-0.018629698686911292
2022-12-20,0.005220373857867985,-0.002757903568938135,-0.013086086914954491,-0.004899792066494445,0.006574434638730242,0.006554708777042739,0.014979063652473657,0.0041830228973405,0.0012347434151032553,0.0015137437192115379,-0.000808079313042156,0.0002871446359145287,-0.0002231832692115426,-0.011712380968416137,-0.013280889793131457
2022-12-21,0.011521178766428457,0.010272824748644533,0.01664233900195431,0.022098254197160282,0.013996788122007196,0.008673515671317,0.018818695483315755,0.01538485015452593,0.01864443633163851,0.0164237359418041,0.009920926498818806,0.013830816349344317,0.013079656394072697,0.015813518504974432,0.021596330802327736
2022-12-22,-0.0193422010047363,-0.004048740323248408,-0.008984215247444744,-0.042334408720012595,-0.008325235627287677,-0.009698684475936211,-0.023312668530588974,-0.008847044069645872,-0.012799603377116548,-0.025540698811630617,-0.002270354837570294,-0.00610741455097162,-0.0013957631314589164,-0.026029454659243195,-0.01821728012219283
2022-12-23,-0.00055256888717763,0.008554142864464025,0.00801560185187963,-9.827777891462122e-05,0.00808120647042574,0.006900667471834614,0.03138561029097478,0.005612394461952774,0.005912327883346898,0.0010437441666523875,0.005201097158025625,0.010205628828932289,0.0005880953414143098,0.006822065677835469,0.0183827736427348
2022-12-27,-0.006217147848144228,-0.0007101551500030904,-0.0039765726017342755,-0.018050664326922636,-0.009311478551881061,0.0008910430287333636,0.010625472222078863,-0.0002946863194532788,0.0030442572153057306,-0.009515497420973318,0.004777069656881401,0.006185700294630365,-0.002574955419212171,-0.01635804624030771,-0.01149152812235767
2022-12-28,-0.011024265048149436,-0.017074055079381357,-0.01790391478705361,-0.012791637459737354,-0.014881263623063941,-0.015386669548866075,-0.022643096182417128,-0.003542193199607395,-0.01315743409607554,-0.016255121835916746,-0.012521822267262298,-0.009576354744250839,-0.006503857689414807,-0.008438692748343812,-0.014850049985494499
2022-12-29,0.029132115624773483,0.022033802000551155,0.015399050394558673,0.03211931199286904,0.026385420489444877,0.01079551781977745,0.010408397448195454,0.013801841139573893,0.012245088999069922,0.02585087180248461,0.00428043597155,0.0071910125666202205,0.010840318180565979,0.025414757284836404,0.02451838686732456
2022-12-30,-0.0019134138836173274,-0.00827999677073135,-0.008161489075097889,-0.003934320176690805,0.0008515396849320684,-0.007055427771233494,0.0063077367675439784,-0.0026282391343549123,-0.003963169520195465,-0.0013651699531718959,-0.004951142406255886,-0.009599394765437152,-0.0036000821230512932,-0.0027061610655755197,0.0028161043183146093
2023-01-03,0.0020694448664635473,0.0017801428116624772,0.00201154687624919,-0.0077167489706606775,0.011243540601066181,-0.0010300817518239054,-0.03572854765275584,0.003502551566356,0.0021358156049673424,-0.009527790376960108,-0.0037627463413184756,0.0,-0.002874947204707566,-0.005979458638774632,-0.006971913728608475
2023-01-04,0.006880091568398545,0.021233571202845494,0.018245468024975318,0.025106811040888896,0.018344855777278055,0.017247242346279452,-0.00011864454762147532,0.015898788746762864,0.008801196692666099,0.0025929296561516594,0.0038970798120882143,0.009037135755235565,0.0026540906252623584,0.014383125770049802,0.02614188525570971
2023-01-05,-0.032680044316256894,-0.02706033011549683,-0.0133503148378583,-0.018080108958813023,-0.000944872387177115,-0.015959832011006148,0.01808416569019911,-0.007484226179091545,-0.010835214937914478,-0.019611799908120932,-0.01010998329503673,-0.021885176242914802,-0.010287000396280829,-0.009333199569068428,-0.007656579059848515
2023-01-06,0.014779143260739527,0.027756833713042415,0.03572118353446009,0.04280816672427867,0.01791518076928729,0.033786044437672115,0.01879130233816126,0.02200389740754606,0.027019152163852478,0.028874484279342378,0.02634015078583612,0.01991554770698337,0.009181629162317038,0.023209827528139045,0.025828888931806588
2023-01-09,0.020415640379323467,0.0,0.011466461365669702,0.021545391867680487,0.0023180501958139357,0.006325445073692825,-0.003546559076037139,-0.0036812855609435844,-0.004469306252809484,0.011557967200307169,-0.009812934688348287,0.006737781575716959,-0.01687312794534327,0.0060391737634212924,-0.00463237673425903
2023-01-10,0.0010041718800450903,0.002201312823982799,0.004691376756662584,0.012908688514137128,0.014483126548723031,0.009965061416327563,0.00708087471062702,0.005657899855265392,0.005459919630095837,0.006162597803372135,-0.0013337676192566536,0.00027965499500484474,0.00836088917900261,0.012490216920968423,0.02310602394727001
2023-01-11,0.01585443559668888,0.03569779613223958,0.012723220010444642,0.01166217056456791,0.011234235846532614,0.015547584690572276,0.0030680397691280753,0.009265560371628786,0.009557123690485069,0.017179947743692765,0.0005337649150891907,0.008079082909229991,0.005633708770733956,0.02662317899948252,0.02334855416798585
2023-01-12,0.007909370383452276,0.010774963766606806,0.011314379962027226,0.014866789230517024,0.008427521310321427,0.0037292750103647943,0.01888111663975625,0.001954763352572208,0.005866205926878521,0.007405178047583537,-0.007899890489840801,-0.006821308130712766,-0.0031836610777234995,0.0016632212882775502,0.00882548169044019
2023-01-13,0.002785560222707829,-0.005539580219579846,-0.0038438420233848905,0.003593764466989565,0.003908733494468839,0.006105286873774567,0.0014461879191356563,0.007502825344106276,-0.0011705070630087056,0.0028394562750657993,0.004693798117828067,-0.0036382246534001775,0.004439527408874969,0.009349333405620093,-0.0003033104824501757
2023-01-17,0.0033774117382258553,0.0009994322783601856,-0.002512873708427311,0.005917292812498115,-0.0064854583531052945,-0.010075641675909564,0.0021100637954609277,-0.00666631803624891,-0.008527419571336245,0.004511109294704311,0.000668890690020479,-0.0014029857881280557,-0.004662260877314524,0.0007155978291084501,-0.003947434770453694
2023-01-18,-0.012591654202153411,-0.013970644170896404,-0.010115189804172068,-0.006271641351698938,-0.011395388498371272,-0.014205535416524088,-0.018474511986599666,-0.01884991103074305,-0.018979969481121375,-0.01297661370774642,-0.027655225572902474,-0.024299751032185443,-0.01419277922464865,-0.013104123483596873,-0.015176374860189693
2023-01-19,-0.007540003613126716,-0.005417086204962402,-0.010971489624341985,-0.02476011199874937,0.002493277939576922,-0.007733364731554093,0.012354091310683464,-0.01171284572438715,-0.020780193357851803,-0.011738924342153042,-0.009529608418154778,-0.010120020909373749,0.0024045137746096148,-0.016736059957935232,-0.01886701947058204
2023-01-20,0.03171527827907175,0.012371007429450487,0.01726188454794681,0.03199982236334068,0.032406429602258195,0.019887126512012555,0.009885425546945287,0.01568086344194401,0.013833972194960052,0.026697069045827058,0.007741091025675085,0.0059400582793561075,0.0050158684282279285,0.02395724430005488,0.02548706597070608
2023-01-23,0.02269994493060267,0.003681359437690173,0.010870802207952944,0.04607416986515299,0.016949435993555008,0.003256493966317786,0.001325227323102991,0.011531657402207109,0.01085113914264425,0.022510310276761994,0.003161950928872085,0.00028904675156727434,0.0034293228873057743,0.015492944392828879,0.0299296799148542
2023-01-24,-0.006391670914028224,0.003002483716041883,-0.009695590338091201,-0.0071241037416660625,-0.00431868204420962,0.0006017185501517106,-0.0038705738902561375,0.000558965250549446,0.006573629355986021,-0.0004466387659504349,0.0041098148416358875,0.005041118295941485,-0.006645547389612516,-0.0011338430652124334,-0.012136079242464497
2023-01-25,-0.0017138182916947235,-0.0011111063673550886,-0.008605628875439673,0.001014725375506547,0.0036721570465624172,0.002043685586809212,0.00011075293264077234,0.007795449752218739,-0.005574944782344685,-0.002087965801613809,0.00245766966170583,-0.01359770265473435,0.0002996863327616744,0.00509363905112294,0.00855536588657388
2023-01-26,0.02444248555680098,0.011053619312233514,-0.0011412535151766703,0.017760376610792494,0.013917235876282493,0.004792146093908116,0.03108720358275471,0.005255137299002066,0.005475604599123133,0.015845166363150674,-0.003551984997867929,0.0033440964263955117,0.0018705711453754009,0.020257842512604513,0.0098156268118887
2023-01-27,0.004973556670705242,0.010171080787160596,0.008571670520754537,-0.006581409568290211,0.007098019519049427,-0.0032319346618021215,-0.0203978613736463,0.0,0.004161596360745184,0.004178777664858052,-0.0028782598424478855,0.0,-0.006825917248633763,0.02242820742947946,0.017748916894055115
2023-01-30,-0.017228257935092403,-0.012041647234617208,-0.020323600249944496,-0.02423826286058231,-0.014889189686858066,-0.006858232662962158,-0.023175509505461836,-0.004977996586061121,-0.009836842102379601,-0.01927779129229694,0.0012347662501731725,-0.0045099935317728865,-0.009073116767787605,-0.01718648473816614,-0.007735579858014012
2023-01-31,0.01644836913909032,0.019521785129697423,0.031366719491178904,0.015085923713278018,0.013515921930819085,0.02173487204279677,0.00882341060651697,0.013493151679979776,0.0168321716274607,0.013849615455676227,0.010771076843635374,0.007408862203625597,0.012829359415051504,0.022648571137734982,0.028028688308752256
2023-02-01,0.02811466115777103,0.0064591673106973715,0.024504706353771784,0.04607510673518235,0.014482192384851766,0.006593683266784506,-0.01987822755017594,0.0,0.007239302083724753,0.023263658364069233,0.007969136555284514,0.0017356247817973186,0.0047130608392663845,0.01878682035703463,0.02948005679215831
2023-02-02,0.02469175432849788,0.021759728763242937,0.029768760577584746,0.021161556480770283,0.05305788029137257,-0.0031737179129736506,-0.02306333722778164,0.0027316907868770632,0.007767651941820597,0.026940496302132296,-0.008647554900675586,0.0021647719364229277,-0.006815033574026924,0.030163371151634092,0.029710357897617674
2023-02-03,-0.02818046388210461,-0.02047286899312655,-0.007616338451821614,-0.018547000405237584,-0.020462924679432754,-0.01817675668912957,-0.0022080958988844658,-0.0019113117658248252,-0.005236685024111064,-0.008359009117557928,-0.003942953882337087,-0.021126823671113674,-0.0029346339305077493,-0.03128579098971412,-0.012294765907151176
2023-02-06,-0.015693374690795313,-0.006127520748013325,-0.008171994439581538,-0.016771064952166594,-0.011359138714364034,-0.011091120971143023,-0.004547186185638796,-0.00027342156683403125,-0.0024335155062968966,-0.012277824572265816,0.0012252345453275463,0.008504057621665747,-0.005592588827709221,-0.0014547944557804274,-0.019770358607079607
2023-02-07,0.022933588663223793,-0.0017263507814730436,0.005372926069738726,0.029583784094238712,0.015083658750296663,0.013366286667954596,0.03197128709915953,0.011416449545662868,0.0031139863055789168,0.024685651445524235,-0.0042271557737163755,-0.0004377681522838994,0.006421246829543275,0.002313113103160864,-0.004586189990291027
2023-02-08,-0.007897821785372478,-0.004221682242905294,-0.004875921385500961,-0.01978674842504207,-0.02956987603369538,-0.008046585561433109,-0.008981818541430023,-0.005963703816831423,-0.005651440822768619,-0.012125613115331014,-0.007681740229589309,-0.016940827599417854,-0.0029411338556494496,-0.008552292360102402,-0.013745053095838703
2023-02-09,-0.0007967071271461303,-0.01167420527700112,-0.021224393027571217,0.003956525709931308,-0.02271283358583297,-0.014575733266296978,-0.008602426879263443,-0.011210276499909067,-0.009030321769063434,-0.00551542700465079,-0.004416304566527141,-0.013762340249556915,-0.008799284540078727,-0.0018661555321641367,-0.01852949760357591
2023-02-10,-0.013430998720348539,0.0031775377060730883,-0.005217702330590097,-0.01694507442129489,-0.010964146757951165,0.0036637999612219732,0.03841829760918781,0.0032943590999086926,0.00707421183765445,-0.004619819188837525,0.009224345650857911,0.01968731675242663,0.009403408748586813,-0.011810028890379779,-0.009394824206526433
2023-02-13,0.015023712743621959,0.009472478113661423,0.005852211238274525,0.014928397402199159,0.010752342371318443,0.005228239595783082,-0.0025526919642024797,0.011444117335015417,0.009063956352148022,0.017162096060054085,0.011310329750987993,0.0060370809792085825,0.00826801055094368,0.014541129555169804,0.022969581102818132
2023-02-14,0.011112925225972332,-0.008816312103050129,0.005860189660226791,0.021291449495367196,0.0005292595123554501,0.002301642667092009,0.00033331317139753393,-0.005433379371750116,-0.002720227502054579,0.004262311853809789,-0.009120128524621383,-0.00426623811504809,-0.005931000903802459,0.011903278733677367,-0.001988949095165006
2023-02-15,0.010753917330210631,0.0043637119193493746,0.002560950014625521,-3.9491467280592426e-05,0.016895401417245028,0.004346156247727926,-0.01714415247447771,0.001089149660652081,0.00620676968547176,0.004660709325161737,0.0019123002560697815,0.00646561094055816,-0.004982523253051336,0.011633527659348827,0.024997763911251872
2023-02-16,-0.025089569493574188,-0.008636461909439815,-0.012276412948265059,-0.02752970995092314,-0.015203366864014729,-0.011388432271646074,-0.009881596344189596,-0.010119135996107692,-0.010398862672043643,-0.017502426779775575,-0.007259472332532219,-0.007645658544111085,-0.010039470332147858,-0.02207438659231291,-0.015796764687484987
2023-02-17,-0.011730712615320486,-0.004622072750794998,-0.0031032534895610283,-0.01374530750934249,-0.003068709117335081,-0.009426566158410104,-0.03626180708937252,0.00027492448873363913,0.006524158197399902,-0.012579565237040607,0.01283985134839452,0.010717045591918556,0.008904151526270259,0.00019950149694895991,0.0036568478276818315
2023-02-21,-0.020435715651707813,-0.020053993659331998,-0.030302163326598595,-0.03087079770058319,-0.02294028188094543,-0.01661959348046753,-0.0049832236103101975,-0.02082555412643736,-0.023172200935785682,-0.02403151515857804,-0.0038072601246512965,-0.01886839994184172,-0.013040449757748403,-0.03397719123396498,-0.050532543430870394
2023-02-22,0.01012813940326953,-0.010293797650359328,-0.006074918131179316,-0.004897422134022924,0.0025990468242405806,0.0074759344793305,-0.00668346871398962,-0.0011228641487456804,-0.0024865172485303883,-0.001466256789595074,-0.0015001179192553028,-0.0038765499479366983,-0.0033831254959776793,0.005071615848763852,0.007502646446729281
2023-02-23,0.008761095065790835,0.006121155432838653,0.012854602292965958,0.034820345366077206,-0.005313618266394991,0.001116504652225427,0.014975199078707611,0.0008423792241570317,0.004669378196180847,0.016445231156408367,-0.0012285803505681257,-0.005242406171786893,0.0026921275601163863,-0.0008205918590077899,-0.007207318357465516
2023-02-24,-0.021149887824469214,-0.0172112113485398,-0.005990041568727603,-0.018013951174761497,-0.014897885328246787,0.00667327593623143,-0.0012984546142911454,0.0008416702186094583,-0.005765560883843608,-0.017987175497866725,-0.0067164622191071095,0.00030050451904781953,-0.012988285689485747,-0.015861310659057618,-0.01922716206795216
2023-02-27,0.0009695164071556911,0.0020671061475286702,0.021389627621601837,0.004481742004192774,0.0019846179277898577,0.0033200620760787773,0.002948662246532099,-0.000280779019165533,0.008833453248964396,0.005349863453044497,-0.0011007121743114212,-0.006778737936255861,-0.0030394661433909126,0.012297180015506646,0.000902822706600858
2023-02-28,0.0011835830583004083,-0.001033161707217831,-0.00818934654421434,0.0005013423193132742,-0.0004406084998264011,0.004531668838858299,-0.014472545688666153,0.0019619972067120212,-0.0022753407054861684,-0.0021951548187092527,-0.008295574035066498,-0.017688926970260463,-0.007442501948406358,-0.000686893346205191,-0.000902822706600953
2023-03-01,-0.008098379897991937,-0.013761459135326884,0.0062989101851405665,0.0006681302486985194,-0.006855602379300286,0.007790758297104952,0.019523930909289982,-0.003365267630312894,0.003953837696238811,-0.007351796933590343,-0.007385254466724872,-0.01659842071760586,-0.0016526375382619053,-0.012653670188604206,-0.017151427329109403
2023-03-02,0.023959881165202816,0.011807215612940491,0.014685993084797384,0.00881063138118854,0.01015579114755828,0.011333702289787499,0.008749761608971824,-0.004786743193978068,0.011670858380663238,0.012247833872531779,0.013613148086372697,0.018750054438051944,0.006124820114518722,-0.003345614335882101,0.01081085190047887
2023-03-03,0.01831960949855506,0.016208657053838404,0.004482154575266253,0.013480430758691998,0.01871455442226056,0.014165901876825156,0.013499107095939098,0.015682262381022025,0.010764680710595909,0.0212746480117006,0.0008276999449530103,0.016896709207537487,0.011132314378402763,0.021275996767397904,0.014583515320448765
2023-03-06,-0.000554374321292089,-0.003970989451974511,-0.007921012656606313,-0.00893929551775275,0.0,-0.0163263438021639,0.00045840425386139814,0.0008331429767951602,-0.0018342901752909752,0.004769534934244968,0.0026157958574015514,0.004818349168950563,-0.00046448826044568633,-0.007340011780398022,-0.021879399032009472
2023-03-07,-0.01003285559074227,-0.02381209222489647,-0.009614364898111422,-0.011225055620660732,-0.012582800043716742,-0.019901036067056586,-0.017564639420171457,-0.026158069100263494,-0.012936211603762113,-0.012505750565981133,-0.009949051027979302,-0.016508919893686295,-0.01624150578482949,-0.01372652163342424,0.00152446507936054
2023-03-08,0.0023081360884717505,0.011689508336549767,0.005609065178835409,0.025822768329534534,-0.0012013275983603902,0.004890478946002486,-0.010311850524732718,-0.003711650648753326,0.002346815872724782,0.008235640646224236,0.0016649296960847089,0.007606766223569886,-0.005367327986479046,-0.0018167717895313802,-0.0007620027084592743
2023-03-09,-0.022823837934291123,-0.023517083870643617,-0.020663755320257788,-0.01934570742876945,-0.024561745964109167,-0.026071704319035095,-0.014235280173049345,-0.04146583742488607,-0.014857504579246892,-0.01443914224078698,-0.009332040994574306,-0.008065112730672673,-0.010182400286761126,-0.024134726549677184,-0.018462109942201616
2023-03-10,-0.027425760991405253,-0.033418138185409285,-0.019320838865801836,-0.01631419116849907,-0.015577692672336763,-0.021511730009831972,-0.01286603789587532,-0.018354649514449237,-0.01881174000105222,-0.01774002961514322,-0.004909771478296104,-0.015862332477216613,-0.007383082918248371,-0.010007852694415374,-0.023090667261209886
2023-03-13,0.006078804037165028,0.013789844976584332,-0.015901259104581462,-0.0006732383590884467,-0.0015938410397624912,-0.010285606444396408,-0.020541033223581858,-0.04027800094933285,-0.005672723486713336,0.0054358680070314865,0.00504979682858383,0.015250898291590874,0.00930023748654192,0.0020963782386045618,-0.023473758893832474
2023-03-14,0.02234710247057035,0.009922035035891412,0.0015790323860912813,0.02949007993870065,0.023424472560261294,0.012712893027494988,0.00983406793627004,0.020031998056424097,0.010509748718047765,0.022813009516057265,0.009053502279976061,0.013061889349015034,0.008898144653278572,0.016826282621439845,0.0014631168325819211
2023-03-15,-0.0019655368763986216,-0.001785864937658809,-0.013844926723944499,-0.01130324327297778,0.00886521089687072,-0.03294707165671355,-0.05519592974871965,-0.027011798228878968,-0.0249366255551628,0.0005728716706237567,0.006495435586253825,0.013489623181314195,-0.000870426984647759,-0.0014920596966135815,-0.0039063039285766946
2023-03-16,0.027032523528318295,0.0002381285712027936,0.016096432030552464,0.03923346041712693,0.023874264406207664,0.011407545178973837,0.010799745318113852,0.018921994928056966,0.012800275314586166,0.02766602412248651,0.0006889245066224736,0.006677212054336843,0.00929788545946865,0.017900228138808177,0.010705655506535036
2023-03-17,-0.0037674120980945207,-0.022651639941278615,-0.012218567059131038,-0.0051003622238004875,-0.008763938086099161,-0.015636543386910586,-0.0158539354190332,-0.03270652854866167,-0.016517379174848183,-0.001393453647963779,-0.007323008001464487,-0.009659065831783789,-0.012946212008308899,-0.012864157512271598,-0.022516965646312788
2023-03-20,0.0005590315224624017,0.011269550057141415,-0.003329352735433234,0.010016663904835332,0.006823146397570024,0.02036778626926274,0.019821816419561746,0.011065201547830491,0.013156276015474727,0.0026930423198601354,0.01376947798818527,0.0077914122513439215,0.012594976647544462,0.004319393763065274,0.0035536470731158346
2023-03-21,0.01817189865670779,-0.005679397085357439,0.01586250376877691,0.0031590757369567247,0.020828498201525825,0.012047417203771064,0.03403461890242397,0.025029149383265982,0.011517182843893841,0.008049234315921559,-0.0008250044176777513,-0.020354912734700463,0.006046343347347032,0.027253785895196458,0.018472302251088986
2023-03-22,-0.020479954068043697,-0.03539863240723822,-0.021359462798776634,-0.0064471593350782,-0.018672399403146647,-0.01792957277466094,-0.021500486296245236,-0.023426364796951028,-0.01933840827812687,-0.010002078676280668,-0.009258739104172024,-0.019845382631371863,-0.015225158818194612,-0.022530479264599022,-0.01764769772309653
2023-03-23,0.015149211569208438,-0.0059395036501033,-0.006178897973663697,0.026239002809934374,0.015814162025714742,-0.0011805945111478579,-0.013950920920569012,-0.006749156064716457,-0.002897277046958373,0.016134524410770644,-0.003894780797047285,-0.010307742634648774,-0.0019096628043354423,-0.001055513582530547,-0.01194025579688935
2023-03-24,0.003511167375173722,0.024590579907386015,0.0025947526920437744,-0.015935520949186526,0.003111382481029832,0.008104631541044273,0.003859407233450659,-0.0006452757221156613,0.004136355107786192,0.002606842218359931,0.016860691564552287,0.030762006597549796,0.013762804719717909,-0.0032437035430295104,0.004494286917213543
2023-03-27,0.0009273917813639921,-0.0013641922200327316,0.013100834949097832,-0.011733036739834134,-0.0042500202981909495,0.007393548810531332,0.021087734976674825,0.01378019495680157,0.008323551563037506,-0.007772052908217878,0.0053302055580307685,0.0012171602241840649,0.004076469378344326,0.0020460035607517886,0.003316260959987048
2023-03-28,-0.003783626328509827,-0.003231778347601928,0.0036013247177482475,-0.006978412081077603,-0.00898408703135946,0.004770143160887936,0.01534397111467145,-0.00031831197422886977,0.00510350178500473,-0.0047062467024526515,0.0017705904487648279,0.002733205903906639,-0.006042198850224732,-0.0011990258360173893,0.008735060483436873
2023-03-29,0.01759201652963566,0.022162766223731634,0.015084154674199515,0.0306576923538322,0.013445917718852346,0.013795174037225388,0.013769705510499296,0.01453879777969199,0.01445414132787588,0.020734004036491702,0.005563610880962778,0.014451756427122502,0.0027509405893433696,0.018806095422568787,0.004420830366146348
2023-03-30,0.006681975108525446,0.012464608709948548,0.002819928496227491,0.014218531464369024,0.003914457705469469,0.006826821150833764,0.004385773933781942,-0.0021987881727705185,0.002105181007689094,0.011552468592140373,0.002837433833706606,0.004324496306093944,0.005401455210185288,0.00868830765643485,0.009430904528407493
2023-03-31,0.024552272794643334,0.02082797404522156,0.018203625306373893,0.006939085088182488,0.02048338109641817,0.016122321425800806,0.006905490369456224,0.010946222089749623,0.013131863424353987,0.014205189116945356,0.00806382051596948,0.007265164851756045,0.01063878879876555,0.026357399859524188,0.02603769863012198
2023-04-03,-0.00721332273230799,-0.007922889788272044,-0.009658662854018679,-0.005715486699179827,0.0026860445283676186,0.006302880742933156,0.04427857019537956,0.0018644697418439074,0.0017773787907603789,-0.0015904454818031098,0.005206497051040743,-0.006818596292515858,0.011137982708671503,-0.009203489513591182,0.0059739953880150794
2023-04-04,9.918137542058244e-05,-0.0007125640246496982,-0.014597403215731641,-0.015480785542947554,0.0006187644158501978,-0.014519004792164641,-0.018299997936840035,-0.009357557801118178,-0.022649895172709253,-0.0055204318518832125,-0.0019995300523876353,0.00504439560688295,0.00015296818809166092,-0.001621141925358372,-0.013253568981319654
2023-04-05,-0.01287420036233902,-0.005480253168990357,-0.007538019462595342,-0.017658133550320098,-0.0035115951698283343,-0.002252600312032021,0.014944843010009265,-0.0012543458577048846,-0.013103835736502957,-0.011470121440766043,0.00465899951492801,0.02556948787836061,0.017114012279315582,-0.020695551424010028,-0.0215131391374099
2023-04-06,0.0035094135203549265,0.006073961338115484,0.006368267310878013,-0.003006595256200528,0.014483190898014827,-0.0023831722313706516,-0.015297681764727572,0.0037582021061515446,-0.000306950322068345,0.005650822863486667,0.0007964196595149188,0.007043694847995709,0.0024743710685673163,0.00020728283622887264,-0.0017866485856683383
2023-04-10,-0.0011016847924096098,0.004856383376643233,0.010746960970772787,0.015021321880230788,-0.0006119301973070886,0.0047607795853254415,0.007969852485674903,0.0021859305422185756,0.009061837977073734,-0.0005366605439439792,0.0,-0.0020076153633922468,-0.0006744291568163785,0.004406100170977558,0.017884835749565165
2023-04-11,-0.005459244566774556,0.005303281798202187,0.008912589750687346,-0.005322051607964665,-0.0012253070131633993,0.007718871320056966,0.009411405715545915,0.008695569374403415,0.005962268779139456,-0.009441015889616627,0.0029151923603281844,0.0008608144935276345,0.0033668276370159324,0.0015787657664086963,0.01647174491889699
2023-04-12,-0.001747839914050309,-0.0049486781647876885,-0.011320701201416072,-0.01793427721189258,-0.011508506595440827,0.0007442525794364672,0.0006937887033385298,-0.002166922476604756,0.003319411547785882,-0.005707649181077229,-0.00450888652504626,-0.0010043356352154329,0.0002988880727157393,-0.015622036269131778,-0.02626082806719511
2023-04-13,0.018466527188937352,-0.0028388921791636474,0.0018289459104835963,0.00803693411645143,0.020762691077428726,0.010233556299487358,0.006221083399463052,0.008946639158887399,0.0037087520295022197,0.018431955223985542,0.005566634142552121,0.000143521141687817,0.012909237033440768,0.021844080700548604,0.002898635785802833
2023-04-14,-0.004933209900714565,-0.016241153500444593,0.004357896937837883,-0.0010704680584899462,-0.0023309993834000667,-0.007263772463683445,0.0018360152758859593,0.009780049399086508,-0.0012013687670148284,-0.0055678923746773894,-0.006364324570138437,-0.011258667967622298,-0.008067258311679365,0.0012941505464094502,0.0006430585067544064
2023-04-17,0.004470688347251418,0.02143953496565591,0.006633620321074221,-0.0007143848490876497,-0.006310263445222164,0.005790779472768924,-0.011878223845155021,0.011490821894105555,0.00788254149028979,0.0036261316331810977,0.006364324570138568,0.005500970216475863,-0.0008178563218806376,0.007054750496885299,0.004329322754027935
2023-04-18,0.0021124963365682617,-0.0018873014837229635,0.0007930491859502549,0.0044758866738114815,-0.005528814292468359,0.004168105284720706,0.003936612631524735,0.0030023352161151814,0.004758950705557679,0.003078423773435347,0.003035325116834933,-0.005210619543170012,-0.0068657910802265056,0.0016209269951928992,0.0003199861449129092
2023-04-19,-0.002112496336568171,0.004946347779113769,0.011081367732117023,-0.00953029277020515,-0.0063860627811250445,-0.0028177044195846486,-0.003472584781527946,0.0023949159845406682,-0.0007916136893518998,-0.002877438233642153,-0.0006589845754667068,0.007661686874302593,0.0030656264363820066,-0.0009451157900161685,-0.0012805593855244044
2023-04-20,-0.007595522854166665,-0.01027338857551068,-0.0022238925283167904,0.0011166031657897826,-0.009864526107382556,-0.0011048010001493166,-0.008851494630296781,-0.0029948424794253073,-0.0017834451089548116,-0.006589313747528989,0.002370489133782589,-0.00028813427834823086,-0.004114444016950793,-0.015521029048656104,-0.004011808020170799
2023-04-21,0.0017298209449347769,0.002015960814908571,-0.002710428841894527,-0.010295621188680956,0.002501440666978698,-0.008882425580125971,-0.005866454954453656,-0.003605690496501398,-0.0022833308070852494,-0.0032432176378904645,0.007208983524332671,0.002877012982372212,0.00672386386064456,0.010984794098488968,0.0009642416052922594
2023-04-24,-0.006937310256673068,-0.0028468765620470937,0.0018805806092590583,-0.005369906056725516,-0.0014584405795782032,0.006792254202145617,0.01518166471379564,-0.0024109763511964786,0.0023825429252860558,-0.0044086290372464644,0.004040366813446642,0.005014552776300682,0.005569027871887753,-0.00013561275977679922,0.005926205757203039
2023-04-25,-0.030411904070920922,-0.010628953475252945,-0.04344155467661566,-0.03221245711575867,-0.015654060366910926,-0.021899681562011306,-0.018954667827042755,-0.017349603520620364,-0.01861539972236044,-0.021575594150266882,-0.0013016309072578945,-0.0010008889486865348,-0.010719957525490023,-0.020015924587854752,-0.033284855247675015
2023-04-26,0.002653171548344747,-0.00783495685209156,-0.024294383865281675,0.006957967958228313,-0.009468491503613535,-0.011895638717070445,-0.013437334317026409,-0.009563575094964135,-0.019071528683184857,0.014754989091251182,-0.007845240496021049,-0.023741659136178234,-0.014322270174048529,-0.005136640273827234,0.0021438675301071407
2023-04-27,0.016314298778385774,0.02426781990561044,0.018390804686903732,0.009627483579260196,0.04912073870736198,0.013529719741980707,0.00358514609294814,0.01599068800097289,0.01957635461618934,0.020994739988478738,0.011095931618937209,0.01194128621067811,0.005224555096397721,0.026034461431243074,0.011140352361044333
2023-04-28,0.003750662676345818,0.011858015452123907,0.020624903473455875,0.016598146341224574,0.006593266979717472,0.011612960597182706,0.015388536739627172,0.011827008932152697,0.009646435053869296,0.010798827552629219,0.005308714202416723,-0.00144871685191158,0.008498702218011243,0.0025734580517827272,0.0008143287420259936
2023-05-01,-0.0019242030141850858,-0.00890989475255703,0.015481917044181956,0.007614992501994297,-0.0007078572365833394,-0.00049676835329164,-0.011340955550493739,-0.002716981416851211,0.005385484576600514,0.0005961794306972234,0.0007744196767971237,0.0017381480224246666,0.005154067865601461,-0.00992357745914102,-0.005713886665123235
2023-05-02,-0.014362851082245292,-0.01722236655981144,-0.0021717163388476346,-0.008707678307352211,-0.019410056977281858,-0.009735419114639649,-0.04445708228428341,-0.02293306015424309,-0.010498394225303454,-0.009386402206515121,-0.0027132574045530032,-0.012230717381191237,-0.004330517658638953,0.001024201846815602,-0.005088144485933526
2023-05-03,-0.009887166756859637,-0.004803424998040623,0.004515356908925655,-0.01037836151846291,-0.003927814014623549,-0.01109870798980214,-0.019060168797644952,-0.01151039279670904,-0.003826874965945685,-0.008463323883731106,-0.008184548411829138,-0.0027874620983735407,-0.0013476804880429817,-0.007946800902452375,-0.00726688138596908
2023-05-04,-0.004406620386363182,0.00815252050529645,-0.011103717518343529,-0.0033603290938532143,-0.016392876825299156,-0.006489036442003172,-0.011203083154313405,-0.012911739980958447,-0.01095689613632656,-0.0048005553491082585,-0.0024817674072680385,0.007610048674776777,-0.007974571936930812,-0.007733277322674615,-0.015198575438993889
2023-05-05,0.019422685673161827,0.016460632975493404,0.016829612652993306,0.020920006666172174,0.013073408070586639,0.016709291240718637,0.026779565547014723,0.024422132777667454,0.014984636991289074,0.024768518546770254,0.009242029899714564,0.006394452111504886,0.008947995498420475,0.020037472201273627,0.02902593905505017
2023-05-08,0.0038125857724378115,-0.005653623459560156,-0.0007470053104528636,0.0055322160399346185,0.010028588090448461,-0.003269089450909073,0.0,0.0015453210376784844,-0.003624187682160856,-0.0005291645402734814,-0.002984623744750107,-0.0030467298669980846,-0.0021729753331459,0.0033913464007635885,0.005867961858488984
2023-05-09,0.003154664519878253,-0.004617533349653498,-0.004404655182013833,-0.01555171269185824,-0.008159990394538527,-0.009109228008120791,0.00037372457751632076,-0.003712976399709706,0.0022162346504945502,-0.007703481492186256,-0.003123700774546325,-0.0013084666578993432,-0.006699121294395906,-0.00027076201883646225,-0.0027666718720359682
2023-05-10,0.014057807865319991,0.009566211514441259,-0.0030949200570485075,0.008088078129120616,0.00939365637989618,0.000635050717705857,-0.011403014805892134,-0.00559503675105557,-0.003629222656560779,0.012126097797553881,-0.0015656251770349073,0.009124480022930953,0.0027903840527532023,0.00506655130434076,-0.00032597179578813026
2023-05-11,-0.0053576477200213005,-0.010991072836933312,-0.007288639418515562,-0.008900495550263633,0.008593469430086731,-0.00982833153907959,-0.012044512381681834,-0.0015600958457345612,-0.00607842549058841,-0.004488781565806204,0.002998631472741022,-0.010289007314289117,-0.0030927417209124335,0.004639079021296344,-0.0031022377915569128
2023-05-12,-0.0019156658628363451,0.00023769949296317943,-0.0004907574294164798,-0.0011384691993297032,0.0004073689445105529,0.00179387721106222,0.0015296587808604368,-0.004066798102950404,0.0007110915173053737,-0.0013239157843450051,0.0038977938108656616,0.005519723816255504,-0.001360619535740779,-0.008487407941182714,-0.0065628955443680975
2023-05-15,0.010540722121595932,-0.0016648880947797797,0.0035638488353896716,0.025862798876356792,0.004368907151189969,0.008415476196684863,0.005081105621971281,0.008117435573726283,0.004862113254516735,0.008246655899848401,-0.002466945694887794,-0.012683355600972359,-0.0017414130282742426,0.0012844577379891918,0.00884967395153442
2023-05-16,-0.0030002781651081068,-0.02469832406405172,-0.013069769737579586,-0.00023787967454280654,-0.0004056726453254878,-0.016643485382617014,-0.02488890967579817,-0.009372049208991071,-0.013633235627617944,0.0010508232312546504,-0.008485284640027808,-0.022402414871377924,-0.008370758936033763,-0.004061648987962614,-0.02377535804037382
2023-05-17,0.020324837411703937,0.012846985200275909,0.022276602983999715,0.02668487767971348,0.013498792489800692,0.006562513676989899,0.01904321353709122,0.019888761923472536,0.017063119109262465,0.013235499875609012,-0.0005241095956254526,-0.0036075126216807236,0.0012220273531608765,0.020611074314862865,0.02768346109258862
2023-05-18,0.02379294425917999,-0.004465516173363751,0.007331197210837798,0.03445734131208235,0.0158827053841249,0.005882240865234368,0.007238517815795743,0.007357374875517548,0.007224478057407,0.020261351670943718,-0.004865226690674644,-0.003016097027365658,-0.0024455498845084474,0.015429502343254053,0.002597028320980064
2023-05-19,-0.0005112041559395624,-0.0013315968960916748,-0.004998521253268543,-0.005535980214490688,-0.007909781363252525,0.002546792362743833,0.0076887795634592235,-0.004285430736029963,-0.00240249805284768,-0.0004445547140801675,0.0006586151083399871,-0.0015115615827202085,0.004656419555838686,-0.008410597069929754,-0.03648175996011687
2023-05-22,0.0062132484492243584,0.006278708806280342,-0.0003518768481254449,-0.0008255449506317528,0.010172447580475788,-0.005227835558302267,-0.004152183021755956,0.0018389412054440986,-0.00020024235469388182,0.001903223967641161,-0.015263417437716326,0.0003023686887722595,0.0009895371109281499,-0.0031060843857895954,0.0028541271845875607
2023-05-23,-0.016138659126781488,-0.010770245654662634,-0.00568874683523287,-0.01452040570870661,-0.012259350594394685,-0.015590270558511567,0.010660562696434518,-0.011703160322597762,-0.012101873643772366,-0.014877528707736188,-0.0073828408445154245,-0.003483946001421453,-0.011016069159288227,-0.009176198744290764,-0.004536709006232068
2023-05-24,-0.004659309821529044,-0.020652322923933146,-0.017847968172500426,-0.014811665372939917,-0.0061863019931769824,-0.0114927650873208,0.004356743696943242,-0.013096486945806639,-0.012969235732393681,-0.007360453744978578,-0.006488092566844389,-0.006546517247317799,-0.006869762239979358,-0.0036808510583282526,-0.002191711202459381
2023-05-25,0.024507544346960602,0.00012412787520226548,0.012926846072702365,0.08247828511556227,-0.001702902435118669,-0.0035530786596970937,-0.01792151060518562,-0.0003140409348029509,0.0032836759189001897,0.03764660840943583,-0.007623333422904919,-0.013532443748635126,-0.010276328687301823,-0.004502399472014697,-0.02011651475968952
2023-05-26,0.023179363644688995,0.011483637001795208,0.0023527279098265667,0.04795576716688826,0.016999213638476795,0.004996785735265571,-0.003927657792216323,0.008130127355634058,0.007451010025640798,0.02800080687389965,0.003410331977710073,0.0,-0.0020367301246125313,0.023232998228800022,0.008231851199395271
2023-05-30,0.0074858008251376335,0.004288027401112756,0.0016834859853425068,0.004806578731312697,0.0013789847030453075,-0.005391949549889354,-0.010336490322577564,-0.0003115955503776309,-0.0015265242902283136,0.005326322877211897,-0.011505553784584175,-0.0038779765723714983,-0.006213854373955836,0.006689475183815151,0.00034156992655496026
2023-05-31,0.006637837830045282,0.005242905324561372,-0.012067812121415946,-0.02558283151147055,-0.0009848615601736027,-0.010739450634159178,-0.017729413058548145,-0.010648212431528862,-0.01374104894332112,-0.00836527367316876,0.0011014067442772627,0.009128206982661776,0.008563400464459855,-0.009061221590785623,-0.029982415092902864
2023-06-01,0.00018293964048886652,0.0006078111124665418,0.009852039496658388,0.014923114031972955,0.01175449416135879,0.013241685848784811,0.012327298577424522,0.01064821243152885,0.012721907268897822,0.010114340253424295,-0.0008256847797367002,-0.007420077975340174,0.006549686165988488,0.011737640953147072,0.002635574485020378
2023-06-02,0.006441400284028634,0.022116434325581424,0.02120056256106044,-0.0024605001495848094,0.004566370260182883,0.03299363485366157,0.029982292459592122,0.021572669500716294,0.0286411183616669,0.005708234007008878,0.013678138723262585,0.010342079918481555,0.01274216762284146,0.023196675276869097,0.04276422726572563
2023-06-05,0.0066408920268560805,-0.006679540036332405,-0.005487324139884984,-0.012601291899583434,0.0022270972850672714,-0.0007642388530697231,-0.0066554263604116926,-0.005196407609362016,-0.006959071003573576,-0.005768596101678335,-0.003674768296630122,0.0047490278159552915,0.003599861131725558,0.0029894365748151736,-0.014905351952598815
2023-06-06,0.0021939789971536423,0.008579646210749392,0.0015708719787990034,0.00704327693089985,0.00607470543006901,0.006348560369725924,0.008031176264184946,0.012486734318986259,0.006265236327170548,-0.00024092141383988714,-0.005057528558948443,-0.0007644092076255217,-0.008368783014722958,0.01036077645457966,0.0307510636753594
2023-06-07,-0.030807366436183464,0.01556662309530346,0.015384006337604401,-0.0057275749260032515,-0.0070422598673710885,0.011827094795203826,0.02615156606953174,0.003926754187336932,0.01593263209437311,-0.015061646028486272,-0.003294470550360435,0.01683512904793745,-0.00393984380628846,-0.006811034487022378,0.01998755185887594
2023-06-08,0.013225681008272754,-0.005177670002213053,0.0038255349800338395,0.011490783603187695,0.002224068631363735,-0.003633989351386659,-0.004270624442125717,-0.0009045183175410043,0.0017546807448913597,0.010772821801179687,0.006851284251425463,0.004352130720790133,0.0064039173053167375,0.014698805663936628,0.01257256887313396
2023-06-09,0.009064159401527314,-0.006153979643302922,-0.004299281652441521,0.004573373270306215,0.0007724906066092663,-0.008319592337101566,-0.005517591140880433,0.0003016372814656941,-0.0026330991436908785,0.004951640774975725,-0.0016404264215511733,-0.005857133381762751,0.00307180868158693,0.005161918306726477,-0.01728777268766956
2023-06-12,0.02346149772738647,0.001186439934942313,0.007853530018198808,0.029127577940929645,0.010943978413154124,0.004546639678009286,-0.00963711841574628,-0.00030163728146568225,0.007103473899414221,0.02151252236028493,-0.0002736095871022904,-0.0018094777110235533,0.0035971061975234252,0.01703778704233864,0.01488225952949277
2023-06-13,0.006632745078962431,0.007324385028487753,0.009106528595382916,0.013729858918856268,0.00552214682000725,0.02292068564604968,0.004706742204143652,0.00601666684769787,0.011568770366322078,0.006054034176977414,0.00409641680498227,-0.00015075889525759808,0.005029941582167195,0.010314606357021413,0.020186580650275513
2023-06-14,0.0060927627323972096,0.005048260042351945,0.012418861374885596,0.015087594106613318,0.00028478376455125427,-0.004195982486704394,-0.010308719064822624,-0.003906933224472792,-0.0026875305826905525,0.010260745957384531,0.006112491493613664,-0.000603831301005589,-0.010315359329491503,-0.000724671341343591,-0.014263284912465864
2023-06-15,0.020150100252596836,0.00525612462443528,0.018816008140168795,-0.007224046823448074,0.014979901302938334,0.008497177721879435,0.010926476957984908,0.013162020218394566,0.014976067165033708,0.012794198351766331,0.009972212838352378,0.010814254811227343,0.01539558914310035,0.006502557110003997,0.01677786772452497
2023-06-16,-0.006057189974245042,-0.00034932712365316466,-0.004608948210217811,-0.007146017841416651,-0.00694400266355889,0.0024490784201047374,-0.0014830525068450873,-0.0020823569422121287,-0.001610746274973625,-0.008280386957898954,0.0012059709385038677,0.005363492507325572,-7.57046263046649e-05,-0.0015015623471254136,-0.016618276556117164
2023-06-20,-0.009402258252953538,-0.010543820756745335,-0.012785639987066383,-0.003526926113617855,-0.0075613893313578795,-0.013626188491590628,-0.02263631412853176,-0.007506284917250189,-0.007454117645958053,-0.0067811426861807645,-0.007635830744776413,-0.011797347504276169,-0.001124657926884147,0.007463724266094647,-0.004500844462848716
2023-06-21,-0.018659162603380165,-0.00436715053469556,0.0005430435193730198,-0.023165988819414448,-0.01241063584740485,0.003234660884245441,0.007881004332818797,-0.0012064465114740037,0.005548280684671107,-0.014907090214332466,0.003527065944328621,0.008000725996131199,0.00015218110285004953,-0.012087541138571443,0.002574554194984061
2023-06-22,0.005463534706933989,-0.014776008038940401,0.00058439034620513,0.004942952883305236,0.006701759782350046,-0.0023627068758709877,-0.013511764848324972,-0.007876217641886505,-0.007276404656466967,0.008126789017843888,0.0058065937169842095,-0.007697538829104984,0.006818741595650525,0.012685405490974664,0.0011241518900926715
2023-06-23,-0.008340213918090285,-0.012806991927228582,-0.009223289473391344,-0.017137096265468228,-0.0028666310326168256,-0.008125406976550878,-0.0072129964372981015,-0.004266913525036529,-0.007619850991349139,-0.010909791333032704,-0.0066193685590712065,-0.014806109068403647,-0.0033279784591669034,-0.011657435280002995,-0.007572625327367149
2023-06-26,-0.008560265893759472,0.02248375565929884,0.01450891322700985,-0.004619761264841601,-0.008360323966741938,0.010363989430782414,0.01780849181059028,-0.002140669724087625,0.008292351619731275,-0.007200362660152435,0.001354443407042137,0.009793402057668965,-0.005698015928025245,-0.01289635158671217,0.0021002276382044533
2023-06-27,0.01916574317528144,0.011936527455895681,0.020990441133049684,0.03123987541968479,0.015796600284778264,0.014062128179848504,0.0022832184235781297,0.007926889152568698,0.01193164882251332,0.01951684279742448,0.0029735555639710852,0.0003045550327384167,-0.0022882552319281623,0.021262457017147685,0.016963023141061316
2023-06-28,0.0051294331033126086,0.0015262150612613738,0.00862095590079766,-0.0090834431354519,0.008323831222252935,-0.006882895978707743,0.010084385482174925,-0.0024322170732344957,0.0,0.0005853624159777187,-0.006770518022315041,-0.014876505158719099,-0.0032126121004659633,0.0039482792376274575,0.0009516604744719215
2023-06-29,-0.00014621936801402998,0.010037455467332408,0.00016115513903947818,-0.0014663700953700045,-0.00466682957616267,0.01250156791216038,0.011472659648475844,0.017202774043092,0.009631823192082091,0.0017544883360653383,-0.0009518049757630954,0.0,0.006490873497691665,0.001073917273590813,0.0056908354694142
2023-06-30,0.01136785477495415,0.0049811026197033904,0.0065863608874744345,0.015422143278081842,0.008691624809968893,0.009335057974250051,0.0064269825414556845,0.008640165808046786,0.00851520528237066,0.015768478324500828,0.00866647710536621,0.011063581587310412,0.010222948257613418,0.012622701850336258,0.004874546568734156
2023-07-03,-0.005246305776700986,0.008514749062830958,0.00845030396881377,0.008828029600581993,0.004317572826159586,0.003733882591368222,0.002338118067267541,0.005620306517786064,0.0001864330912732791,-0.002130338252029749,0.007789562517799737,0.007459989959958063,-0.00824581074496945,0.01199991288393497,0.00890154949150689
2023-07-05,-0.00020344904406164888,0.003431209843159452,-0.0050536724304758,-0.019060851657710806,0.005510691843080514,-0.024954179799422962,-0.0055462399593772214,-0.002066755173785124,-0.005417967180541005,-0.00618654885633058,-0.001740894111271253,0.011311276681722741,-0.0005321483124812042,0.00040735167281734196,-0.0038944798676573272
2023-07-06,-0.010519356413850406,-0.008024830493029772,-0.012645856624967375,-0.011948913324176065,-0.009640091684550831,-0.007298755702504544,-0.02275121407429188,-0.008609206443856352,-0.007521632875987794,-0.0026715339697224692,-0.0025492786386657625,-0.012221828548155131,-0.008012416742706741,-0.016242317171742474,-0.012723079315338205
2023-07-07,-0.002058331002465253,-0.0026507362127604437,0.009329232486725804,0.0009396550835888725,0.0,0.00865377927064624,0.02126694490169749,0.0014894309819641592,0.002262286528008283,-0.00437110707156479,-0.013118242944377141,-0.007313910090695688,-0.011713997893423402,0.0012407663253731426,0.009596600001896615
2023-07-10,0.01715982362898709,0.004145962224156028,0.009758486784973342,0.014057014291740683,-0.0016000447948513014,-0.00024603311380874,0.007767668593470992,0.004455737434556567,0.014118448000255612,0.002624811465352976,-0.00027217818706878617,-0.004291048650128913,0.007875794009889187,0.0030653443215679687,0.01830653301490133
2023-07-11,0.014620152906589043,0.013356905273097753,0.016159494339754856,0.0010579465729246638,0.016720699774197028,0.009801481475309341,0.021746578723187887,0.01178545774474117,0.011722079953294863,0.0021532960372238345,0.001496511160816422,0.012363547321546067,0.0002308346587297391,0.008323722882773416,0.020390040978241698
2023-07-12,0.0054598708337627415,0.005428921267028104,3.8977886694029856e-05,0.020797300304219946,0.013251249866829094,0.013081602949576162,0.009211159897177933,0.006423402992091058,-0.0017450911573324,0.011271285559950196,0.0023088196365649164,0.014458067217021801,-0.002695016849338935,0.00894943902260976,-0.001205612776053701
2023-07-13,0.016398195075935616,0.0069683732077415695,0.001247411896066384,0.023729270047779707,0.01361920692698273,0.00779123287955015,-0.003817710025337736,0.0034863297036880213,0.0012861057404230521,0.012963128707815496,0.004196389043606073,0.003433206894902826,0.00038543857876229096,0.009328477492963007,-0.0074169535901694155
2023-07-14,0.0006692768820303669,-0.0014569976252531108,-0.008566914534888595,-0.008314735549840475,-0.009787049219668189,-0.005867851085257175,-0.02677139659341202,-0.006692815505174791,-0.0029420521960015363,-0.0014762718178709742,0.003371325844521321,-0.00388175721943934,0.014917145809050939,0.002576003513371686,-0.009310960615270095
2023-07-17,0.01244010974318052,-0.006753041628938457,-0.0012187768975872129,0.018439644667200262,-0.00419786479467938,0.0009603537082066861,-0.001966583683970547,0.009588776617439607,0.0037678264919687797,0.012703951545881135,-0.0029664502577451063,-0.011585139955696742,-0.004566371890298502,0.0040507922203408325,0.0056582161876203
2023-07-18,0.009290938810738562,-0.005889622358917048,0.020864167961921084,0.002749210839873094,0.008559597117461716,0.007769267791299976,0.010036812582421673,0.011215096530861394,0.00557969733886243,0.011269215848886497,-0.0010806623642309057,-0.0077478867709678476,0.007371844637872338,0.004090997100705239,0.010617367097956241
2023-07-19,0.0011995616705115508,0.010958743206763065,0.007598421977812665,-0.010538210320679474,0.0038913321577034076,-0.005372362566042072,0.005828746891713381,0.004280279811718421,-0.0004561185047525946,-0.0024994277352350957,0.010086960449290899,0.010166149814346074,0.004608041847263158,0.00350977481588176,0.020015409333216487
2023-07-20,-0.0247722804786918,-0.003038332498780031,0.0006878126909722507,-0.03601748267882261,-0.018872982333240636,0.0023911738055313603,0.011676409942859105,0.0073759362611212145,0.004461607789967549,-0.020167624461581244,0.008527684282513617,0.018102091434054623,0.016445435388770906,-0.034667679112720784,-0.013848786306750582
2023-07-21,0.0025941381355326118,0.0046102088638036035,-0.001070269345800209,0.005346226108330579,-0.009432251878421768,0.00011941834626134927,0.008817010332601164,-0.003397380119060085,-0.0047353352635574435,-0.0005109084354109662,0.0034436615830734656,0.014863089715812398,0.01003250976198958,0.0002337715777543158,-0.009794388156060459
2023-07-24,-0.0030970591966399995,0.008044680082633341,-0.001262753405408162,0.0008449402532823447,-0.0002787533025041434,0.003099786171095993,0.01600413318486496,0.009596351461592708,0.002279499865374329,0.001758668560477793,0.0038271227300928174,-0.002632789008196121,-0.0022044692021110303,0.006529318007621893,0.006189381262275554
2023-07-25,0.00757219070658773,-0.007035629158563813,-0.007688111023129098,0.015919888836616318,-0.0014879980285183525,0.01781432427565321,0.005239398388194958,-0.0064815707905725205,-0.0012759811581878463,0.011383704042625115,-0.00026346604843366345,0.0017559626220107537,-0.0004415951683181259,-0.0023269304554403803,-0.004373644823130794
2023-07-26,-0.009726239188159123,0.005141865141475703,0.02672907247079397,-0.01099446649478712,0.015515641129183435,-0.0033967332660407,0.000348557893669405,0.0059197862992152765,0.006997077978310389,-0.013539808642717348,0.0011851050509039721,0.0,-0.0006624644967328542,-0.0002330638535513571,0.015001595282759114
2023-07-27,-0.007787622188132669,-0.022209220798377487,-0.0135799288151991,0.017813082753917634,0.004206550292663098,-0.0064740101527086605,-0.006405617735933807,-0.01272839878599044,-0.008639730828547633,-0.002900888986262021,-0.008856191349378406,-0.017848230682367076,-0.007391595436987886,-0.010423412953847173,-0.01107980344174866
2023-07-28,0.014430652301452448,-0.0019399150999770524,0.015456816238062289,0.019122455315134797,0.024518940993907633,0.006943345110678137,0.003033358740310191,0.001990690368701256,0.0061917668275751105,0.013522354030314534,0.010302628339088087,-0.002235139871103006,0.002963244940492861,0.016810971906070976,0.011675162094175792
2023-07-31,0.013484564118362368,0.005694874238264671,0.001723371034200952,0.0007474261277304327,0.0028455515162941177,0.005263369066932623,0.018808450531570774,0.003686273732890501,0.0023574321044293055,0.002301850663993608,-0.004609915876409445,0.00044746493122395115,-0.00772277707015797,0.005656713141205185,0.008593861461015111
2023-08-01,0.0004939647480378009,-0.0019326374267761676,-0.014289921753006292,-0.0005604931291757979,-0.004003759829905866,-0.004443010731731352,-0.004697902461077718,0.0,0.002984166354151253,0.0016802364069329163,-0.0054272178409861364,-0.012301345156840185,-0.005231509192559392,-0.011403386304109793,-0.005028782756060276
2023-08-02,-0.03222663371652594,-0.005820330517436192,-0.00877261080587143,-0.037381084103145175,-0.01926253470513639,-0.01249850535722572,-0.013179099831337557,-0.008527634435838196,-0.010529422852703493,-0.025052145858969588,0.003577567282446699,0.0,0.000674076628532031,-0.01809386006870592,-0.009385443950610913
2023-08-03,-0.006537629702269736,-0.011048456454889593,-0.006919516865005117,-0.0029141649701990902,-0.003368165094127539,-0.006188968763815363,0.010073414928076717,0.0005707163088042002,-0.006315867973370393,-0.004083313522175648,-0.002781288037901662,-0.023056327430997284,-0.005029954674405676,0.0023685861702242824,0.002092926155665891
2023-08-04,-0.011241933603099795,-0.007667421487270876,-0.005648140648450044,0.00038902629436826674,-0.0018257233672838776,-0.00227102246945386,0.0013814739939794114,-0.004002327904451904,-0.006079115489445555,-0.013693983035121753,-0.009996878451116712,-0.011652407610075358,-0.0035437565239207496,0.014443455191567962,-0.003291309846722023
2023-08-07,0.006353445184636053,0.012055354600529035,0.0056093435506382764,0.010704373187960343,0.014061108699885519,0.006559718014248561,0.0011499000246269295,0.01393879108513504,0.012212668479746959,0.002800213265032053,0.008138306757073966,-0.00015611692125828437,0.011490047198985092,0.01020703587467057,0.0007492024112075653
2023-08-08,-0.016440474849625422,-0.006705088417037971,-0.0027427157761721055,-0.016621380023401237,-0.0021643079819306044,-0.010636356321294685,0.004929376879752482,-0.009080828532538679,-0.004573738025992338,-0.00772003597618464,-0.007200995483850824,0.004677907255641145,0.0076611992245210325,-0.007994519644583961,-0.008119241997160399
2023-08-09,-0.011574047127914712,0.0004637086714539146,-0.010499480124420606,-0.020024351118756924,-0.014916100536247699,-0.004093519620698193,0.012500062671480624,-0.007439135200829989,-0.0005503823736724968,-0.0130011264127797,0.0014712234401872415,0.0021755613995014904,-0.0002965524468220194,-0.011936206524801523,-0.0037812633691251545
2023-08-10,0.006433587088572751,-0.0038333788069454464,0.0035511433720850517,-0.0021980172719845955,0.0037499174409015797,0.0007235417093283575,-0.00011310469527916865,0.0008610551162696663,-0.002755806967751969,0.0001189986638325922,-0.0020065807781282615,-0.0031094326202701253,-0.0006674166221285738,0.002410524015993596,-0.0009096155637820112
2023-08-11,-0.0015239116853709336,0.0019764905303096916,-0.007938835730548944,-0.025391256876876978,-0.004574980225875166,-0.0027766025553425853,0.01524363412570735,0.00200666854205925,0.0016544245413781698,-0.007402218355515778,0.0016054327488532873,0.0054352427267275755,0.00621075001216666,-0.0034115233526873677,0.0004549112069466461
2023-08-14,0.012937250607682532,-0.0069936270741299674,0.003292619076396773,0.02998175392187674,0.005943388458648177,0.002173606550053672,-0.004235848979828977,-0.0020066685420592535,0.00036738386221951995,0.015812015596917257,-0.004958670729405635,-0.007929924424354388,0.003017660711892402,0.0030590325792365556,0.0024226047327523736
2023-08-15,-0.008606247283795089,-0.012003182868741337,-0.016692395403760767,-0.012086655747542833,-0.009710533430160234,-0.01641878696921818,-0.020996210958150723,-0.018534920597105143,-0.012842694001951744,-0.00989779003990379,-0.010806709721141644,-0.016367731890903833,-0.003681033155757314,-0.013721540205059033,-0.010643139618679624
2023-08-16,-0.008651407392967932,-0.011429945612107249,-0.009114294269947042,-0.015913599957692374,-0.011387485474181822,-0.006767145321726111,-0.008707794297784703,-0.0014626510120824378,-0.005594959011571027,-0.009575871200159384,-0.002311533223235549,0.004432976481210818,-0.007626149968852546,-0.01246414480128677,-0.009059580371609102
2023-08-17,-0.015315018364615619,-0.00696965884753429,-0.008023353280891614,-0.006780704674060212,-0.011707037987179663,-0.001977199275071262,0.011896756251046046,-0.004988889246318258,-0.00845153671917797,-0.009546790110698438,-0.009712161857357161,-0.0022140975120146992,-0.007984087791299105,-0.017089218962657263,-0.012885407189016745
2023-08-18,0.004089047826319412,0.002408889815822151,0.005651317247993838,0.004251832544894782,-0.005573757846049987,-0.00012361768720870118,0.009844396327755285,-0.00029439241313552626,0.0018842602061838873,0.0015166992099798853,0.0037044727755458106,0.005211199174170849,0.0003744057743148696,-0.002272229824645926,0.012885407189016821
2023-08-21,0.01759716769754697,-0.008820206305795799,-0.0030235917857227477,0.03304800445408861,0.005008323052345887,0.00012361768720884562,-0.006325632348749086,-0.0011778498708332938,-0.0012243240055303049,0.018915405356423956,-0.006732952075923424,-0.00632002323091016,0.0010478061420996733,0.011430997270467598,-0.007431552050377816
2023-08-22,-0.0008198126148711138,0.003271456243409351,-0.0075379448425044225,-0.010047598934352885,-0.0013204935947692528,-0.0008663427308800031,-0.007735140769705261,-0.00947331585045157,-0.0023587888376745635,-0.0011308449352381497,-0.005669072550761314,0.002848865882456375,-0.003522270266394355,0.0014578050274947477,-0.028210736747961034
2023-08-23,0.01629881164908769,0.015959882936926063,0.010118727747919231,0.02143655738555561,0.014895570494948938,0.0016082257747060025,-0.002515264308164809,0.009768055166817263,0.010243941471761681,0.01788354291473922,0.006633654242096963,0.003943636060672433,0.0029984446467438515,0.00797889142712122,0.0081192625160701
2023-08-24,-0.022940559459653467,-0.004294943751837718,-0.009183493885885014,-0.026195989673382696,-0.01981545634272019,-0.004211566486780139,-0.006892701717217664,-0.0035408509093685647,-0.012229666042203602,-0.023317314492454735,-0.008021060119865739,-0.005841977915194338,-0.008720245558129263,-0.019761647471266394,-0.021151381651257944
2023-08-25,0.019620981872240623,0.001791834820354027,-0.00016261440949431224,0.0018124446619927682,0.0007583853650396879,0.0029750213251956295,0.009636287049922858,0.004718353876971499,0.008388773806041932,0.010127629180997685,0.005538678930119789,0.007572166482260094,0.007297048441281684,0.01111472888646738,0.004040503347297898
2023-08-28,0.004788159147888726,0.00831954205435024,0.003935166178105066,0.012266039084793,0.012152137292505262,0.007275353230679007,0.006713353914161524,0.005574136426711756,0.008132710427801695,0.00814627431125371,0.0045462787987878344,-0.00015713066144436427,0.0023211354330198494,0.004000163857239644,0.01234279941872266
2023-08-29,0.019208884090279547,0.012000165421637562,0.013472693999338233,0.025317938641830146,0.02066518024502501,0.016450600811527064,0.0027180796970482663,0.009028670580035538,0.007605296077023618,0.019849887173620302,0.0035674603101806656,0.003765442463418839,0.008933952201042273,0.024674914431453764,0.015648697305274514
2023-08-30,0.008908469837638074,0.003735358479912751,0.005418080638103311,0.005090259859688361,0.004210159612929289,0.0022937779704325046,0.004963944854796254,0.0005797647482195755,0.004517207210873645,0.007521983854882108,0.0016422374744638985,-0.004551662102364593,-0.0007415883631558866,0.004298848697146647,0.0065655324521605414
2023-08-31,0.0072477759189861985,-0.0057253643761179425,-0.007577491991879939,0.004040981128725073,-0.0007308795709321527,-0.0004824840329036395,0.000674962333974969,-0.0037741452854748603,-0.004517207210873717,0.00485066627198312,-0.00507219569350912,-0.00964207839764717,-0.01201325328288072,0.00310955838608744,0.0014013441774115801
2023-09-01,0.004655509912459602,0.0005855093288947915,0.002558758489798719,-6.396017441729256e-05,-0.005315274106755834,0.011157113405688276,0.020261204486626577,0.008976383087275972,0.005252842196090354,0.003069368438416412,-0.008557552919808283,-0.005095502021785849,0.0026984900079656763,-0.006110988893764086,0.005276348961948892
2023-09-05,0.0048539405257067665,-0.012491177119141897,-0.022084387642458278,0.002365682942764207,-0.002299724950499592,-0.018665048768912312,0.005275760380432768,-0.010140753308470734,-0.01696287848553023,0.00356920969823626,-0.008631647054683134,-0.015444369841258833,-0.01038543500503119,0.0007072244668585091,-0.02206499073248308
2023-09-06,0.0014295809649900733,-0.002017976939150059,-0.00815687601360348,-0.011691476194501881,-0.0035060678744493253,-0.0021902695142053175,0.00043850710877626966,-0.0005825197003139148,-0.004309658508862244,-0.010631360493549168,-0.0011191779512105678,0.0022672983340137347,-0.005461522467602655,-0.008933397729447247,-0.007783357697084467
2023-09-07,-0.0023654576311492354,0.006513895811865488,-0.004537781875251377,-0.022412684446755992,-0.004353057520666908,-0.004517649199884422,-0.0009865914151905902,-0.0026256042459596217,-0.0032913914415270465,-0.014566059096131238,0.0023768151549289755,0.013017391037393689,0.0044777065041273975,0.002789102700387045,-0.006398957788674089
2023-09-08,0.001815933225335437,-0.005088887254119017,-0.0005375681786880677,-0.006297359336778307,0.001391237384541883,0.0009785411143672306,0.009605989735476895,0.0020428612293551087,-0.005005109652322211,0.002085572229959884,0.00125605753881961,0.008743466612964917,0.0,0.0,-0.005310209085806832
2023-09-11,0.008076321759852014,0.0,0.006925667189127957,0.0007312110102854004,0.012344760219769317,0.00426989444579566,-0.013232423517228307,0.004653851298136262,0.0002841851296428491,0.005195114285652408,0.00860995633515847,0.004106647137113446,0.00686707290451463,0.02654818306421275,0.000322792988530384
2023-09-12,-0.029216922391438645,0.0011857797301903729,-0.006925667189128002,-0.007537156206061418,-0.007075147303177056,-0.002315581924629467,0.023284722443076833,0.006652164727252884,-0.0036031182287798824,-0.018302219045308193,-0.008609956335158576,0.001260308872530633,-0.0012792678248386541,-0.009101084943087123,-0.0014528159475243581
2023-09-13,0.002103484447761612,-0.010723470102097832,-0.002153363227471047,0.008068675775242517,0.0,-0.005873938917856164,-0.007556956716613641,0.0,-0.00667117206136938,0.002518276487619569,0.0030633690757721436,0.01189372795371389,0.00015065427737638888,0.00788858316019428,-0.005019784949714693
2023-09-14,0.0049187848835336835,0.018397146673540542,0.009653859069044642,0.005431108026640033,0.012280347560692044,0.014015300955378366,0.011635680229529679,0.009182338214433214,0.009800728940153807,0.00722645971490651,0.010099364310776257,0.01451768957419073,0.0031571893381833367,0.009774105023092687,0.023107655504614175
2023-09-15,-0.019054576039848975,-0.005306423969002845,-0.004691462794424861,-0.03072010172738725,-0.013018021120637024,-0.011196403577708729,-0.014565855933340137,-0.005154564977555393,-0.005792626996313741,-0.019407805585242646,-0.00829294460800004,-0.004302512463269279,-0.007911832731760469,-0.017255277112334502,-0.012932244221967027
2023-09-18,-0.000397895086062917,-0.007833969024750642,-0.009991180367779346,0.0033322152316975187,0.0011064875279195882,-0.00416497933293932,0.00843863940805509,0.002735775010846661,0.0011087483626802956,0.004794567938546076,-0.00034951862809110966,-0.0007454285336898107,-0.0015201414066234183,-0.010935158850081264,-0.01606495992499234
2023-09-19,-0.0012231902437704596,-0.004538240837827508,-0.0004584783978108969,-0.008659298113822994,0.000829461126007587,-0.0008649520590882137,-0.009380535773892307,-0.0011509751241603047,-0.004211873865855743,-0.0005316978093519303,-0.0023791253894223773,-0.00545206787472789,0.0008363365151477626,-0.005023708879937435,-0.0026232816344796926
2023-09-20,-0.009063219647000778,0.0010767531720792878,-0.0038003991628559426,-0.01657160709056088,-0.013537661471136801,-0.010561210723022683,-0.00935883635004313,-0.006934270121710594,-0.003940551778682305,-0.015840125110317987,0.0009800565411787387,0.0009367097799027807,7.588049569270039e-05,-0.010004336178316033,-0.00477256084281909
2023-09-21,-0.023803388649467096,-0.03591154425809207,-0.013649803263471691,-0.020184236235154873,-0.014480681724362855,-0.02031486488004863,-0.013811534008716016,-0.01666487608868831,-0.016506833109312134,-0.015363625943957196,-0.012961335030562002,-0.010510844943263997,-0.008778919050048831,-0.02766959715026216,-0.012449314199301292
2023-09-22,0.0017044396225369314,-0.006091841918620877,-0.006511074647117233,0.008489054149972626,-0.0023706744748501645,-0.0010202566733739863,0.0016808603726862288,-0.007694572042484717,-0.0034324991590929453,0.002131241159501724,-0.00540311644919385,-0.0018941209269897623,-0.0020724438094932964,-0.009893538327107534,-0.004687754865750692
2023-09-25,-0.00020555800922183375,-0.001872351495900652,0.005025284133319909,0.0070195749291968946,0.0006643883725223881,0.007880175065272827,0.012462549875515209,0.002374026654410103,0.00499782111235381,0.003218371472455368,-0.003570894059342012,-0.0014230139523253552,0.0054406131260267806,0.006132883275476443,0.004854787715571333
2023-09-26,-0.016015984420320307,-0.018620424870012926,-0.017565594730134058,-0.015935056320000113,-0.010779142337788076,-0.014537285942860459,-0.005766943434229296,-0.013427022386513781,-0.015366817884927086,-0.018170601803421622,-0.007467770912465495,-0.030361362933035103,-0.00851863737669824,-0.0183868238209222,-0.014974467246287697
2023-09-27,0.006721866403164491,-0.007235468739947156,0.001127958327921846,0.009126716357370297,0.003542343675255578,-0.00012857349271854683,0.024608673803944842,-0.0015030945098239658,0.007417336461295558,0.0015423032465202969,-0.008250935371934269,-0.019434016503838733,-0.005022215645378321,-0.0038444451485941107,0.005915523953209687
2023-09-28,0.007618729792379414,0.009806394175013803,0.013738044616402309,0.016068550834196633,0.011137143763764158,0.010733584952080577,0.001084537653389747,0.007194218723890752,0.004228017596933464,0.007064060034808208,0.003047794250561842,-0.021856906003736392,0.00479105656551496,0.01111491018887715,0.018367425662094154
2023-09-29,0.003904919044060843,0.003333016113409695,-0.00012819031652857901,0.004770665808958108,-0.002563506093624573,-0.001653759621202404,-0.020368763630433082,-0.009302294074331936,-0.005312490097334032,0.0034218556179939985,-0.0029025464176320927,0.0016982639790891053,-0.007583428837749924,0.005294440207174539,0.00692511445012506
2023-10-02,0.005522995332099152,-0.018600364910890413,-0.00911009107322752,0.008584882545533013,0.0058766953385418165,-0.013328329372690762,-0.020114636174413187,-0.008477325905879546,-0.009813148269829671,0.010679270534709129,-0.0068538581961155205,-0.04761138235369776,-0.001399270282977846,0.0008069150207515096,-0.008415141180549535
2023-10-03,-0.025411218325222865,-0.019617433066860687,-0.009411916530973093,-0.022475879923385067,-0.013128024152020332,-0.0027131158969169946,-0.0006774686784981394,-0.015936486630574457,-0.006997197284516275,-0.017104730403363605,-0.007195638802767068,0.011501435307773235,-0.008906972778380474,-0.02463191233233616,-0.018901712961341972
2023-10-04,0.016042105543411053,0.010843995401163637,0.0039578308263475475,0.015476317089584543,0.008866253419340246,0.011703662871159499,-0.03190520779077397,0.007386924175058651,0.0032046368193920987,0.012385840604497158,0.007927089559417427,-0.0010562311843478006,0.004229002813187587,0.019529435357726246,0.003371517474302595
2023-10-05,-0.0012362342806479273,0.0075994262418748685,-0.003914117636446371,0.0,-0.0007597666134614912,-0.012221094790375999,-0.006200072431349065,0.004589126767034627,-0.005916734377809598,0.0013333503262201868,-0.019937171927306936,-0.0058288605775370156,0.005455508487989903,-0.00500351979310105,-0.015604016993807503
2023-10-06,0.026649640778207466,0.0020863320305121564,0.010101808934200348,0.02139329262783804,0.017699749441311467,0.009404173888500652,0.0059666291398236876,0.008510763579036046,0.013586638810565644,0.018539319035914652,-0.005534477540919982,0.014072343434965995,0.010438115862025634,0.0069979970269758145,0.005455103440946513
2023-10-09,0.006631312755778468,0.012684501412475378,0.0011208097967413612,-0.0025648182550262466,0.011320234189865025,0.0012812904113528385,0.03281611976079742,0.0006051489715597313,0.015556093839295097,0.005158676776472137,0.000899847340073577,0.009907191502580036,0.0034554824229504786,0.0010578079605185256,0.006270626761924772
2023-10-10,0.004632810540583382,0.003210310392449943,0.012205474142217681,0.012291612060710905,0.004327332452236761,0.010572694336342956,0.0012409284565303897,0.00723312854522503,0.0060386785410598345,0.0015364922613194272,0.010138585252526639,0.01357059512655496,0.004740864972210005,0.010886997867900998,0.01791597079402965
2023-10-11,0.00559898136620656,0.018293278784457627,0.0024656750968088067,0.010756194587206743,0.007413842393478528,0.002404494210690926,-0.012935545763280699,0.0015006265745709769,0.006002508070886331,0.00922797313909775,-0.006847356233623466,0.016078987203432895,-0.0044342704409508025,0.003562136745120737,-0.004157380130239914
2023-10-12,-0.0041537621034461025,-0.01573226437469033,-0.01183123581659098,0.005072396937415602,-0.011741174845715347,-0.015028062530591498,0.0011415469189275389,-0.006316874523145343,-0.009114500140071079,0.0009356493679596182,-0.010963338310738202,-0.015567292045215682,-0.008619457691945824,-0.010972233743175887,-0.017651910387849783
2023-10-13,-0.01104733261624588,-0.0010237018772268137,-0.01733597210853687,-0.025353248148527484,-0.013095060139728502,-0.003728318490249702,0.021777811482091645,0.0021100416888395757,-0.008904040087456365,-0.014424313837366103,0.008720460637676434,0.011192109238120704,0.006240994659195949,-0.014798529357838208,-0.005612747425481353
2023-10-16,0.011415275815237814,0.01145481703016599,0.017464864584770402,0.011458610389821239,0.015675362602145367,0.009741220977993332,0.006674934136461622,0.010484113925174562,0.010558498844253276,0.00956099390405356,0.010276225498391451,0.010234251861876743,0.007499102279784923,0.01603730067995946,0.026758216190349255
2023-10-17,0.005053891062079213,-0.00278780847287947,0.005056704752592668,-0.011863029900864507,0.005872583391823343,0.009773572738717706,0.010368466053319762,0.004756056003301176,0.003107009102510303,-0.0046509757753304065,0.004287715223984711,-0.0026742848863527163,-0.00137296612607876,0.00234952314096285,0.017122437413145803
2023-10-18,-0.015153106507461815,-0.022069176598978002,-0.03293685659475219,-0.020227424061012043,-0.018560735452819555,-0.02623470813740026,0.009066763186736933,-0.017350211617315314,-0.02443566455108372,-0.010321123475754215,0.0036817919107753616,-0.008741098601531718,-0.008741136216515406,-0.023747895046444138,-0.011822730760415059
2023-10-19,-0.006281423083783374,-0.024161113308832017,-0.00651498108506759,-0.006834429849018427,-0.00018659923246102576,-0.01173895138644333,-0.0017414842419844962,-0.013365990231684355,-0.009281963355155931,-0.005740219883297555,-0.007376947707958561,-0.010010977612113102,-0.009906369625175248,-0.025882369971018906,-0.016488036876170946
2023-10-20,-0.025587191667762767,-0.0065335732861361495,0.0023095681530844524,-0.01577918324506623,-0.011249815569387008,-0.012143450845179876,-0.0169177670623027,-0.01540851455101447,-0.010381659807626002,-0.017054979567468476,-0.003857654487458675,-0.010457063627469962,-0.003974747779023921,-0.015632992110763702,-0.005219412348216509
2023-10-23,5.911553367088327e-05,-0.0095436391826176,-0.012409224490018264,0.0035125429466228053,0.003388400426078164,-0.011218202623926725,-0.016307747746879566,-0.006230603667596821,-0.004671621764379811,0.0011580834155352647,-0.001934270183953471,-0.008479730489697785,-0.00626668021678809,0.001185728234012827,-0.012912112789918271
2023-10-24,0.009079296118947179,0.011815173009546476,0.0007184701582709092,0.011642996327375853,0.014087986713057112,0.011748992857911512,-0.014176635665497829,0.00685165738320108,0.007504471918906264,0.006861248225661436,0.008453834145525183,0.02539605300140854,0.0030600131819473507,0.010610685751998038,0.0011961362255419371
2023-10-25,-0.027188553334553108,-0.02213290478141992,-0.020404281486997706,-0.0395176653310511,-0.04519759872546891,-0.011748992857911459,-0.0018293799118454387,-0.003731564815840113,-0.012913882827393133,-0.011869756845383298,0.0033911998802302334,0.005575682300913303,-0.008970817392333942,-0.020403527184297967,-0.0027364776352662816
2023-10-26,-0.01021099013134391,0.019593843192550992,-0.022092979681068013,-0.008835960804375225,-0.02204977699869467,0.006959142577462246,-0.007811678332025195,-0.002183085561984626,-0.004204940150561296,-0.019289625466327617,-0.006497238961502904,0.008556469594184457,-0.009929796843519271,-0.015749292498384783,0.0035901774373846653
2023-10-27,-0.00042519406346737355,-0.01496488349187302,-0.010924425839984736,0.006164520940220133,-0.0020830328546050116,-0.00040021845791407296,-0.024280195475390436,-0.018273826110809997,-0.008877895259056079,0.005788566779241264,-0.013723531911810395,-0.01905789442310141,-0.017069640069357277,0.010415620266147355,-0.011844557284548925
2023-10-30,0.013187676292219999,0.004607521493327838,0.02427558096709568,-0.0025336260756635524,0.019956305025550302,0.010221378292151664,0.003303067199103884,0.017649211014190612,0.012366216788012507,0.010680496825846826,0.015499532162542665,0.007633060065188828,0.005587764996354267,0.009116793880986263,0.00585397263398504
2023-10-31,0.01159459050995463,0.018354161733033895,0.006632383396161415,0.0071502385088882585,0.007563338274353816,0.004480107646330812,0.003291998520490312,0.010874832737768474,0.007346938002437101,0.0070977407126828675,0.003543047164430741,0.008580804872996272,0.005717305133249105,0.007523371273318745,0.007525275985900231
2023-11-01,0.00820450497668813,0.006747220134846856,0.0027962695789168993,0.024596144018646664,0.01123889435004181,0.0005256985995407905,-0.0023504185484480413,0.006468461001453502,0.0032482198472180398,0.019143563700761475,-0.0010321478715024882,0.0113277021158768,0.0020855156727776366,0.012284429736084443,-0.0027298734908454175
2023-11-02,0.01727930402239396,0.03102731982956335,0.02397221389818951,0.02558121679272204,0.01779832134329136,0.019132541994091017,0.029790719487242108,0.02336616166712859,0.020362751909772592,0.016786147719199073,0.012897722367376139,0.018544942929220626,0.015740797771781178,0.02577237615242815,0.03028997822560632
2023-11-03,0.010488992615021675,0.022748644821000863,0.015873336449758937,0.023071797875493526,0.018777259571005886,0.015605130567278622,-0.010101096946272608,0.013111031308652241,0.008798433473246431,0.01024097075636901,0.0011643023267681317,0.00583669556774275,0.004956937308117763,0.013952747055577749,0.02859441879528799
2023-11-06,-0.002346902498078333,-0.013333579147337063,-0.002245913505562352,0.002938514565239627,-0.0038752753022184136,-0.004962040964708571,-0.01137057606739755,-0.0029645125186425867,-0.0026610442832636183,0.006557362177023762,0.0015986758321455954,-0.002589941312424374,0.00664920005878118,0.001247328261430659,-0.008574004147168406
2023-11-07,0.020027938918516938,-0.008776080435462198,0.0029055377838942778,0.006249249157962467,0.0040595343429580075,-0.01957826756577171,-0.02241943475638716,-0.0014857944082505002,-0.0024703408949475693,0.010872562824629974,0.0024659765518734713,-0.0073200269341977126,0.0007015163176335341,0.011096470557959339,-0.00048751668529097415
2023-11-08,0.006745938961794553,0.004842763583930186,0.0013617084304436676,0.0035723223768084323,0.000184080844902605,0.0031171321670890513,-0.012609176583755703,0.0011887177942968461,0.0022729474177510156,0.0056483299701040055,-0.003919180176524747,-0.007374072773314735,-0.0014034630418127728,-0.002654263590369467,-0.01820765679188939
2023-11-09,-0.008516912927669106,-0.01588961780658214,-0.009616149209306127,-0.0017845148430658338,-0.0038738453787484353,-0.008595184483496396,-0.0030257509262515436,-0.0041665907599638665,-0.002174138658266148,-0.004676053520403592,-0.00408040789752897,-0.01324535579403864,-0.020892393571379012,-0.018843837187089884,-0.01770262532999697
2023-11-10,0.02459511620209406,0.009896656272807195,0.012597013842087577,0.03968889728289638,0.010845716754904384,0.011702319563845655,0.010969993496456252,0.011269492475670596,0.014339443906268432,0.02578640737319848,0.006985061609497907,0.005319240793559388,0.005957474296135611,0.016492278933100336,0.008222251930594835
2023-11-13,0.0010152849389853925,-0.008218910543798454,-8.747504123795e-05,-0.006122515311189265,-0.003479823889608096,-0.0014229441770674067,0.00716752613306745,-0.0014757092443177658,0.0008771932078770762,-0.005866162484966613,0.0031849677375980455,-0.01200808763609998,0.005764488208455313,0.0042658904776109955,-0.007043506757591105
2023-11-14,0.02705499886410592,0.0523758879651092,0.033954023875631824,0.03005803069548087,0.02051998037302355,0.029087341813299132,0.008887982151192563,0.018725108214835588,0.019871383649686374,0.019805851831256664,0.010210643460347687,0.03915610795298739,0.006748801525173577,0.03313018636092217,0.04829327448999388
2023-11-15,-0.005594297940597833,0.0028105297073270316,0.010815335827698776,0.000744593668442577,0.005646029348369503,0.004391044553248364,-0.0018895559057503768,0.005492069170726878,0.0020990276119356374,0.001262768150447972,0.007980698514701996,-0.003070154985622017,0.0007818558603169441,0.0011928852387805284,0.02157436101679737
2023-11-16,0.00042934923028619337,-0.0010988578034514583,-0.0028921998827714174,0.0037149614400673954,0.0018747849438504028,0.0030002396491293653,-0.019696128775427677,0.004027657881606684,0.0001906023973022108,0.004980058814465822,-0.012426033092653796,0.005326525524909888,0.004288942923959531,-0.010306386983636466,-0.034811018390034226
2023-11-17,0.0032144608294022697,-0.001956577584162647,0.006485528677351259,0.004685911110260407,0.001069879307402485,0.0018702895056802319,0.02075943104935483,0.005154467827160224,0.0063643142621804,-0.0020765867222318664,-0.0012944464262951002,0.002732862807732224,-0.002025309430123469,0.006663247260035176,0.027407720644196464
2023-11-20,0.015234683948604725,0.0078031500723123835,0.006526612584738431,0.014230507107679978,0.009841786291207584,0.0017426325935532064,0.0014161425893014744,0.003991030947909023,0.003025495868006418,0.014392573142136347,-0.0007195741635224369,-0.003054984579303854,0.0060634790870709694,0.005132294356213691,0.006146940739143049
2023-11-21,-0.00036882709984756794,-0.004869816353388055,-0.00020720062243428418,-0.014845866383748648,-0.0038895806267697465,0.0038478355472137665,-0.002242981658985824,-0.000569269823797408,-0.0007554975547445578,-0.008121226322690895,0.0030197462733564076,0.00209121177132888,0.006027057342735424,-0.0025627616633847545,-0.002832417178096963
2023-11-22,-0.00021080507258780458,0.0037761660953787753,0.005703036411920125,-0.002156648968231522,0.008379241594255522,0.0006191831753804342,-0.0004728844685010873,0.003977537519011699,0.002170556190866537,0.004447863661890526,0.007152976061323866,0.004809207381637852,0.00476479202293808,0.003038789808556958,-0.0004727160428220068
2023-11-24,0.0032627458449018803,0.0036409572826390023,0.003537557000284754,-0.002222980314309153,-0.0026383972304751674,0.004324074414216601,0.004129713698509618,0.0031137463956592308,0.002447970328769821,-0.001950346466792183,0.003699745031554899,0.002555607378568448,0.0053525929119995295,0.0009515622057419754,0.007225719150765487
2023-11-27,-0.00044673610011261843,0.003627455188714795,-0.010318729259669692,-0.000618345956277393,-0.004324820045261506,-0.0012335996098582537,-0.0035385696875410862,-0.0033975411543151588,-0.005658156236712115,-5.4174544000726525e-05,-0.0028447509341218507,0.001593911599055565,-0.006273030756349959,0.0016035259535141285,-0.00596532941284422
2023-11-28,0.005765247142310818,0.005896684215206584,0.001865334928700889,-0.005769437474908809,0.002385344978180983,0.001973029587301604,0.00023628156304942135,-0.00028365016984632503,-0.002367340529256949,0.0018962121874725479,0.004547470447486588,0.003180156395787154,-0.005154949661157495,0.005739712530774008,0.00940308524884054
2023-11-29,0.015916514520841484,0.007292979567364632,0.0034312214936061724,0.009165856737822666,-0.0068174866981711175,0.00516016779662885,-0.00747031236661556,0.00706722826758242,0.0037847903707725335,0.0007575799268765387,-0.00811456466057295,-0.007969467312443062,0.0003085335817324438,-0.0027177561346412756,0.006684701701311173
2023-11-30,0.00801735152149433,0.0075945157495172265,0.009201873227035109,-0.010722502267920887,-0.005970169070549245,0.009877624115588839,0.006642886792597456,0.011204584378350724,0.010895145783591121,0.0014591529543099228,0.009956065676562396,0.004311246778194403,0.01249119049386954,-0.001420997622112388,0.0009293865362016722
2023-12-01,0.013808400132209367,0.02313739900320025,0.027545911689141656,0.004042210797892238,0.005437045288577606,0.011341558279058701,0.005188691738128765,0.007492595405859089,0.015663807975352984,0.0022658300146181053,0.004095634039400099,0.012194395293508296,0.003952170449367455,0.013593789427856098,0.03722425100654514
2023-12-04,-0.01245713334516176,0.005988642676454194,0.009935424264703419,-0.014691938920927568,-0.00901838214492827,-0.011705589561369772,-0.004597547727160267,-0.0011062908543362443,0.0016539483897781608,-0.012252807291346804,0.0012677111636423468,-0.003942925760188554,0.001894781936539856,-0.0038065720747404094,0.01097587820641939
2023-12-05,-0.00015289114709856661,-0.006104321411726457,-0.013043096141639229,0.0,-0.0058472292114120855,-0.013811980049595383,-0.017642599032539803,-0.004994614270716488,-0.008112247512913949,0.005982462476472617,-0.007914153453658578,-0.007136603825727625,-0.0012879958857034905,0.001758581870295162,-0.027062979285945865
2023-12-06,-0.01034790572956722,-0.0043995275651581515,0.006483282478396101,-0.008094135878979834,-0.0035246633971610934,-0.0020945666384893677,-0.01502507607312037,-0.005019352899972809,0.004433011708313566,-0.008495102610558303,-0.002557215373520828,0.013280715954858354,0.0007577391933822223,0.0014632780068928057,0.0055921698516377735
2023-12-07,0.00526413286687635,0.003359316655053793,0.00876309142860281,0.0225999339592969,0.020077722943063942,0.0067606606055048216,-0.0068604715073068406,0.004741258076236681,0.0009209877219407756,0.012067559802669965,0.004258361310879812,-0.002201186368942073,-0.001212718795459446,0.008212129705218644,0.010792969384260718
2023-12-08,0.008263911185780024,-0.0020837675405097436,-0.0023214476095731584,0.008529484141828034,0.006456991514559967,0.003668280820036774,0.010759467789363127,0.005272709094452772,0.0031254209710888698,0.00850059273149805,-0.006964666883020052,-0.0018907343307597762,0.0016671470949258488,0.004571958899745955,0.0001490444493207379
2023-12-11,0.010159309778417076,0.0023150711304079897,0.00819909542592172,0.023719473099613624,-0.007078406639673342,0.007054344577667943,0.0012153943989706383,0.006070710669897794,0.009499479439453187,0.00869450751054247,0.009511145040919447,0.006445159149298475,0.006565899822566162,0.002652495597090435,0.01641209412304065
2023-12-12,0.001783607331851376,0.0006934025682938282,0.004055110868175596,0.010522610844124274,0.0021288017390234983,0.0058004018284650485,-0.013820446680745278,0.007126958445699029,0.004535277577847767,0.00661666467175718,0.003244175838321896,-0.004082283097317014,0.004278168879787882,0.0031048947844230677,-0.009725884020197792
2023-12-13,0.011553929792548333,0.036639857276161224,0.007288799883266354,0.011707076063312036,0.012503357468827707,0.012096965634598287,0.013820446680745386,0.01598758007213536,0.011069638143241594,0.008772375988280958,0.018003379136492418,0.03706413340850784,0.018258303828978573,0.013004271832657063,0.03234544933916907
2023-12-14,-0.013488425247090608,0.02724853101649606,0.020948055791715502,0.018289306961310668,0.007497325046832322,0.0164120772113186,0.02897003942135949,0.009896865479995888,0.012805737446949132,-0.0024612899218162797,-0.01476980856117114,-0.013124073306056487,-0.004865991594648296,0.013340658257668609,0.02380055922735047
2023-12-15,0.009660257944967006,-0.012542998017804093,0.0006808107918927192,0.004721619892391889,-0.005486715455535565,-0.0025797549418187992,-0.005323777324462443,-0.005872787153364944,-0.001326277775799682,0.005020525360155546,0.0,-0.0175102562679319,-0.008535227637634504,0.002066593039650771,-0.008153209081749274
2023-12-18,0.007617032501214833,-0.0015375813523439532,-0.00416715836518208,0.0017494985574065822,0.013789792312268357,0.0015477683870833956,0.00813452766913566,0.0033307836839753992,-4.439830320781688e-05,0.002986125918556299,0.010355691794103164,-0.0022589967102375425,0.001630769586707475,0.006185853313341608,0.0033410011445498757
2023-12-19,0.006209336519567434,0.006682972359182023,0.006734251358322559,0.003340549187104221,0.011580950488853744,0.009165616444867231,0.011926710684976064,0.0074806956381271526,0.007710311619474135,0.003797704967039638,0.0019579210868460543,0.0056773147526778,0.006704672710731896,0.007802846692728773,0.02014588796193253
2023-12-20,-0.0144243429600188,-0.013112499842944166,-0.02091211482086331,-0.028223447130582432,-0.008571884167633697,-0.015442013411532202,-0.009316358768355373,-0.017994156182041383,-0.016288045994088268,-0.015225818414749697,-0.019609909465643754,-0.020494817761048133,-0.014584430498284772,-0.01841442230543959,-0.019016151176220332
2023-12-21,0.013539665358940316,0.009438794236343053,0.01594064133123768,0.024421319791358663,0.012490544739579735,0.010517151609187873,0.00390221544804384,0.009708669893549134,0.010266631728752163,0.011167323336115987,0.006956877334530727,0.0017641919595263527,0.01213131011306919,0.015101632592274731,0.01957013006280987
2023-12-22,0.001842250564146408,0.00331001515673684,0.004362302414749845,0.00011552541851543165,0.0,0.006211029511106144,0.0029462245854481317,0.002144706015644563,0.004784655408452464,0.0013025456156850034,0.007611083134924629,0.003359201156014376,0.004974729482677762,-0.007383157489901013,-0.002772098334777333
2023-12-26,0.003185210334091912,0.0075723265413982985,0.003136626679391387,0.013698348831062098,0.003394911919202949,0.00466174891080826,0.008553471390808455,0.004009218074171477,0.007046659472366329,0.0041570058816026816,0.004203406434510567,0.006050030353962924,0.0022193023418280743,0.004225705867755133,0.009257118498586741
2023-12-27,-0.0007586732833281889,0.005233751131703042,3.7787673429198916e-05,0.001080950501893354,0.000592971108726503,0.0024387877858233348,-0.004443362442071781,0.0031955893857955994,0.001490954960103821,-5.185004326541321e-05,0.004603419591577974,-0.000635240227470913,0.004203386342902402,0.0034338223483170996,0.005623153214152499
2023-12-28,-0.00034279129399203764,0.005531091103602722,0.00045263255474682813,-0.00022741161657260572,0.0027061054541168295,-0.003835069093619636,-0.015352379346659579,0.0029204860623777877,0.00026294401009918736,0.0011919515213136037,0.0004174335273488543,0.007121973980602863,0.0025723108069592615,-0.005210909178417771,-0.00013674579118080375
2023-12-29,-0.006634105308925989,-0.011421068310132407,-0.010349017483725296,-0.0054178861659968155,-0.005844162784637351,-0.003967045353980874,-0.002263681120179203,-0.0031863604836431117,-0.0012273647745005276,-0.003060506664330222,0.0020847828704744793,-0.0012622756227137972,0.0010270512514068113,-0.006188524985452084,-0.010864497987851763
